ISO-10303-21;
HEADER;
/* Generated by software containing ST-Developer
 * from STEP Tools, Inc. (www.steptools.com) 
 */
/* OPTION: strings as raw bytes, not using required /X/ escapes */

FILE_DESCRIPTION(
/* description */ ('Unknown',
'CAx-IF Rec.Pracs.---Representation and Presentation of Product Manufa
cturing Information (PMI)---4.0---2014-10-13',
'CAx-IF Rec.Pracs.---3D Tessellated Geometry---0.4---2014-09-14','2;1'),

/* implementation_level */ '2;1');

FILE_NAME(
/* name */ 'AP7361C-33Y5-13',
/* time_stamp */ '2023-04-07T08:18:41+02:00',
/* author */ ('Unknown'),
/* organization */ ('Unknown'),
/* preprocessor_version */ 'ST-DEVELOPER v18.1',
/* originating_system */ 'Solid Edge',
/* authorisation */ 'Unknown');

FILE_SCHEMA (('AP242_MANAGED_MODEL_BASED_3D_ENGINEERING_MIM_LF { 1 0 10303 442 1 1 4 }'));
ENDSEC;

DATA;
#10=CONSTRUCTIVE_GEOMETRY_REPRESENTATION_RELATIONSHIP(
'supplemental geometry','',#1945,#11);
#11=CONSTRUCTIVE_GEOMETRY_REPRESENTATION('supplemental geometry',(#2042),
#2819);
#12=SHAPE_REPRESENTATION_RELATIONSHIP('','',#1945,#13);
#13=ADVANCED_BREP_SHAPE_REPRESENTATION('',(#1943),#2819);
#14=SPHERICAL_SURFACE('',#2021,0.1);
#15=SPHERICAL_SURFACE('',#2030,0.1);
#16=SPHERICAL_SURFACE('',#2033,0.1);
#17=SPHERICAL_SURFACE('',#2039,0.1);
#18=ELLIPSE('',#2001,0.100184252948124,0.100000000001923);
#19=ELLIPSE('',#2005,0.100184252948125,0.100000000001923);
#20=ELLIPSE('',#2010,0.100184252947178,0.100000000000978);
#21=ELLIPSE('',#2014,0.100184252948038,0.100000000001836);
#22=CYLINDRICAL_SURFACE('',#1999,0.1);
#23=CYLINDRICAL_SURFACE('',#2004,0.1);
#24=CYLINDRICAL_SURFACE('',#2007,0.100000000003845);
#25=CYLINDRICAL_SURFACE('',#2009,0.1);
#26=CYLINDRICAL_SURFACE('',#2013,0.1);
#27=CYLINDRICAL_SURFACE('',#2016,0.100000000003846);
#28=CYLINDRICAL_SURFACE('',#2018,0.1);
#29=CYLINDRICAL_SURFACE('',#2023,0.100000000001956);
#30=CYLINDRICAL_SURFACE('',#2027,0.100000000003673);
#31=CYLINDRICAL_SURFACE('',#2036,0.1);
#32=CYLINDRICAL_SURFACE('',#2037,0.1);
#33=CYLINDRICAL_SURFACE('',#2041,0.1);
#34=CIRCLE('',#1980,0.1);
#35=CIRCLE('',#1981,0.1);
#36=CIRCLE('',#2000,0.1);
#37=CIRCLE('',#2003,0.1);
#38=CIRCLE('',#2008,0.100000000003845);
#39=CIRCLE('',#2017,0.100000000003846);
#40=CIRCLE('',#2019,0.1);
#41=CIRCLE('',#2020,0.1);
#42=CIRCLE('',#2022,0.1);
#43=CIRCLE('',#2024,0.100000000001956);
#44=CIRCLE('',#2028,0.100000000003673);
#45=CIRCLE('',#2031,0.1);
#46=CIRCLE('',#2034,0.1);
#47=CIRCLE('',#2035,0.1);
#48=CIRCLE('',#2038,0.1);
#49=CIRCLE('',#2040,0.1);
#50=ORIENTED_EDGE('',*,*,#448,.F.);
#51=ORIENTED_EDGE('',*,*,#449,.T.);
#52=ORIENTED_EDGE('',*,*,#450,.T.);
#53=ORIENTED_EDGE('',*,*,#451,.T.);
#54=ORIENTED_EDGE('',*,*,#452,.F.);
#55=ORIENTED_EDGE('',*,*,#453,.F.);
#56=ORIENTED_EDGE('',*,*,#454,.F.);
#57=ORIENTED_EDGE('',*,*,#455,.T.);
#58=ORIENTED_EDGE('',*,*,#456,.T.);
#59=ORIENTED_EDGE('',*,*,#457,.T.);
#60=ORIENTED_EDGE('',*,*,#458,.T.);
#61=ORIENTED_EDGE('',*,*,#449,.F.);
#62=ORIENTED_EDGE('',*,*,#459,.F.);
#63=ORIENTED_EDGE('',*,*,#460,.T.);
#64=ORIENTED_EDGE('',*,*,#461,.T.);
#65=ORIENTED_EDGE('',*,*,#455,.F.);
#66=ORIENTED_EDGE('',*,*,#462,.F.);
#67=ORIENTED_EDGE('',*,*,#451,.F.);
#68=ORIENTED_EDGE('',*,*,#463,.T.);
#69=ORIENTED_EDGE('',*,*,#464,.T.);
#70=ORIENTED_EDGE('',*,*,#465,.T.);
#71=ORIENTED_EDGE('',*,*,#460,.F.);
#72=ORIENTED_EDGE('',*,*,#466,.F.);
#73=ORIENTED_EDGE('',*,*,#467,.F.);
#74=ORIENTED_EDGE('',*,*,#468,.T.);
#75=ORIENTED_EDGE('',*,*,#463,.F.);
#76=ORIENTED_EDGE('',*,*,#450,.F.);
#77=ORIENTED_EDGE('',*,*,#458,.F.);
#78=ORIENTED_EDGE('',*,*,#465,.F.);
#79=ORIENTED_EDGE('',*,*,#469,.T.);
#80=ORIENTED_EDGE('',*,*,#456,.F.);
#81=ORIENTED_EDGE('',*,*,#461,.F.);
#82=ORIENTED_EDGE('',*,*,#457,.F.);
#83=ORIENTED_EDGE('',*,*,#469,.F.);
#84=ORIENTED_EDGE('',*,*,#464,.F.);
#85=ORIENTED_EDGE('',*,*,#468,.F.);
#86=ORIENTED_EDGE('',*,*,#470,.T.);
#87=ORIENTED_EDGE('',*,*,#467,.T.);
#88=ORIENTED_EDGE('',*,*,#471,.T.);
#89=ORIENTED_EDGE('',*,*,#472,.T.);
#90=ORIENTED_EDGE('',*,*,#473,.F.);
#91=ORIENTED_EDGE('',*,*,#474,.T.);
#92=ORIENTED_EDGE('',*,*,#475,.T.);
#93=ORIENTED_EDGE('',*,*,#476,.T.);
#94=ORIENTED_EDGE('',*,*,#477,.F.);
#95=ORIENTED_EDGE('',*,*,#478,.T.);
#96=ORIENTED_EDGE('',*,*,#479,.T.);
#97=ORIENTED_EDGE('',*,*,#480,.T.);
#98=ORIENTED_EDGE('',*,*,#481,.T.);
#99=ORIENTED_EDGE('',*,*,#474,.F.);
#100=ORIENTED_EDGE('',*,*,#482,.F.);
#101=ORIENTED_EDGE('',*,*,#483,.F.);
#102=ORIENTED_EDGE('',*,*,#484,.F.);
#103=ORIENTED_EDGE('',*,*,#485,.T.);
#104=ORIENTED_EDGE('',*,*,#486,.T.);
#105=ORIENTED_EDGE('',*,*,#478,.F.);
#106=ORIENTED_EDGE('',*,*,#487,.F.);
#107=ORIENTED_EDGE('',*,*,#488,.F.);
#108=ORIENTED_EDGE('',*,*,#489,.F.);
#109=ORIENTED_EDGE('',*,*,#476,.F.);
#110=ORIENTED_EDGE('',*,*,#490,.T.);
#111=ORIENTED_EDGE('',*,*,#491,.T.);
#112=ORIENTED_EDGE('',*,*,#492,.T.);
#113=ORIENTED_EDGE('',*,*,#485,.F.);
#114=ORIENTED_EDGE('',*,*,#493,.T.);
#115=ORIENTED_EDGE('',*,*,#490,.F.);
#116=ORIENTED_EDGE('',*,*,#475,.F.);
#117=ORIENTED_EDGE('',*,*,#481,.F.);
#118=ORIENTED_EDGE('',*,*,#492,.F.);
#119=ORIENTED_EDGE('',*,*,#494,.T.);
#120=ORIENTED_EDGE('',*,*,#479,.F.);
#121=ORIENTED_EDGE('',*,*,#486,.F.);
#122=ORIENTED_EDGE('',*,*,#480,.F.);
#123=ORIENTED_EDGE('',*,*,#494,.F.);
#124=ORIENTED_EDGE('',*,*,#491,.F.);
#125=ORIENTED_EDGE('',*,*,#493,.F.);
#126=ORIENTED_EDGE('',*,*,#495,.T.);
#127=ORIENTED_EDGE('',*,*,#488,.T.);
#128=ORIENTED_EDGE('',*,*,#496,.T.);
#129=ORIENTED_EDGE('',*,*,#497,.T.);
#130=ORIENTED_EDGE('',*,*,#498,.F.);
#131=ORIENTED_EDGE('',*,*,#499,.F.);
#132=ORIENTED_EDGE('',*,*,#500,.T.);
#133=ORIENTED_EDGE('',*,*,#501,.T.);
#134=ORIENTED_EDGE('',*,*,#502,.F.);
#135=ORIENTED_EDGE('',*,*,#503,.F.);
#136=ORIENTED_EDGE('',*,*,#504,.F.);
#137=ORIENTED_EDGE('',*,*,#505,.T.);
#138=ORIENTED_EDGE('',*,*,#506,.T.);
#139=ORIENTED_EDGE('',*,*,#507,.T.);
#140=ORIENTED_EDGE('',*,*,#508,.T.);
#141=ORIENTED_EDGE('',*,*,#499,.T.);
#142=ORIENTED_EDGE('',*,*,#509,.T.);
#143=ORIENTED_EDGE('',*,*,#510,.T.);
#144=ORIENTED_EDGE('',*,*,#506,.F.);
#145=ORIENTED_EDGE('',*,*,#511,.T.);
#146=ORIENTED_EDGE('',*,*,#512,.T.);
#147=ORIENTED_EDGE('',*,*,#513,.T.);
#148=ORIENTED_EDGE('',*,*,#514,.T.);
#149=ORIENTED_EDGE('',*,*,#515,.T.);
#150=ORIENTED_EDGE('',*,*,#516,.T.);
#151=ORIENTED_EDGE('',*,*,#517,.T.);
#152=ORIENTED_EDGE('',*,*,#518,.F.);
#153=ORIENTED_EDGE('',*,*,#519,.T.);
#154=ORIENTED_EDGE('',*,*,#511,.F.);
#155=ORIENTED_EDGE('',*,*,#505,.F.);
#156=ORIENTED_EDGE('',*,*,#520,.F.);
#157=ORIENTED_EDGE('',*,*,#521,.T.);
#158=ORIENTED_EDGE('',*,*,#522,.T.);
#159=ORIENTED_EDGE('',*,*,#523,.T.);
#160=ORIENTED_EDGE('',*,*,#524,.T.);
#161=ORIENTED_EDGE('',*,*,#525,.T.);
#162=ORIENTED_EDGE('',*,*,#526,.T.);
#163=ORIENTED_EDGE('',*,*,#500,.F.);
#164=ORIENTED_EDGE('',*,*,#508,.F.);
#165=ORIENTED_EDGE('',*,*,#527,.T.);
#166=ORIENTED_EDGE('',*,*,#507,.F.);
#167=ORIENTED_EDGE('',*,*,#510,.F.);
#168=ORIENTED_EDGE('',*,*,#528,.T.);
#169=ORIENTED_EDGE('',*,*,#527,.F.);
#170=ORIENTED_EDGE('',*,*,#529,.F.);
#171=ORIENTED_EDGE('',*,*,#501,.F.);
#172=ORIENTED_EDGE('',*,*,#526,.F.);
#173=ORIENTED_EDGE('',*,*,#528,.F.);
#174=ORIENTED_EDGE('',*,*,#509,.F.);
#175=ORIENTED_EDGE('',*,*,#530,.T.);
#176=ORIENTED_EDGE('',*,*,#531,.F.);
#177=ORIENTED_EDGE('',*,*,#532,.F.);
#178=ORIENTED_EDGE('',*,*,#533,.F.);
#179=ORIENTED_EDGE('',*,*,#530,.F.);
#180=ORIENTED_EDGE('',*,*,#517,.F.);
#181=ORIENTED_EDGE('',*,*,#534,.T.);
#182=ORIENTED_EDGE('',*,*,#535,.F.);
#183=ORIENTED_EDGE('',*,*,#536,.F.);
#184=ORIENTED_EDGE('',*,*,#537,.F.);
#185=ORIENTED_EDGE('',*,*,#534,.F.);
#186=ORIENTED_EDGE('',*,*,#516,.F.);
#187=ORIENTED_EDGE('',*,*,#538,.T.);
#188=ORIENTED_EDGE('',*,*,#521,.F.);
#189=ORIENTED_EDGE('',*,*,#522,.F.);
#190=ORIENTED_EDGE('',*,*,#538,.F.);
#191=ORIENTED_EDGE('',*,*,#515,.F.);
#192=ORIENTED_EDGE('',*,*,#539,.T.);
#193=ORIENTED_EDGE('',*,*,#523,.F.);
#194=ORIENTED_EDGE('',*,*,#539,.F.);
#195=ORIENTED_EDGE('',*,*,#514,.F.);
#196=ORIENTED_EDGE('',*,*,#540,.T.);
#197=ORIENTED_EDGE('',*,*,#524,.F.);
#198=ORIENTED_EDGE('',*,*,#540,.F.);
#199=ORIENTED_EDGE('',*,*,#513,.F.);
#200=ORIENTED_EDGE('',*,*,#541,.T.);
#201=ORIENTED_EDGE('',*,*,#542,.F.);
#202=ORIENTED_EDGE('',*,*,#525,.F.);
#203=ORIENTED_EDGE('',*,*,#541,.F.);
#204=ORIENTED_EDGE('',*,*,#512,.F.);
#205=ORIENTED_EDGE('',*,*,#519,.F.);
#206=ORIENTED_EDGE('',*,*,#543,.F.);
#207=ORIENTED_EDGE('',*,*,#497,.F.);
#208=ORIENTED_EDGE('',*,*,#544,.T.);
#209=ORIENTED_EDGE('',*,*,#483,.T.);
#210=ORIENTED_EDGE('',*,*,#545,.T.);
#211=ORIENTED_EDGE('',*,*,#546,.T.);
#212=ORIENTED_EDGE('',*,*,#547,.T.);
#213=ORIENTED_EDGE('',*,*,#532,.T.);
#214=ORIENTED_EDGE('',*,*,#548,.F.);
#215=ORIENTED_EDGE('',*,*,#549,.T.);
#216=ORIENTED_EDGE('',*,*,#448,.T.);
#217=ORIENTED_EDGE('',*,*,#462,.T.);
#218=ORIENTED_EDGE('',*,*,#470,.F.);
#219=ORIENTED_EDGE('',*,*,#550,.T.);
#220=ORIENTED_EDGE('',*,*,#551,.T.);
#221=ORIENTED_EDGE('',*,*,#552,.T.);
#222=ORIENTED_EDGE('',*,*,#553,.T.);
#223=ORIENTED_EDGE('',*,*,#554,.T.);
#224=ORIENTED_EDGE('',*,*,#555,.T.);
#225=ORIENTED_EDGE('',*,*,#556,.T.);
#226=ORIENTED_EDGE('',*,*,#548,.T.);
#227=ORIENTED_EDGE('',*,*,#531,.T.);
#228=ORIENTED_EDGE('',*,*,#533,.T.);
#229=ORIENTED_EDGE('',*,*,#537,.T.);
#230=ORIENTED_EDGE('',*,*,#557,.F.);
#231=ORIENTED_EDGE('',*,*,#452,.T.);
#232=ORIENTED_EDGE('',*,*,#555,.F.);
#233=ORIENTED_EDGE('',*,*,#558,.T.);
#234=ORIENTED_EDGE('',*,*,#559,.T.);
#235=ORIENTED_EDGE('',*,*,#560,.T.);
#236=ORIENTED_EDGE('',*,*,#561,.F.);
#237=ORIENTED_EDGE('',*,*,#562,.T.);
#238=ORIENTED_EDGE('',*,*,#563,.T.);
#239=ORIENTED_EDGE('',*,*,#564,.T.);
#240=ORIENTED_EDGE('',*,*,#565,.T.);
#241=ORIENTED_EDGE('',*,*,#558,.F.);
#242=ORIENTED_EDGE('',*,*,#554,.F.);
#243=ORIENTED_EDGE('',*,*,#566,.F.);
#244=ORIENTED_EDGE('',*,*,#567,.F.);
#245=ORIENTED_EDGE('',*,*,#568,.T.);
#246=ORIENTED_EDGE('',*,*,#569,.T.);
#247=ORIENTED_EDGE('',*,*,#562,.F.);
#248=ORIENTED_EDGE('',*,*,#570,.F.);
#249=ORIENTED_EDGE('',*,*,#549,.F.);
#250=ORIENTED_EDGE('',*,*,#556,.F.);
#251=ORIENTED_EDGE('',*,*,#560,.F.);
#252=ORIENTED_EDGE('',*,*,#571,.T.);
#253=ORIENTED_EDGE('',*,*,#572,.T.);
#254=ORIENTED_EDGE('',*,*,#573,.T.);
#255=ORIENTED_EDGE('',*,*,#568,.F.);
#256=ORIENTED_EDGE('',*,*,#574,.T.);
#257=ORIENTED_EDGE('',*,*,#571,.F.);
#258=ORIENTED_EDGE('',*,*,#559,.F.);
#259=ORIENTED_EDGE('',*,*,#565,.F.);
#260=ORIENTED_EDGE('',*,*,#572,.F.);
#261=ORIENTED_EDGE('',*,*,#574,.F.);
#262=ORIENTED_EDGE('',*,*,#564,.F.);
#263=ORIENTED_EDGE('',*,*,#575,.T.);
#264=ORIENTED_EDGE('',*,*,#563,.F.);
#265=ORIENTED_EDGE('',*,*,#569,.F.);
#266=ORIENTED_EDGE('',*,*,#573,.F.);
#267=ORIENTED_EDGE('',*,*,#575,.F.);
#268=ORIENTED_EDGE('',*,*,#576,.F.);
#269=ORIENTED_EDGE('',*,*,#503,.T.);
#270=ORIENTED_EDGE('',*,*,#577,.T.);
#271=ORIENTED_EDGE('',*,*,#578,.T.);
#272=ORIENTED_EDGE('',*,*,#579,.F.);
#273=ORIENTED_EDGE('',*,*,#580,.T.);
#274=ORIENTED_EDGE('',*,*,#581,.T.);
#275=ORIENTED_EDGE('',*,*,#582,.T.);
#276=ORIENTED_EDGE('',*,*,#583,.F.);
#277=ORIENTED_EDGE('',*,*,#584,.T.);
#278=ORIENTED_EDGE('',*,*,#585,.T.);
#279=ORIENTED_EDGE('',*,*,#586,.T.);
#280=ORIENTED_EDGE('',*,*,#587,.T.);
#281=ORIENTED_EDGE('',*,*,#580,.F.);
#282=ORIENTED_EDGE('',*,*,#588,.F.);
#283=ORIENTED_EDGE('',*,*,#578,.F.);
#284=ORIENTED_EDGE('',*,*,#589,.F.);
#285=ORIENTED_EDGE('',*,*,#590,.T.);
#286=ORIENTED_EDGE('',*,*,#591,.T.);
#287=ORIENTED_EDGE('',*,*,#584,.F.);
#288=ORIENTED_EDGE('',*,*,#592,.F.);
#289=ORIENTED_EDGE('',*,*,#593,.F.);
#290=ORIENTED_EDGE('',*,*,#594,.F.);
#291=ORIENTED_EDGE('',*,*,#582,.F.);
#292=ORIENTED_EDGE('',*,*,#595,.T.);
#293=ORIENTED_EDGE('',*,*,#596,.T.);
#294=ORIENTED_EDGE('',*,*,#597,.T.);
#295=ORIENTED_EDGE('',*,*,#590,.F.);
#296=ORIENTED_EDGE('',*,*,#598,.T.);
#297=ORIENTED_EDGE('',*,*,#595,.F.);
#298=ORIENTED_EDGE('',*,*,#581,.F.);
#299=ORIENTED_EDGE('',*,*,#587,.F.);
#300=ORIENTED_EDGE('',*,*,#596,.F.);
#301=ORIENTED_EDGE('',*,*,#598,.F.);
#302=ORIENTED_EDGE('',*,*,#586,.F.);
#303=ORIENTED_EDGE('',*,*,#599,.T.);
#304=ORIENTED_EDGE('',*,*,#585,.F.);
#305=ORIENTED_EDGE('',*,*,#591,.F.);
#306=ORIENTED_EDGE('',*,*,#597,.F.);
#307=ORIENTED_EDGE('',*,*,#599,.F.);
#308=ORIENTED_EDGE('',*,*,#600,.F.);
#309=ORIENTED_EDGE('',*,*,#593,.T.);
#310=ORIENTED_EDGE('',*,*,#601,.T.);
#311=ORIENTED_EDGE('',*,*,#602,.F.);
#312=ORIENTED_EDGE('',*,*,#603,.T.);
#313=ORIENTED_EDGE('',*,*,#453,.T.);
#314=ORIENTED_EDGE('',*,*,#557,.T.);
#315=ORIENTED_EDGE('',*,*,#536,.T.);
#316=ORIENTED_EDGE('',*,*,#546,.F.);
#317=ORIENTED_EDGE('',*,*,#604,.T.);
#318=ORIENTED_EDGE('',*,*,#605,.F.);
#319=ORIENTED_EDGE('',*,*,#606,.T.);
#320=ORIENTED_EDGE('',*,*,#473,.T.);
#321=ORIENTED_EDGE('',*,*,#489,.T.);
#322=ORIENTED_EDGE('',*,*,#495,.F.);
#323=ORIENTED_EDGE('',*,*,#543,.T.);
#324=ORIENTED_EDGE('',*,*,#518,.T.);
#325=ORIENTED_EDGE('',*,*,#504,.T.);
#326=ORIENTED_EDGE('',*,*,#576,.T.);
#327=ORIENTED_EDGE('',*,*,#588,.T.);
#328=ORIENTED_EDGE('',*,*,#579,.T.);
#329=ORIENTED_EDGE('',*,*,#594,.T.);
#330=ORIENTED_EDGE('',*,*,#600,.T.);
#331=ORIENTED_EDGE('',*,*,#607,.T.);
#332=ORIENTED_EDGE('',*,*,#608,.T.);
#333=ORIENTED_EDGE('',*,*,#604,.F.);
#334=ORIENTED_EDGE('',*,*,#545,.F.);
#335=ORIENTED_EDGE('',*,*,#482,.T.);
#336=ORIENTED_EDGE('',*,*,#609,.T.);
#337=ORIENTED_EDGE('',*,*,#550,.F.);
#338=ORIENTED_EDGE('',*,*,#472,.F.);
#339=ORIENTED_EDGE('',*,*,#610,.T.);
#340=ORIENTED_EDGE('',*,*,#471,.F.);
#341=ORIENTED_EDGE('',*,*,#466,.T.);
#342=ORIENTED_EDGE('',*,*,#459,.T.);
#343=ORIENTED_EDGE('',*,*,#454,.T.);
#344=ORIENTED_EDGE('',*,*,#603,.F.);
#345=ORIENTED_EDGE('',*,*,#535,.T.);
#346=ORIENTED_EDGE('',*,*,#520,.T.);
#347=ORIENTED_EDGE('',*,*,#542,.T.);
#348=ORIENTED_EDGE('',*,*,#496,.F.);
#349=ORIENTED_EDGE('',*,*,#487,.T.);
#350=ORIENTED_EDGE('',*,*,#484,.T.);
#351=ORIENTED_EDGE('',*,*,#477,.T.);
#352=ORIENTED_EDGE('',*,*,#544,.F.);
#353=ORIENTED_EDGE('',*,*,#611,.T.);
#354=ORIENTED_EDGE('',*,*,#612,.T.);
#355=ORIENTED_EDGE('',*,*,#613,.T.);
#356=ORIENTED_EDGE('',*,*,#614,.T.);
#357=ORIENTED_EDGE('',*,*,#611,.F.);
#358=ORIENTED_EDGE('',*,*,#606,.F.);
#359=ORIENTED_EDGE('',*,*,#615,.F.);
#360=ORIENTED_EDGE('',*,*,#616,.T.);
#361=ORIENTED_EDGE('',*,*,#552,.F.);
#362=ORIENTED_EDGE('',*,*,#617,.T.);
#363=ORIENTED_EDGE('',*,*,#618,.T.);
#364=ORIENTED_EDGE('',*,*,#551,.F.);
#365=ORIENTED_EDGE('',*,*,#609,.F.);
#366=ORIENTED_EDGE('',*,*,#619,.T.);
#367=ORIENTED_EDGE('',*,*,#617,.F.);
#368=ORIENTED_EDGE('',*,*,#620,.T.);
#369=ORIENTED_EDGE('',*,*,#605,.T.);
#370=ORIENTED_EDGE('',*,*,#608,.F.);
#371=ORIENTED_EDGE('',*,*,#621,.T.);
#372=ORIENTED_EDGE('',*,*,#602,.T.);
#373=ORIENTED_EDGE('',*,*,#622,.T.);
#374=ORIENTED_EDGE('',*,*,#621,.F.);
#375=ORIENTED_EDGE('',*,*,#607,.F.);
#376=ORIENTED_EDGE('',*,*,#623,.T.);
#377=ORIENTED_EDGE('',*,*,#566,.T.);
#378=ORIENTED_EDGE('',*,*,#553,.F.);
#379=ORIENTED_EDGE('',*,*,#616,.F.);
#380=ORIENTED_EDGE('',*,*,#624,.T.);
#381=ORIENTED_EDGE('',*,*,#625,.T.);
#382=ORIENTED_EDGE('',*,*,#610,.F.);
#383=ORIENTED_EDGE('',*,*,#613,.F.);
#384=ORIENTED_EDGE('',*,*,#626,.T.);
#385=ORIENTED_EDGE('',*,*,#627,.T.);
#386=ORIENTED_EDGE('',*,*,#628,.T.);
#387=ORIENTED_EDGE('',*,*,#612,.F.);
#388=ORIENTED_EDGE('',*,*,#614,.F.);
#389=ORIENTED_EDGE('',*,*,#629,.F.);
#390=ORIENTED_EDGE('',*,*,#626,.F.);
#391=ORIENTED_EDGE('',*,*,#630,.T.);
#392=ORIENTED_EDGE('',*,*,#631,.T.);
#393=ORIENTED_EDGE('',*,*,#618,.F.);
#394=ORIENTED_EDGE('',*,*,#632,.T.);
#395=ORIENTED_EDGE('',*,*,#619,.F.);
#396=ORIENTED_EDGE('',*,*,#625,.F.);
#397=ORIENTED_EDGE('',*,*,#633,.T.);
#398=ORIENTED_EDGE('',*,*,#632,.F.);
#399=ORIENTED_EDGE('',*,*,#615,.T.);
#400=ORIENTED_EDGE('',*,*,#620,.F.);
#401=ORIENTED_EDGE('',*,*,#634,.T.);
#402=ORIENTED_EDGE('',*,*,#635,.T.);
#403=ORIENTED_EDGE('',*,*,#622,.F.);
#404=ORIENTED_EDGE('',*,*,#636,.T.);
#405=ORIENTED_EDGE('',*,*,#637,.T.);
#406=ORIENTED_EDGE('',*,*,#634,.F.);
#407=ORIENTED_EDGE('',*,*,#498,.T.);
#408=ORIENTED_EDGE('',*,*,#529,.T.);
#409=ORIENTED_EDGE('',*,*,#547,.F.);
#410=ORIENTED_EDGE('',*,*,#570,.T.);
#411=ORIENTED_EDGE('',*,*,#567,.T.);
#412=ORIENTED_EDGE('',*,*,#561,.T.);
#413=ORIENTED_EDGE('',*,*,#623,.F.);
#414=ORIENTED_EDGE('',*,*,#631,.F.);
#415=ORIENTED_EDGE('',*,*,#638,.T.);
#416=ORIENTED_EDGE('',*,*,#636,.F.);
#417=ORIENTED_EDGE('',*,*,#601,.F.);
#418=ORIENTED_EDGE('',*,*,#592,.T.);
#419=ORIENTED_EDGE('',*,*,#589,.T.);
#420=ORIENTED_EDGE('',*,*,#583,.T.);
#421=ORIENTED_EDGE('',*,*,#577,.F.);
#422=ORIENTED_EDGE('',*,*,#502,.T.);
#423=ORIENTED_EDGE('',*,*,#624,.F.);
#424=ORIENTED_EDGE('',*,*,#628,.F.);
#425=ORIENTED_EDGE('',*,*,#639,.T.);
#426=ORIENTED_EDGE('',*,*,#640,.T.);
#427=ORIENTED_EDGE('',*,*,#641,.T.);
#428=ORIENTED_EDGE('',*,*,#642,.T.);
#429=ORIENTED_EDGE('',*,*,#627,.F.);
#430=ORIENTED_EDGE('',*,*,#643,.T.);
#431=ORIENTED_EDGE('',*,*,#644,.T.);
#432=ORIENTED_EDGE('',*,*,#630,.F.);
#433=ORIENTED_EDGE('',*,*,#643,.F.);
#434=ORIENTED_EDGE('',*,*,#633,.F.);
#435=ORIENTED_EDGE('',*,*,#639,.F.);
#436=ORIENTED_EDGE('',*,*,#642,.F.);
#437=ORIENTED_EDGE('',*,*,#645,.T.);
#438=ORIENTED_EDGE('',*,*,#640,.F.);
#439=ORIENTED_EDGE('',*,*,#629,.T.);
#440=ORIENTED_EDGE('',*,*,#635,.F.);
#441=ORIENTED_EDGE('',*,*,#645,.F.);
#442=ORIENTED_EDGE('',*,*,#637,.F.);
#443=ORIENTED_EDGE('',*,*,#646,.T.);
#444=ORIENTED_EDGE('',*,*,#646,.F.);
#445=ORIENTED_EDGE('',*,*,#638,.F.);
#446=ORIENTED_EDGE('',*,*,#644,.F.);
#447=ORIENTED_EDGE('',*,*,#641,.F.);
#448=EDGE_CURVE('',#647,#648,#773,.T.);
#449=EDGE_CURVE('',#647,#649,#774,.T.);
#450=EDGE_CURVE('',#649,#650,#775,.F.);
#451=EDGE_CURVE('',#650,#648,#776,.F.);
#452=EDGE_CURVE('',#651,#647,#777,.T.);
#453=EDGE_CURVE('',#652,#651,#778,.T.);
#454=EDGE_CURVE('',#653,#652,#779,.T.);
#455=EDGE_CURVE('',#653,#654,#780,.F.);
#456=EDGE_CURVE('',#654,#655,#781,.T.);
#457=EDGE_CURVE('',#655,#656,#782,.F.);
#458=EDGE_CURVE('',#656,#649,#783,.T.);
#459=EDGE_CURVE('',#657,#653,#784,.T.);
#460=EDGE_CURVE('',#657,#658,#785,.F.);
#461=EDGE_CURVE('',#658,#654,#786,.T.);
#462=EDGE_CURVE('',#648,#659,#787,.T.);
#463=EDGE_CURVE('',#650,#660,#788,.F.);
#464=EDGE_CURVE('',#660,#661,#789,.F.);
#465=EDGE_CURVE('',#661,#658,#790,.T.);
#466=EDGE_CURVE('',#662,#657,#791,.T.);
#467=EDGE_CURVE('',#659,#662,#792,.T.);
#468=EDGE_CURVE('',#656,#660,#793,.F.);
#469=EDGE_CURVE('',#661,#655,#794,.T.);
#470=EDGE_CURVE('',#663,#659,#795,.T.);
#471=EDGE_CURVE('',#662,#664,#796,.F.);
#472=EDGE_CURVE('',#664,#663,#797,.F.);
#473=EDGE_CURVE('',#665,#666,#798,.T.);
#474=EDGE_CURVE('',#665,#667,#799,.T.);
#475=EDGE_CURVE('',#667,#668,#800,.F.);
#476=EDGE_CURVE('',#668,#666,#801,.F.);
#477=EDGE_CURVE('',#669,#670,#802,.T.);
#478=EDGE_CURVE('',#669,#671,#803,.F.);
#479=EDGE_CURVE('',#671,#672,#804,.T.);
#480=EDGE_CURVE('',#672,#673,#805,.F.);
#481=EDGE_CURVE('',#673,#667,#806,.T.);
#482=EDGE_CURVE('',#674,#665,#807,.T.);
#483=EDGE_CURVE('',#670,#674,#808,.T.);
#484=EDGE_CURVE('',#675,#669,#809,.T.);
#485=EDGE_CURVE('',#675,#676,#810,.F.);
#486=EDGE_CURVE('',#676,#671,#811,.T.);
#487=EDGE_CURVE('',#677,#675,#812,.T.);
#488=EDGE_CURVE('',#678,#677,#813,.T.);
#489=EDGE_CURVE('',#666,#678,#814,.T.);
#490=EDGE_CURVE('',#668,#679,#815,.F.);
#491=EDGE_CURVE('',#679,#680,#816,.F.);
#492=EDGE_CURVE('',#680,#676,#817,.T.);
#493=EDGE_CURVE('',#673,#679,#818,.F.);
#494=EDGE_CURVE('',#680,#672,#819,.T.);
#495=EDGE_CURVE('',#681,#678,#820,.T.);
#496=EDGE_CURVE('',#677,#682,#821,.F.);
#497=EDGE_CURVE('',#682,#681,#822,.T.);
#498=EDGE_CURVE('',#683,#684,#823,.T.);
#499=EDGE_CURVE('',#685,#683,#824,.F.);
#500=EDGE_CURVE('',#685,#686,#825,.T.);
#501=EDGE_CURVE('',#686,#684,#826,.T.);
#502=EDGE_CURVE('',#687,#683,#827,.T.);
#503=EDGE_CURVE('',#688,#687,#828,.T.);
#504=EDGE_CURVE('',#689,#688,#829,.T.);
#505=EDGE_CURVE('',#689,#690,#830,.F.);
#506=EDGE_CURVE('',#690,#691,#831,.T.);
#507=EDGE_CURVE('',#691,#692,#832,.T.);
#508=EDGE_CURVE('',#692,#685,#833,.T.);
#509=EDGE_CURVE('',#693,#694,#834,.F.);
#510=EDGE_CURVE('',#694,#691,#835,.T.);
#511=EDGE_CURVE('',#690,#695,#836,.T.);
#512=EDGE_CURVE('',#695,#696,#837,.T.);
#513=EDGE_CURVE('',#696,#697,#838,.T.);
#514=EDGE_CURVE('',#697,#698,#839,.F.);
#515=EDGE_CURVE('',#698,#699,#840,.T.);
#516=EDGE_CURVE('',#699,#700,#841,.F.);
#517=EDGE_CURVE('',#700,#693,#842,.T.);
#518=EDGE_CURVE('',#701,#689,#843,.T.);
#519=EDGE_CURVE('',#701,#695,#844,.T.);
#520=EDGE_CURVE('',#702,#703,#845,.T.);
#521=EDGE_CURVE('',#702,#704,#846,.T.);
#522=EDGE_CURVE('',#704,#705,#847,.T.);
#523=EDGE_CURVE('',#705,#706,#848,.F.);
#524=EDGE_CURVE('',#706,#707,#849,.T.);
#525=EDGE_CURVE('',#707,#703,#850,.F.);
#526=EDGE_CURVE('',#708,#686,#851,.F.);
#527=EDGE_CURVE('',#692,#708,#852,.F.);
#528=EDGE_CURVE('',#694,#708,#853,.F.);
#529=EDGE_CURVE('',#684,#709,#854,.T.);
#530=EDGE_CURVE('',#693,#710,#855,.F.);
#531=EDGE_CURVE('',#711,#710,#856,.T.);
#532=EDGE_CURVE('',#709,#711,#857,.T.);
#533=EDGE_CURVE('',#710,#712,#858,.T.);
#534=EDGE_CURVE('',#700,#712,#859,.F.);
#535=EDGE_CURVE('',#713,#702,#860,.T.);
#536=EDGE_CURVE('',#714,#713,#861,.T.);
#537=EDGE_CURVE('',#712,#714,#862,.T.);
#538=EDGE_CURVE('',#699,#704,#863,.F.);
#539=EDGE_CURVE('',#698,#705,#864,.T.);
#540=EDGE_CURVE('',#697,#706,#865,.F.);
#541=EDGE_CURVE('',#696,#707,#866,.T.);
#542=EDGE_CURVE('',#703,#682,#867,.T.);
#543=EDGE_CURVE('',#681,#701,#868,.T.);
#544=EDGE_CURVE('',#715,#670,#869,.F.);
#545=EDGE_CURVE('',#674,#716,#870,.T.);
#546=EDGE_CURVE('',#716,#715,#871,.T.);
#547=EDGE_CURVE('',#717,#709,#872,.T.);
#548=EDGE_CURVE('',#718,#711,#873,.T.);
#549=EDGE_CURVE('',#718,#717,#874,.T.);
#550=EDGE_CURVE('',#663,#719,#34,.T.);
#551=EDGE_CURVE('',#719,#720,#875,.F.);
#552=EDGE_CURVE('',#720,#721,#35,.F.);
#553=EDGE_CURVE('',#721,#722,#876,.T.);
#554=EDGE_CURVE('',#722,#723,#877,.T.);
#555=EDGE_CURVE('',#723,#724,#878,.T.);
#556=EDGE_CURVE('',#724,#718,#879,.T.);
#557=EDGE_CURVE('',#651,#714,#880,.T.);
#558=EDGE_CURVE('',#723,#725,#881,.F.);
#559=EDGE_CURVE('',#725,#726,#882,.T.);
#560=EDGE_CURVE('',#726,#724,#883,.T.);
#561=EDGE_CURVE('',#727,#728,#884,.T.);
#562=EDGE_CURVE('',#727,#729,#885,.T.);
#563=EDGE_CURVE('',#729,#730,#886,.T.);
#564=EDGE_CURVE('',#730,#731,#887,.T.);
#565=EDGE_CURVE('',#731,#725,#888,.F.);
#566=EDGE_CURVE('',#728,#722,#889,.T.);
#567=EDGE_CURVE('',#732,#727,#890,.T.);
#568=EDGE_CURVE('',#732,#733,#891,.T.);
#569=EDGE_CURVE('',#733,#729,#892,.F.);
#570=EDGE_CURVE('',#717,#732,#893,.T.);
#571=EDGE_CURVE('',#726,#734,#894,.T.);
#572=EDGE_CURVE('',#734,#735,#895,.T.);
#573=EDGE_CURVE('',#735,#733,#896,.T.);
#574=EDGE_CURVE('',#731,#734,#897,.T.);
#575=EDGE_CURVE('',#730,#735,#898,.F.);
#576=EDGE_CURVE('',#688,#736,#899,.T.);
#577=EDGE_CURVE('',#687,#737,#900,.T.);
#578=EDGE_CURVE('',#737,#736,#901,.T.);
#579=EDGE_CURVE('',#738,#739,#902,.T.);
#580=EDGE_CURVE('',#738,#740,#903,.F.);
#581=EDGE_CURVE('',#740,#741,#904,.T.);
#582=EDGE_CURVE('',#741,#739,#905,.T.);
#583=EDGE_CURVE('',#742,#737,#906,.T.);
#584=EDGE_CURVE('',#742,#743,#907,.T.);
#585=EDGE_CURVE('',#743,#744,#908,.T.);
#586=EDGE_CURVE('',#744,#745,#909,.T.);
#587=EDGE_CURVE('',#745,#740,#910,.F.);
#588=EDGE_CURVE('',#736,#738,#911,.T.);
#589=EDGE_CURVE('',#746,#742,#912,.T.);
#590=EDGE_CURVE('',#746,#747,#913,.T.);
#591=EDGE_CURVE('',#747,#743,#914,.F.);
#592=EDGE_CURVE('',#748,#746,#915,.T.);
#593=EDGE_CURVE('',#749,#748,#916,.T.);
#594=EDGE_CURVE('',#739,#749,#917,.T.);
#595=EDGE_CURVE('',#741,#750,#918,.T.);
#596=EDGE_CURVE('',#750,#751,#919,.T.);
#597=EDGE_CURVE('',#751,#747,#920,.T.);
#598=EDGE_CURVE('',#745,#750,#921,.T.);
#599=EDGE_CURVE('',#744,#751,#922,.F.);
#600=EDGE_CURVE('',#749,#752,#923,.T.);
#601=EDGE_CURVE('',#748,#753,#924,.T.);
#602=EDGE_CURVE('',#752,#753,#925,.F.);
#603=EDGE_CURVE('',#713,#652,#926,.F.);
#604=EDGE_CURVE('',#716,#754,#36,.T.);
#605=EDGE_CURVE('',#755,#754,#927,.T.);
#606=EDGE_CURVE('',#755,#715,#18,.F.);
#607=EDGE_CURVE('',#752,#756,#37,.T.);
#608=EDGE_CURVE('',#756,#754,#928,.T.);
#609=EDGE_CURVE('',#757,#719,#929,.T.);
#610=EDGE_CURVE('',#664,#757,#19,.T.);
#611=EDGE_CURVE('',#715,#758,#930,.T.);
#612=EDGE_CURVE('',#758,#759,#931,.F.);
#613=EDGE_CURVE('',#759,#664,#932,.T.);
#614=EDGE_CURVE('',#760,#758,#38,.T.);
#615=EDGE_CURVE('',#760,#755,#933,.T.);
#616=EDGE_CURVE('',#761,#721,#934,.F.);
#617=EDGE_CURVE('',#720,#762,#935,.T.);
#618=EDGE_CURVE('',#762,#761,#20,.F.);
#619=EDGE_CURVE('',#757,#762,#936,.F.);
#620=EDGE_CURVE('',#763,#755,#937,.F.);
#621=EDGE_CURVE('',#756,#763,#938,.F.);
#622=EDGE_CURVE('',#753,#763,#21,.T.);
#623=EDGE_CURVE('',#761,#728,#939,.T.);
#624=EDGE_CURVE('',#759,#764,#39,.T.);
#625=EDGE_CURVE('',#764,#757,#940,.T.);
#626=EDGE_CURVE('',#758,#765,#40,.T.);
#627=EDGE_CURVE('',#765,#766,#941,.T.);
#628=EDGE_CURVE('',#766,#759,#41,.F.);
#629=EDGE_CURVE('',#765,#760,#42,.T.);
#630=EDGE_CURVE('',#767,#768,#43,.F.);
#631=EDGE_CURVE('',#768,#761,#942,.F.);
#632=EDGE_CURVE('',#762,#767,#943,.T.);
#633=EDGE_CURVE('',#764,#767,#944,.F.);
#634=EDGE_CURVE('',#763,#769,#945,.T.);
#635=EDGE_CURVE('',#769,#760,#946,.T.);
#636=EDGE_CURVE('',#753,#770,#947,.F.);
#637=EDGE_CURVE('',#770,#769,#44,.F.);
#638=EDGE_CURVE('',#768,#770,#948,.T.);
#639=EDGE_CURVE('',#766,#764,#45,.F.);
#640=EDGE_CURVE('',#765,#771,#949,.F.);
#641=EDGE_CURVE('',#771,#772,#950,.T.);
#642=EDGE_CURVE('',#772,#766,#951,.T.);
#643=EDGE_CURVE('',#767,#772,#46,.T.);
#644=EDGE_CURVE('',#772,#768,#47,.F.);
#645=EDGE_CURVE('',#769,#771,#48,.F.);
#646=EDGE_CURVE('',#770,#771,#49,.T.);
#647=VERTEX_POINT('',#2419);
#648=VERTEX_POINT('',#2420);
#649=VERTEX_POINT('',#2422);
#650=VERTEX_POINT('',#2424);
#651=VERTEX_POINT('',#2428);
#652=VERTEX_POINT('',#2430);
#653=VERTEX_POINT('',#2432);
#654=VERTEX_POINT('',#2434);
#655=VERTEX_POINT('',#2436);
#656=VERTEX_POINT('',#2438);
#657=VERTEX_POINT('',#2442);
#658=VERTEX_POINT('',#2444);
#659=VERTEX_POINT('',#2448);
#660=VERTEX_POINT('',#2450);
#661=VERTEX_POINT('',#2452);
#662=VERTEX_POINT('',#2455);
#663=VERTEX_POINT('',#2464);
#664=VERTEX_POINT('',#2466);
#665=VERTEX_POINT('',#2470);
#666=VERTEX_POINT('',#2471);
#667=VERTEX_POINT('',#2473);
#668=VERTEX_POINT('',#2475);
#669=VERTEX_POINT('',#2479);
#670=VERTEX_POINT('',#2480);
#671=VERTEX_POINT('',#2482);
#672=VERTEX_POINT('',#2484);
#673=VERTEX_POINT('',#2486);
#674=VERTEX_POINT('',#2489);
#675=VERTEX_POINT('',#2493);
#676=VERTEX_POINT('',#2495);
#677=VERTEX_POINT('',#2499);
#678=VERTEX_POINT('',#2501);
#679=VERTEX_POINT('',#2504);
#680=VERTEX_POINT('',#2506);
#681=VERTEX_POINT('',#2515);
#682=VERTEX_POINT('',#2517);
#683=VERTEX_POINT('',#2521);
#684=VERTEX_POINT('',#2522);
#685=VERTEX_POINT('',#2524);
#686=VERTEX_POINT('',#2526);
#687=VERTEX_POINT('',#2530);
#688=VERTEX_POINT('',#2532);
#689=VERTEX_POINT('',#2534);
#690=VERTEX_POINT('',#2536);
#691=VERTEX_POINT('',#2538);
#692=VERTEX_POINT('',#2540);
#693=VERTEX_POINT('',#2544);
#694=VERTEX_POINT('',#2545);
#695=VERTEX_POINT('',#2548);
#696=VERTEX_POINT('',#2550);
#697=VERTEX_POINT('',#2552);
#698=VERTEX_POINT('',#2554);
#699=VERTEX_POINT('',#2556);
#700=VERTEX_POINT('',#2558);
#701=VERTEX_POINT('',#2562);
#702=VERTEX_POINT('',#2566);
#703=VERTEX_POINT('',#2567);
#704=VERTEX_POINT('',#2569);
#705=VERTEX_POINT('',#2571);
#706=VERTEX_POINT('',#2573);
#707=VERTEX_POINT('',#2575);
#708=VERTEX_POINT('',#2579);
#709=VERTEX_POINT('',#2585);
#710=VERTEX_POINT('',#2587);
#711=VERTEX_POINT('',#2589);
#712=VERTEX_POINT('',#2593);
#713=VERTEX_POINT('',#2597);
#714=VERTEX_POINT('',#2599);
#715=VERTEX_POINT('',#2613);
#716=VERTEX_POINT('',#2615);
#717=VERTEX_POINT('',#2619);
#718=VERTEX_POINT('',#2621);
#719=VERTEX_POINT('',#2625);
#720=VERTEX_POINT('',#2627);
#721=VERTEX_POINT('',#2629);
#722=VERTEX_POINT('',#2631);
#723=VERTEX_POINT('',#2633);
#724=VERTEX_POINT('',#2635);
#725=VERTEX_POINT('',#2640);
#726=VERTEX_POINT('',#2642);
#727=VERTEX_POINT('',#2646);
#728=VERTEX_POINT('',#2647);
#729=VERTEX_POINT('',#2649);
#730=VERTEX_POINT('',#2651);
#731=VERTEX_POINT('',#2653);
#732=VERTEX_POINT('',#2658);
#733=VERTEX_POINT('',#2660);
#734=VERTEX_POINT('',#2665);
#735=VERTEX_POINT('',#2667);
#736=VERTEX_POINT('',#2676);
#737=VERTEX_POINT('',#2678);
#738=VERTEX_POINT('',#2682);
#739=VERTEX_POINT('',#2683);
#740=VERTEX_POINT('',#2685);
#741=VERTEX_POINT('',#2687);
#742=VERTEX_POINT('',#2691);
#743=VERTEX_POINT('',#2693);
#744=VERTEX_POINT('',#2695);
#745=VERTEX_POINT('',#2697);
#746=VERTEX_POINT('',#2702);
#747=VERTEX_POINT('',#2704);
#748=VERTEX_POINT('',#2708);
#749=VERTEX_POINT('',#2710);
#750=VERTEX_POINT('',#2713);
#751=VERTEX_POINT('',#2715);
#752=VERTEX_POINT('',#2724);
#753=VERTEX_POINT('',#2726);
#754=VERTEX_POINT('',#2732);
#755=VERTEX_POINT('',#2734);
#756=VERTEX_POINT('',#2738);
#757=VERTEX_POINT('',#2742);
#758=VERTEX_POINT('',#2746);
#759=VERTEX_POINT('',#2748);
#760=VERTEX_POINT('',#2752);
#761=VERTEX_POINT('',#2756);
#762=VERTEX_POINT('',#2758);
#763=VERTEX_POINT('',#2764);
#764=VERTEX_POINT('',#2772);
#765=VERTEX_POINT('',#2776);
#766=VERTEX_POINT('',#2778);
#767=VERTEX_POINT('',#2784);
#768=VERTEX_POINT('',#2785);
#769=VERTEX_POINT('',#2792);
#770=VERTEX_POINT('',#2796);
#771=VERTEX_POINT('',#2804);
#772=VERTEX_POINT('',#2806);
#773=LINE('',#2418,#952);
#774=LINE('',#2421,#953);
#775=LINE('',#2423,#954);
#776=LINE('',#2425,#955);
#777=LINE('',#2427,#956);
#778=LINE('',#2429,#957);
#779=LINE('',#2431,#958);
#780=LINE('',#2433,#959);
#781=LINE('',#2435,#960);
#782=LINE('',#2437,#961);
#783=LINE('',#2439,#962);
#784=LINE('',#2441,#963);
#785=LINE('',#2443,#964);
#786=LINE('',#2445,#965);
#787=LINE('',#2447,#966);
#788=LINE('',#2449,#967);
#789=LINE('',#2451,#968);
#790=LINE('',#2453,#969);
#791=LINE('',#2454,#970);
#792=LINE('',#2456,#971);
#793=LINE('',#2458,#972);
#794=LINE('',#2460,#973);
#795=LINE('',#2463,#974);
#796=LINE('',#2465,#975);
#797=LINE('',#2467,#976);
#798=LINE('',#2469,#977);
#799=LINE('',#2472,#978);
#800=LINE('',#2474,#979);
#801=LINE('',#2476,#980);
#802=LINE('',#2478,#981);
#803=LINE('',#2481,#982);
#804=LINE('',#2483,#983);
#805=LINE('',#2485,#984);
#806=LINE('',#2487,#985);
#807=LINE('',#2488,#986);
#808=LINE('',#2490,#987);
#809=LINE('',#2492,#988);
#810=LINE('',#2494,#989);
#811=LINE('',#2496,#990);
#812=LINE('',#2498,#991);
#813=LINE('',#2500,#992);
#814=LINE('',#2502,#993);
#815=LINE('',#2503,#994);
#816=LINE('',#2505,#995);
#817=LINE('',#2507,#996);
#818=LINE('',#2509,#997);
#819=LINE('',#2511,#998);
#820=LINE('',#2514,#999);
#821=LINE('',#2516,#1000);
#822=LINE('',#2518,#1001);
#823=LINE('',#2520,#1002);
#824=LINE('',#2523,#1003);
#825=LINE('',#2525,#1004);
#826=LINE('',#2527,#1005);
#827=LINE('',#2529,#1006);
#828=LINE('',#2531,#1007);
#829=LINE('',#2533,#1008);
#830=LINE('',#2535,#1009);
#831=LINE('',#2537,#1010);
#832=LINE('',#2539,#1011);
#833=LINE('',#2541,#1012);
#834=LINE('',#2543,#1013);
#835=LINE('',#2546,#1014);
#836=LINE('',#2547,#1015);
#837=LINE('',#2549,#1016);
#838=LINE('',#2551,#1017);
#839=LINE('',#2553,#1018);
#840=LINE('',#2555,#1019);
#841=LINE('',#2557,#1020);
#842=LINE('',#2559,#1021);
#843=LINE('',#2561,#1022);
#844=LINE('',#2563,#1023);
#845=LINE('',#2565,#1024);
#846=LINE('',#2568,#1025);
#847=LINE('',#2570,#1026);
#848=LINE('',#2572,#1027);
#849=LINE('',#2574,#1028);
#850=LINE('',#2576,#1029);
#851=LINE('',#2578,#1030);
#852=LINE('',#2580,#1031);
#853=LINE('',#2582,#1032);
#854=LINE('',#2584,#1033);
#855=LINE('',#2586,#1034);
#856=LINE('',#2588,#1035);
#857=LINE('',#2590,#1036);
#858=LINE('',#2592,#1037);
#859=LINE('',#2594,#1038);
#860=LINE('',#2596,#1039);
#861=LINE('',#2598,#1040);
#862=LINE('',#2600,#1041);
#863=LINE('',#2601,#1042);
#864=LINE('',#2603,#1043);
#865=LINE('',#2605,#1044);
#866=LINE('',#2607,#1045);
#867=LINE('',#2609,#1046);
#868=LINE('',#2610,#1047);
#869=LINE('',#2612,#1048);
#870=LINE('',#2614,#1049);
#871=LINE('',#2616,#1050);
#872=LINE('',#2618,#1051);
#873=LINE('',#2620,#1052);
#874=LINE('',#2622,#1053);
#875=LINE('',#2626,#1054);
#876=LINE('',#2630,#1055);
#877=LINE('',#2632,#1056);
#878=LINE('',#2634,#1057);
#879=LINE('',#2636,#1058);
#880=LINE('',#2637,#1059);
#881=LINE('',#2639,#1060);
#882=LINE('',#2641,#1061);
#883=LINE('',#2643,#1062);
#884=LINE('',#2645,#1063);
#885=LINE('',#2648,#1064);
#886=LINE('',#2650,#1065);
#887=LINE('',#2652,#1066);
#888=LINE('',#2654,#1067);
#889=LINE('',#2655,#1068);
#890=LINE('',#2657,#1069);
#891=LINE('',#2659,#1070);
#892=LINE('',#2661,#1071);
#893=LINE('',#2663,#1072);
#894=LINE('',#2664,#1073);
#895=LINE('',#2666,#1074);
#896=LINE('',#2668,#1075);
#897=LINE('',#2670,#1076);
#898=LINE('',#2672,#1077);
#899=LINE('',#2675,#1078);
#900=LINE('',#2677,#1079);
#901=LINE('',#2679,#1080);
#902=LINE('',#2681,#1081);
#903=LINE('',#2684,#1082);
#904=LINE('',#2686,#1083);
#905=LINE('',#2688,#1084);
#906=LINE('',#2690,#1085);
#907=LINE('',#2692,#1086);
#908=LINE('',#2694,#1087);
#909=LINE('',#2696,#1088);
#910=LINE('',#2698,#1089);
#911=LINE('',#2699,#1090);
#912=LINE('',#2701,#1091);
#913=LINE('',#2703,#1092);
#914=LINE('',#2705,#1093);
#915=LINE('',#2707,#1094);
#916=LINE('',#2709,#1095);
#917=LINE('',#2711,#1096);
#918=LINE('',#2712,#1097);
#919=LINE('',#2714,#1098);
#920=LINE('',#2716,#1099);
#921=LINE('',#2718,#1100);
#922=LINE('',#2720,#1101);
#923=LINE('',#2723,#1102);
#924=LINE('',#2725,#1103);
#925=LINE('',#2727,#1104);
#926=LINE('',#2729,#1105);
#927=LINE('',#2733,#1106);
#928=LINE('',#2739,#1107);
#929=LINE('',#2741,#1108);
#930=LINE('',#2745,#1109);
#931=LINE('',#2747,#1110);
#932=LINE('',#2749,#1111);
#933=LINE('',#2753,#1112);
#934=LINE('',#2755,#1113);
#935=LINE('',#2757,#1114);
#936=LINE('',#2761,#1115);
#937=LINE('',#2763,#1116);
#938=LINE('',#2765,#1117);
#939=LINE('',#2769,#1118);
#940=LINE('',#2773,#1119);
#941=LINE('',#2777,#1120);
#942=LINE('',#2786,#1121);
#943=LINE('',#2787,#1122);
#944=LINE('',#2789,#1123);
#945=LINE('',#2791,#1124);
#946=LINE('',#2793,#1125);
#947=LINE('',#2795,#1126);
#948=LINE('',#2799,#1127);
#949=LINE('',#2803,#1128);
#950=LINE('',#2805,#1129);
#951=LINE('',#2807,#1130);
#952=VECTOR('',#2047,1000.);
#953=VECTOR('',#2048,1000.);
#954=VECTOR('',#2049,1000.);
#955=VECTOR('',#2050,1000.);
#956=VECTOR('',#2053,1000.);
#957=VECTOR('',#2054,1000.);
#958=VECTOR('',#2055,1000.);
#959=VECTOR('',#2056,1000.);
#960=VECTOR('',#2057,1000.);
#961=VECTOR('',#2058,1000.);
#962=VECTOR('',#2059,1000.);
#963=VECTOR('',#2062,1000.);
#964=VECTOR('',#2063,1000.);
#965=VECTOR('',#2064,1000.);
#966=VECTOR('',#2067,1000.);
#967=VECTOR('',#2068,1000.);
#968=VECTOR('',#2069,1000.);
#969=VECTOR('',#2070,1000.);
#970=VECTOR('',#2071,1000.);
#971=VECTOR('',#2072,1000.);
#972=VECTOR('',#2075,1000.);
#973=VECTOR('',#2078,1000.);
#974=VECTOR('',#2083,1000.);
#975=VECTOR('',#2084,1000.);
#976=VECTOR('',#2085,1000.);
#977=VECTOR('',#2088,1000.);
#978=VECTOR('',#2089,1000.);
#979=VECTOR('',#2090,1000.);
#980=VECTOR('',#2091,1000.);
#981=VECTOR('',#2094,1000.);
#982=VECTOR('',#2095,1000.);
#983=VECTOR('',#2096,1000.);
#984=VECTOR('',#2097,1000.);
#985=VECTOR('',#2098,1000.);
#986=VECTOR('',#2099,1000.);
#987=VECTOR('',#2100,1000.);
#988=VECTOR('',#2103,1000.);
#989=VECTOR('',#2104,1000.);
#990=VECTOR('',#2105,1000.);
#991=VECTOR('',#2108,1000.);
#992=VECTOR('',#2109,1000.);
#993=VECTOR('',#2110,1000.);
#994=VECTOR('',#2111,1000.);
#995=VECTOR('',#2112,1000.);
#996=VECTOR('',#2113,1000.);
#997=VECTOR('',#2116,1000.);
#998=VECTOR('',#2119,1000.);
#999=VECTOR('',#2124,1000.);
#1000=VECTOR('',#2125,1000.);
#1001=VECTOR('',#2126,1000.);
#1002=VECTOR('',#2129,1000.);
#1003=VECTOR('',#2130,1000.);
#1004=VECTOR('',#2131,1000.);
#1005=VECTOR('',#2132,1000.);
#1006=VECTOR('',#2135,1000.);
#1007=VECTOR('',#2136,1000.);
#1008=VECTOR('',#2137,1000.);
#1009=VECTOR('',#2138,1000.);
#1010=VECTOR('',#2139,1000.);
#1011=VECTOR('',#2140,1000.);
#1012=VECTOR('',#2141,1000.);
#1013=VECTOR('',#2144,1000.);
#1014=VECTOR('',#2145,1000.);
#1015=VECTOR('',#2146,1000.);
#1016=VECTOR('',#2147,1000.);
#1017=VECTOR('',#2148,1000.);
#1018=VECTOR('',#2149,1000.);
#1019=VECTOR('',#2150,1000.);
#1020=VECTOR('',#2151,1000.);
#1021=VECTOR('',#2152,1000.);
#1022=VECTOR('',#2155,1000.);
#1023=VECTOR('',#2156,1000.);
#1024=VECTOR('',#2159,1000.);
#1025=VECTOR('',#2160,1000.);
#1026=VECTOR('',#2161,1000.);
#1027=VECTOR('',#2162,1000.);
#1028=VECTOR('',#2163,1000.);
#1029=VECTOR('',#2164,1000.);
#1030=VECTOR('',#2167,1000.);
#1031=VECTOR('',#2168,1000.);
#1032=VECTOR('',#2171,1000.);
#1033=VECTOR('',#2174,1000.);
#1034=VECTOR('',#2175,1000.);
#1035=VECTOR('',#2176,1000.);
#1036=VECTOR('',#2177,1000.);
#1037=VECTOR('',#2180,1000.);
#1038=VECTOR('',#2181,1000.);
#1039=VECTOR('',#2184,1000.);
#1040=VECTOR('',#2185,1000.);
#1041=VECTOR('',#2186,1000.);
#1042=VECTOR('',#2187,1000.);
#1043=VECTOR('',#2190,1000.);
#1044=VECTOR('',#2193,1000.);
#1045=VECTOR('',#2196,1000.);
#1046=VECTOR('',#2199,1000.);
#1047=VECTOR('',#2200,1000.);
#1048=VECTOR('',#2203,1000.);
#1049=VECTOR('',#2204,1000.);
#1050=VECTOR('',#2205,1000.);
#1051=VECTOR('',#2208,1000.);
#1052=VECTOR('',#2209,1000.);
#1053=VECTOR('',#2210,1000.);
#1054=VECTOR('',#2215,1000.);
#1055=VECTOR('',#2218,1000.);
#1056=VECTOR('',#2219,1000.);
#1057=VECTOR('',#2220,1000.);
#1058=VECTOR('',#2221,1000.);
#1059=VECTOR('',#2222,1000.);
#1060=VECTOR('',#2225,1000.);
#1061=VECTOR('',#2226,1000.);
#1062=VECTOR('',#2227,1000.);
#1063=VECTOR('',#2230,1000.);
#1064=VECTOR('',#2231,1000.);
#1065=VECTOR('',#2232,1000.);
#1066=VECTOR('',#2233,1000.);
#1067=VECTOR('',#2234,1000.);
#1068=VECTOR('',#2235,1000.);
#1069=VECTOR('',#2238,1000.);
#1070=VECTOR('',#2239,1000.);
#1071=VECTOR('',#2240,1000.);
#1072=VECTOR('',#2243,1000.);
#1073=VECTOR('',#2244,1000.);
#1074=VECTOR('',#2245,1000.);
#1075=VECTOR('',#2246,1000.);
#1076=VECTOR('',#2249,1000.);
#1077=VECTOR('',#2252,1000.);
#1078=VECTOR('',#2257,1000.);
#1079=VECTOR('',#2258,1000.);
#1080=VECTOR('',#2259,1000.);
#1081=VECTOR('',#2262,1000.);
#1082=VECTOR('',#2263,1000.);
#1083=VECTOR('',#2264,1000.);
#1084=VECTOR('',#2265,1000.);
#1085=VECTOR('',#2268,1000.);
#1086=VECTOR('',#2269,1000.);
#1087=VECTOR('',#2270,1000.);
#1088=VECTOR('',#2271,1000.);
#1089=VECTOR('',#2272,1000.);
#1090=VECTOR('',#2273,1000.);
#1091=VECTOR('',#2276,1000.);
#1092=VECTOR('',#2277,1000.);
#1093=VECTOR('',#2278,1000.);
#1094=VECTOR('',#2281,1000.);
#1095=VECTOR('',#2282,1000.);
#1096=VECTOR('',#2283,1000.);
#1097=VECTOR('',#2284,1000.);
#1098=VECTOR('',#2285,1000.);
#1099=VECTOR('',#2286,1000.);
#1100=VECTOR('',#2289,1000.);
#1101=VECTOR('',#2292,1000.);
#1102=VECTOR('',#2297,1000.);
#1103=VECTOR('',#2298,1000.);
#1104=VECTOR('',#2299,1000.);
#1105=VECTOR('',#2302,1000.);
#1106=VECTOR('',#2307,1000.);
#1107=VECTOR('',#2314,1000.);
#1108=VECTOR('',#2317,1000.);
#1109=VECTOR('',#2322,1000.);
#1110=VECTOR('',#2323,1000.);
#1111=VECTOR('',#2324,1000.);
#1112=VECTOR('',#2329,1000.);
#1113=VECTOR('',#2332,1000.);
#1114=VECTOR('',#2333,1000.);
#1115=VECTOR('',#2338,1000.);
#1116=VECTOR('',#2341,1000.);
#1117=VECTOR('',#2342,1000.);
#1118=VECTOR('',#2349,1000.);
#1119=VECTOR('',#2354,1000.);
#1120=VECTOR('',#2359,1000.);
#1121=VECTOR('',#2370,1000.);
#1122=VECTOR('',#2371,1000.);
#1123=VECTOR('',#2374,1000.);
#1124=VECTOR('',#2377,1000.);
#1125=VECTOR('',#2378,1000.);
#1126=VECTOR('',#2381,1000.);
#1127=VECTOR('',#2386,1000.);
#1128=VECTOR('',#2393,1000.);
#1129=VECTOR('',#2394,1000.);
#1130=VECTOR('',#2395,1000.);
#1131=EDGE_LOOP('',(#50,#51,#52,#53));
#1132=EDGE_LOOP('',(#54,#55,#56,#57,#58,#59,#60,#61));
#1133=EDGE_LOOP('',(#62,#63,#64,#65));
#1134=EDGE_LOOP('',(#66,#67,#68,#69,#70,#71,#72,#73));
#1135=EDGE_LOOP('',(#74,#75,#76,#77));
#1136=EDGE_LOOP('',(#78,#79,#80,#81));
#1137=EDGE_LOOP('',(#82,#83,#84,#85));
#1138=EDGE_LOOP('',(#86,#87,#88,#89));
#1139=EDGE_LOOP('',(#90,#91,#92,#93));
#1140=EDGE_LOOP('',(#94,#95,#96,#97,#98,#99,#100,#101));
#1141=EDGE_LOOP('',(#102,#103,#104,#105));
#1142=EDGE_LOOP('',(#106,#107,#108,#109,#110,#111,#112,#113));
#1143=EDGE_LOOP('',(#114,#115,#116,#117));
#1144=EDGE_LOOP('',(#118,#119,#120,#121));
#1145=EDGE_LOOP('',(#122,#123,#124,#125));
#1146=EDGE_LOOP('',(#126,#127,#128,#129));
#1147=EDGE_LOOP('',(#130,#131,#132,#133));
#1148=EDGE_LOOP('',(#134,#135,#136,#137,#138,#139,#140,#141));
#1149=EDGE_LOOP('',(#142,#143,#144,#145,#146,#147,#148,#149,#150,#151));
#1150=EDGE_LOOP('',(#152,#153,#154,#155));
#1151=EDGE_LOOP('',(#156,#157,#158,#159,#160,#161));
#1152=EDGE_LOOP('',(#162,#163,#164,#165));
#1153=EDGE_LOOP('',(#166,#167,#168,#169));
#1154=EDGE_LOOP('',(#170,#171,#172,#173,#174,#175,#176,#177));
#1155=EDGE_LOOP('',(#178,#179,#180,#181));
#1156=EDGE_LOOP('',(#182,#183,#184,#185,#186,#187,#188));
#1157=EDGE_LOOP('',(#189,#190,#191,#192));
#1158=EDGE_LOOP('',(#193,#194,#195,#196));
#1159=EDGE_LOOP('',(#197,#198,#199,#200));
#1160=EDGE_LOOP('',(#201,#202,#203,#204,#205,#206,#207));
#1161=EDGE_LOOP('',(#208,#209,#210,#211));
#1162=EDGE_LOOP('',(#212,#213,#214,#215));
#1163=EDGE_LOOP('',(#216,#217,#218,#219,#220,#221,#222,#223,#224,#225,#226,
#227,#228,#229,#230,#231));
#1164=EDGE_LOOP('',(#232,#233,#234,#235));
#1165=EDGE_LOOP('',(#236,#237,#238,#239,#240,#241,#242,#243));
#1166=EDGE_LOOP('',(#244,#245,#246,#247));
#1167=EDGE_LOOP('',(#248,#249,#250,#251,#252,#253,#254,#255));
#1168=EDGE_LOOP('',(#256,#257,#258,#259));
#1169=EDGE_LOOP('',(#260,#261,#262,#263));
#1170=EDGE_LOOP('',(#264,#265,#266,#267));
#1171=EDGE_LOOP('',(#268,#269,#270,#271));
#1172=EDGE_LOOP('',(#272,#273,#274,#275));
#1173=EDGE_LOOP('',(#276,#277,#278,#279,#280,#281,#282,#283));
#1174=EDGE_LOOP('',(#284,#285,#286,#287));
#1175=EDGE_LOOP('',(#288,#289,#290,#291,#292,#293,#294,#295));
#1176=EDGE_LOOP('',(#296,#297,#298,#299));
#1177=EDGE_LOOP('',(#300,#301,#302,#303));
#1178=EDGE_LOOP('',(#304,#305,#306,#307));
#1179=EDGE_LOOP('',(#308,#309,#310,#311));
#1180=EDGE_LOOP('',(#312,#313,#314,#315));
#1181=EDGE_LOOP('',(#316,#317,#318,#319));
#1182=EDGE_LOOP('',(#320,#321,#322,#323,#324,#325,#326,#327,#328,#329,#330,
#331,#332,#333,#334,#335));
#1183=EDGE_LOOP('',(#336,#337,#338,#339));
#1184=EDGE_LOOP('',(#340,#341,#342,#343,#344,#345,#346,#347,#348,#349,#350,
#351,#352,#353,#354,#355));
#1185=EDGE_LOOP('',(#356,#357,#358,#359));
#1186=EDGE_LOOP('',(#360,#361,#362,#363));
#1187=EDGE_LOOP('',(#364,#365,#366,#367));
#1188=EDGE_LOOP('',(#368,#369,#370,#371));
#1189=EDGE_LOOP('',(#372,#373,#374,#375));
#1190=EDGE_LOOP('',(#376,#377,#378,#379));
#1191=EDGE_LOOP('',(#380,#381,#382,#383));
#1192=EDGE_LOOP('',(#384,#385,#386,#387));
#1193=EDGE_LOOP('',(#388,#389,#390));
#1194=EDGE_LOOP('',(#391,#392,#393,#394));
#1195=EDGE_LOOP('',(#395,#396,#397,#398));
#1196=EDGE_LOOP('',(#399,#400,#401,#402));
#1197=EDGE_LOOP('',(#403,#404,#405,#406));
#1198=EDGE_LOOP('',(#407,#408,#409,#410,#411,#412,#413,#414,#415,#416,#417,
#418,#419,#420,#421,#422));
#1199=EDGE_LOOP('',(#423,#424,#425));
#1200=EDGE_LOOP('',(#426,#427,#428,#429));
#1201=EDGE_LOOP('',(#430,#431,#432));
#1202=EDGE_LOOP('',(#433,#434,#435,#436));
#1203=EDGE_LOOP('',(#437,#438,#439,#440));
#1204=EDGE_LOOP('',(#441,#442,#443));
#1205=EDGE_LOOP('',(#444,#445,#446,#447));
#1206=FACE_BOUND('',#1131,.T.);
#1207=FACE_BOUND('',#1132,.T.);
#1208=FACE_BOUND('',#1133,.T.);
#1209=FACE_BOUND('',#1134,.T.);
#1210=FACE_BOUND('',#1135,.T.);
#1211=FACE_BOUND('',#1136,.T.);
#1212=FACE_BOUND('',#1137,.T.);
#1213=FACE_BOUND('',#1138,.T.);
#1214=FACE_BOUND('',#1139,.T.);
#1215=FACE_BOUND('',#1140,.T.);
#1216=FACE_BOUND('',#1141,.T.);
#1217=FACE_BOUND('',#1142,.T.);
#1218=FACE_BOUND('',#1143,.T.);
#1219=FACE_BOUND('',#1144,.T.);
#1220=FACE_BOUND('',#1145,.T.);
#1221=FACE_BOUND('',#1146,.T.);
#1222=FACE_BOUND('',#1147,.T.);
#1223=FACE_BOUND('',#1148,.T.);
#1224=FACE_BOUND('',#1149,.T.);
#1225=FACE_BOUND('',#1150,.T.);
#1226=FACE_BOUND('',#1151,.T.);
#1227=FACE_BOUND('',#1152,.T.);
#1228=FACE_BOUND('',#1153,.T.);
#1229=FACE_BOUND('',#1154,.T.);
#1230=FACE_BOUND('',#1155,.T.);
#1231=FACE_BOUND('',#1156,.T.);
#1232=FACE_BOUND('',#1157,.T.);
#1233=FACE_BOUND('',#1158,.T.);
#1234=FACE_BOUND('',#1159,.T.);
#1235=FACE_BOUND('',#1160,.T.);
#1236=FACE_BOUND('',#1161,.T.);
#1237=FACE_BOUND('',#1162,.T.);
#1238=FACE_BOUND('',#1163,.T.);
#1239=FACE_BOUND('',#1164,.T.);
#1240=FACE_BOUND('',#1165,.T.);
#1241=FACE_BOUND('',#1166,.T.);
#1242=FACE_BOUND('',#1167,.T.);
#1243=FACE_BOUND('',#1168,.T.);
#1244=FACE_BOUND('',#1169,.T.);
#1245=FACE_BOUND('',#1170,.T.);
#1246=FACE_BOUND('',#1171,.T.);
#1247=FACE_BOUND('',#1172,.T.);
#1248=FACE_BOUND('',#1173,.T.);
#1249=FACE_BOUND('',#1174,.T.);
#1250=FACE_BOUND('',#1175,.T.);
#1251=FACE_BOUND('',#1176,.T.);
#1252=FACE_BOUND('',#1177,.T.);
#1253=FACE_BOUND('',#1178,.T.);
#1254=FACE_BOUND('',#1179,.T.);
#1255=FACE_BOUND('',#1180,.T.);
#1256=FACE_BOUND('',#1181,.T.);
#1257=FACE_BOUND('',#1182,.T.);
#1258=FACE_BOUND('',#1183,.T.);
#1259=FACE_BOUND('',#1184,.T.);
#1260=FACE_BOUND('',#1185,.T.);
#1261=FACE_BOUND('',#1186,.T.);
#1262=FACE_BOUND('',#1187,.T.);
#1263=FACE_BOUND('',#1188,.T.);
#1264=FACE_BOUND('',#1189,.T.);
#1265=FACE_BOUND('',#1190,.T.);
#1266=FACE_BOUND('',#1191,.T.);
#1267=FACE_BOUND('',#1192,.T.);
#1268=FACE_BOUND('',#1193,.T.);
#1269=FACE_BOUND('',#1194,.T.);
#1270=FACE_BOUND('',#1195,.T.);
#1271=FACE_BOUND('',#1196,.T.);
#1272=FACE_BOUND('',#1197,.T.);
#1273=FACE_BOUND('',#1198,.T.);
#1274=FACE_BOUND('',#1199,.T.);
#1275=FACE_BOUND('',#1200,.T.);
#1276=FACE_BOUND('',#1201,.T.);
#1277=FACE_BOUND('',#1202,.T.);
#1278=FACE_BOUND('',#1203,.T.);
#1279=FACE_BOUND('',#1204,.T.);
#1280=FACE_BOUND('',#1205,.T.);
#1281=PLANE('',#1947);
#1282=PLANE('',#1948);
#1283=PLANE('',#1949);
#1284=PLANE('',#1950);
#1285=PLANE('',#1951);
#1286=PLANE('',#1952);
#1287=PLANE('',#1953);
#1288=PLANE('',#1954);
#1289=PLANE('',#1955);
#1290=PLANE('',#1956);
#1291=PLANE('',#1957);
#1292=PLANE('',#1958);
#1293=PLANE('',#1959);
#1294=PLANE('',#1960);
#1295=PLANE('',#1961);
#1296=PLANE('',#1962);
#1297=PLANE('',#1963);
#1298=PLANE('',#1964);
#1299=PLANE('',#1965);
#1300=PLANE('',#1966);
#1301=PLANE('',#1967);
#1302=PLANE('',#1968);
#1303=PLANE('',#1969);
#1304=PLANE('',#1970);
#1305=PLANE('',#1971);
#1306=PLANE('',#1972);
#1307=PLANE('',#1973);
#1308=PLANE('',#1974);
#1309=PLANE('',#1975);
#1310=PLANE('',#1976);
#1311=PLANE('',#1977);
#1312=PLANE('',#1978);
#1313=PLANE('',#1979);
#1314=PLANE('',#1982);
#1315=PLANE('',#1983);
#1316=PLANE('',#1984);
#1317=PLANE('',#1985);
#1318=PLANE('',#1986);
#1319=PLANE('',#1987);
#1320=PLANE('',#1988);
#1321=PLANE('',#1989);
#1322=PLANE('',#1990);
#1323=PLANE('',#1991);
#1324=PLANE('',#1992);
#1325=PLANE('',#1993);
#1326=PLANE('',#1994);
#1327=PLANE('',#1995);
#1328=PLANE('',#1996);
#1329=PLANE('',#1997);
#1330=PLANE('',#1998);
#1331=PLANE('',#2002);
#1332=PLANE('',#2006);
#1333=PLANE('',#2011);
#1334=PLANE('',#2012);
#1335=PLANE('',#2015);
#1336=PLANE('',#2025);
#1337=PLANE('',#2026);
#1338=PLANE('',#2029);
#1339=PLANE('',#2032);
#1340=STYLED_ITEM('',(#1415),#1867);
#1341=STYLED_ITEM('',(#1416),#1868);
#1342=STYLED_ITEM('',(#1417),#1869);
#1343=STYLED_ITEM('',(#1418),#1870);
#1344=STYLED_ITEM('',(#1419),#1871);
#1345=STYLED_ITEM('',(#1420),#1872);
#1346=STYLED_ITEM('',(#1421),#1873);
#1347=STYLED_ITEM('',(#1422),#1874);
#1348=STYLED_ITEM('',(#1423),#1875);
#1349=STYLED_ITEM('',(#1424),#1876);
#1350=STYLED_ITEM('',(#1425),#1877);
#1351=STYLED_ITEM('',(#1426),#1878);
#1352=STYLED_ITEM('',(#1427),#1879);
#1353=STYLED_ITEM('',(#1428),#1880);
#1354=STYLED_ITEM('',(#1429),#1881);
#1355=STYLED_ITEM('',(#1430),#1882);
#1356=STYLED_ITEM('',(#1431),#1883);
#1357=STYLED_ITEM('',(#1432),#1884);
#1358=STYLED_ITEM('',(#1433),#1885);
#1359=STYLED_ITEM('',(#1434),#1886);
#1360=STYLED_ITEM('',(#1435),#1887);
#1361=STYLED_ITEM('',(#1436),#1888);
#1362=STYLED_ITEM('',(#1437),#1889);
#1363=STYLED_ITEM('',(#1438),#1890);
#1364=STYLED_ITEM('',(#1439),#1891);
#1365=STYLED_ITEM('',(#1440),#1892);
#1366=STYLED_ITEM('',(#1441),#1893);
#1367=STYLED_ITEM('',(#1442),#1894);
#1368=STYLED_ITEM('',(#1443),#1895);
#1369=STYLED_ITEM('',(#1444),#1896);
#1370=STYLED_ITEM('',(#1445),#1897);
#1371=STYLED_ITEM('',(#1446),#1898);
#1372=STYLED_ITEM('',(#1447),#1899);
#1373=STYLED_ITEM('',(#1448),#1900);
#1374=STYLED_ITEM('',(#1449),#1901);
#1375=STYLED_ITEM('',(#1450),#1902);
#1376=STYLED_ITEM('',(#1451),#1903);
#1377=STYLED_ITEM('',(#1452),#1904);
#1378=STYLED_ITEM('',(#1453),#1905);
#1379=STYLED_ITEM('',(#1454),#1906);
#1380=STYLED_ITEM('',(#1455),#1907);
#1381=STYLED_ITEM('',(#1456),#1908);
#1382=STYLED_ITEM('',(#1457),#1909);
#1383=STYLED_ITEM('',(#1458),#1910);
#1384=STYLED_ITEM('',(#1459),#1911);
#1385=STYLED_ITEM('',(#1460),#1912);
#1386=STYLED_ITEM('',(#1461),#1913);
#1387=STYLED_ITEM('',(#1462),#1914);
#1388=STYLED_ITEM('',(#1463),#1915);
#1389=STYLED_ITEM('',(#1464),#1916);
#1390=STYLED_ITEM('',(#1465),#1917);
#1391=STYLED_ITEM('',(#1466),#1918);
#1392=STYLED_ITEM('',(#1467),#1919);
#1393=STYLED_ITEM('',(#1468),#1920);
#1394=STYLED_ITEM('',(#1469),#1921);
#1395=STYLED_ITEM('',(#1470),#1922);
#1396=STYLED_ITEM('',(#1471),#1923);
#1397=STYLED_ITEM('',(#1472),#1924);
#1398=STYLED_ITEM('',(#1473),#1925);
#1399=STYLED_ITEM('',(#1474),#1926);
#1400=STYLED_ITEM('',(#1475),#1927);
#1401=STYLED_ITEM('',(#1476),#1928);
#1402=STYLED_ITEM('',(#1477),#1929);
#1403=STYLED_ITEM('',(#1478),#1930);
#1404=STYLED_ITEM('',(#1479),#1931);
#1405=STYLED_ITEM('',(#1480),#1932);
#1406=STYLED_ITEM('',(#1481),#1933);
#1407=STYLED_ITEM('',(#1482),#1934);
#1408=STYLED_ITEM('',(#1483),#1935);
#1409=STYLED_ITEM('',(#1484),#1936);
#1410=STYLED_ITEM('',(#1485),#1937);
#1411=STYLED_ITEM('',(#1486),#1938);
#1412=STYLED_ITEM('',(#1487),#1939);
#1413=STYLED_ITEM('',(#1488),#1940);
#1414=STYLED_ITEM('',(#1489),#1941);
#1415=PRESENTATION_STYLE_ASSIGNMENT((#1490));
#1416=PRESENTATION_STYLE_ASSIGNMENT((#1491));
#1417=PRESENTATION_STYLE_ASSIGNMENT((#1492));
#1418=PRESENTATION_STYLE_ASSIGNMENT((#1493));
#1419=PRESENTATION_STYLE_ASSIGNMENT((#1494));
#1420=PRESENTATION_STYLE_ASSIGNMENT((#1495));
#1421=PRESENTATION_STYLE_ASSIGNMENT((#1496));
#1422=PRESENTATION_STYLE_ASSIGNMENT((#1497));
#1423=PRESENTATION_STYLE_ASSIGNMENT((#1498));
#1424=PRESENTATION_STYLE_ASSIGNMENT((#1499));
#1425=PRESENTATION_STYLE_ASSIGNMENT((#1500));
#1426=PRESENTATION_STYLE_ASSIGNMENT((#1501));
#1427=PRESENTATION_STYLE_ASSIGNMENT((#1502));
#1428=PRESENTATION_STYLE_ASSIGNMENT((#1503));
#1429=PRESENTATION_STYLE_ASSIGNMENT((#1504));
#1430=PRESENTATION_STYLE_ASSIGNMENT((#1505));
#1431=PRESENTATION_STYLE_ASSIGNMENT((#1506));
#1432=PRESENTATION_STYLE_ASSIGNMENT((#1507));
#1433=PRESENTATION_STYLE_ASSIGNMENT((#1508));
#1434=PRESENTATION_STYLE_ASSIGNMENT((#1509));
#1435=PRESENTATION_STYLE_ASSIGNMENT((#1510));
#1436=PRESENTATION_STYLE_ASSIGNMENT((#1511));
#1437=PRESENTATION_STYLE_ASSIGNMENT((#1512));
#1438=PRESENTATION_STYLE_ASSIGNMENT((#1513));
#1439=PRESENTATION_STYLE_ASSIGNMENT((#1514));
#1440=PRESENTATION_STYLE_ASSIGNMENT((#1515));
#1441=PRESENTATION_STYLE_ASSIGNMENT((#1516));
#1442=PRESENTATION_STYLE_ASSIGNMENT((#1517));
#1443=PRESENTATION_STYLE_ASSIGNMENT((#1518));
#1444=PRESENTATION_STYLE_ASSIGNMENT((#1519));
#1445=PRESENTATION_STYLE_ASSIGNMENT((#1520));
#1446=PRESENTATION_STYLE_ASSIGNMENT((#1521));
#1447=PRESENTATION_STYLE_ASSIGNMENT((#1522));
#1448=PRESENTATION_STYLE_ASSIGNMENT((#1523));
#1449=PRESENTATION_STYLE_ASSIGNMENT((#1524));
#1450=PRESENTATION_STYLE_ASSIGNMENT((#1525));
#1451=PRESENTATION_STYLE_ASSIGNMENT((#1526));
#1452=PRESENTATION_STYLE_ASSIGNMENT((#1527));
#1453=PRESENTATION_STYLE_ASSIGNMENT((#1528));
#1454=PRESENTATION_STYLE_ASSIGNMENT((#1529));
#1455=PRESENTATION_STYLE_ASSIGNMENT((#1530));
#1456=PRESENTATION_STYLE_ASSIGNMENT((#1531));
#1457=PRESENTATION_STYLE_ASSIGNMENT((#1532));
#1458=PRESENTATION_STYLE_ASSIGNMENT((#1533));
#1459=PRESENTATION_STYLE_ASSIGNMENT((#1534));
#1460=PRESENTATION_STYLE_ASSIGNMENT((#1535));
#1461=PRESENTATION_STYLE_ASSIGNMENT((#1536));
#1462=PRESENTATION_STYLE_ASSIGNMENT((#1537));
#1463=PRESENTATION_STYLE_ASSIGNMENT((#1538));
#1464=PRESENTATION_STYLE_ASSIGNMENT((#1539));
#1465=PRESENTATION_STYLE_ASSIGNMENT((#1540));
#1466=PRESENTATION_STYLE_ASSIGNMENT((#1541));
#1467=PRESENTATION_STYLE_ASSIGNMENT((#1542));
#1468=PRESENTATION_STYLE_ASSIGNMENT((#1543));
#1469=PRESENTATION_STYLE_ASSIGNMENT((#1544));
#1470=PRESENTATION_STYLE_ASSIGNMENT((#1545));
#1471=PRESENTATION_STYLE_ASSIGNMENT((#1546));
#1472=PRESENTATION_STYLE_ASSIGNMENT((#1547));
#1473=PRESENTATION_STYLE_ASSIGNMENT((#1548));
#1474=PRESENTATION_STYLE_ASSIGNMENT((#1549));
#1475=PRESENTATION_STYLE_ASSIGNMENT((#1550));
#1476=PRESENTATION_STYLE_ASSIGNMENT((#1551));
#1477=PRESENTATION_STYLE_ASSIGNMENT((#1552));
#1478=PRESENTATION_STYLE_ASSIGNMENT((#1553));
#1479=PRESENTATION_STYLE_ASSIGNMENT((#1554));
#1480=PRESENTATION_STYLE_ASSIGNMENT((#1555));
#1481=PRESENTATION_STYLE_ASSIGNMENT((#1556));
#1482=PRESENTATION_STYLE_ASSIGNMENT((#1557));
#1483=PRESENTATION_STYLE_ASSIGNMENT((#1558));
#1484=PRESENTATION_STYLE_ASSIGNMENT((#1559));
#1485=PRESENTATION_STYLE_ASSIGNMENT((#1560));
#1486=PRESENTATION_STYLE_ASSIGNMENT((#1561));
#1487=PRESENTATION_STYLE_ASSIGNMENT((#1562));
#1488=PRESENTATION_STYLE_ASSIGNMENT((#1563));
#1489=PRESENTATION_STYLE_ASSIGNMENT((#1564));
#1490=SURFACE_STYLE_USAGE(.BOTH.,#1565);
#1491=SURFACE_STYLE_USAGE(.BOTH.,#1566);
#1492=SURFACE_STYLE_USAGE(.BOTH.,#1567);
#1493=SURFACE_STYLE_USAGE(.BOTH.,#1568);
#1494=SURFACE_STYLE_USAGE(.BOTH.,#1569);
#1495=SURFACE_STYLE_USAGE(.BOTH.,#1570);
#1496=SURFACE_STYLE_USAGE(.BOTH.,#1571);
#1497=SURFACE_STYLE_USAGE(.BOTH.,#1572);
#1498=SURFACE_STYLE_USAGE(.BOTH.,#1573);
#1499=SURFACE_STYLE_USAGE(.BOTH.,#1574);
#1500=SURFACE_STYLE_USAGE(.BOTH.,#1575);
#1501=SURFACE_STYLE_USAGE(.BOTH.,#1576);
#1502=SURFACE_STYLE_USAGE(.BOTH.,#1577);
#1503=SURFACE_STYLE_USAGE(.BOTH.,#1578);
#1504=SURFACE_STYLE_USAGE(.BOTH.,#1579);
#1505=SURFACE_STYLE_USAGE(.BOTH.,#1580);
#1506=SURFACE_STYLE_USAGE(.BOTH.,#1581);
#1507=SURFACE_STYLE_USAGE(.BOTH.,#1582);
#1508=SURFACE_STYLE_USAGE(.BOTH.,#1583);
#1509=SURFACE_STYLE_USAGE(.BOTH.,#1584);
#1510=SURFACE_STYLE_USAGE(.BOTH.,#1585);
#1511=SURFACE_STYLE_USAGE(.BOTH.,#1586);
#1512=SURFACE_STYLE_USAGE(.BOTH.,#1587);
#1513=SURFACE_STYLE_USAGE(.BOTH.,#1588);
#1514=SURFACE_STYLE_USAGE(.BOTH.,#1589);
#1515=SURFACE_STYLE_USAGE(.BOTH.,#1590);
#1516=SURFACE_STYLE_USAGE(.BOTH.,#1591);
#1517=SURFACE_STYLE_USAGE(.BOTH.,#1592);
#1518=SURFACE_STYLE_USAGE(.BOTH.,#1593);
#1519=SURFACE_STYLE_USAGE(.BOTH.,#1594);
#1520=SURFACE_STYLE_USAGE(.BOTH.,#1595);
#1521=SURFACE_STYLE_USAGE(.BOTH.,#1596);
#1522=SURFACE_STYLE_USAGE(.BOTH.,#1597);
#1523=SURFACE_STYLE_USAGE(.BOTH.,#1598);
#1524=SURFACE_STYLE_USAGE(.BOTH.,#1599);
#1525=SURFACE_STYLE_USAGE(.BOTH.,#1600);
#1526=SURFACE_STYLE_USAGE(.BOTH.,#1601);
#1527=SURFACE_STYLE_USAGE(.BOTH.,#1602);
#1528=SURFACE_STYLE_USAGE(.BOTH.,#1603);
#1529=SURFACE_STYLE_USAGE(.BOTH.,#1604);
#1530=SURFACE_STYLE_USAGE(.BOTH.,#1605);
#1531=SURFACE_STYLE_USAGE(.BOTH.,#1606);
#1532=SURFACE_STYLE_USAGE(.BOTH.,#1607);
#1533=SURFACE_STYLE_USAGE(.BOTH.,#1608);
#1534=SURFACE_STYLE_USAGE(.BOTH.,#1609);
#1535=SURFACE_STYLE_USAGE(.BOTH.,#1610);
#1536=SURFACE_STYLE_USAGE(.BOTH.,#1611);
#1537=SURFACE_STYLE_USAGE(.BOTH.,#1612);
#1538=SURFACE_STYLE_USAGE(.BOTH.,#1613);
#1539=SURFACE_STYLE_USAGE(.BOTH.,#1614);
#1540=SURFACE_STYLE_USAGE(.BOTH.,#1615);
#1541=SURFACE_STYLE_USAGE(.BOTH.,#1616);
#1542=SURFACE_STYLE_USAGE(.BOTH.,#1617);
#1543=SURFACE_STYLE_USAGE(.BOTH.,#1618);
#1544=SURFACE_STYLE_USAGE(.BOTH.,#1619);
#1545=SURFACE_STYLE_USAGE(.BOTH.,#1620);
#1546=SURFACE_STYLE_USAGE(.BOTH.,#1621);
#1547=SURFACE_STYLE_USAGE(.BOTH.,#1622);
#1548=SURFACE_STYLE_USAGE(.BOTH.,#1623);
#1549=SURFACE_STYLE_USAGE(.BOTH.,#1624);
#1550=SURFACE_STYLE_USAGE(.BOTH.,#1625);
#1551=SURFACE_STYLE_USAGE(.BOTH.,#1626);
#1552=SURFACE_STYLE_USAGE(.BOTH.,#1627);
#1553=SURFACE_STYLE_USAGE(.BOTH.,#1628);
#1554=SURFACE_STYLE_USAGE(.BOTH.,#1629);
#1555=SURFACE_STYLE_USAGE(.BOTH.,#1630);
#1556=SURFACE_STYLE_USAGE(.BOTH.,#1631);
#1557=SURFACE_STYLE_USAGE(.BOTH.,#1632);
#1558=SURFACE_STYLE_USAGE(.BOTH.,#1633);
#1559=SURFACE_STYLE_USAGE(.BOTH.,#1634);
#1560=SURFACE_STYLE_USAGE(.BOTH.,#1635);
#1561=SURFACE_STYLE_USAGE(.BOTH.,#1636);
#1562=SURFACE_STYLE_USAGE(.BOTH.,#1637);
#1563=SURFACE_STYLE_USAGE(.BOTH.,#1638);
#1564=SURFACE_STYLE_USAGE(.BOTH.,#1639);
#1565=SURFACE_SIDE_STYLE('',(#1640));
#1566=SURFACE_SIDE_STYLE('',(#1641));
#1567=SURFACE_SIDE_STYLE('',(#1642));
#1568=SURFACE_SIDE_STYLE('',(#1643));
#1569=SURFACE_SIDE_STYLE('',(#1644));
#1570=SURFACE_SIDE_STYLE('',(#1645));
#1571=SURFACE_SIDE_STYLE('',(#1646));
#1572=SURFACE_SIDE_STYLE('',(#1647));
#1573=SURFACE_SIDE_STYLE('',(#1648));
#1574=SURFACE_SIDE_STYLE('',(#1649));
#1575=SURFACE_SIDE_STYLE('',(#1650));
#1576=SURFACE_SIDE_STYLE('',(#1651));
#1577=SURFACE_SIDE_STYLE('',(#1652));
#1578=SURFACE_SIDE_STYLE('',(#1653));
#1579=SURFACE_SIDE_STYLE('',(#1654));
#1580=SURFACE_SIDE_STYLE('',(#1655));
#1581=SURFACE_SIDE_STYLE('',(#1656));
#1582=SURFACE_SIDE_STYLE('',(#1657));
#1583=SURFACE_SIDE_STYLE('',(#1658));
#1584=SURFACE_SIDE_STYLE('',(#1659));
#1585=SURFACE_SIDE_STYLE('',(#1660));
#1586=SURFACE_SIDE_STYLE('',(#1661));
#1587=SURFACE_SIDE_STYLE('',(#1662));
#1588=SURFACE_SIDE_STYLE('',(#1663));
#1589=SURFACE_SIDE_STYLE('',(#1664));
#1590=SURFACE_SIDE_STYLE('',(#1665));
#1591=SURFACE_SIDE_STYLE('',(#1666));
#1592=SURFACE_SIDE_STYLE('',(#1667));
#1593=SURFACE_SIDE_STYLE('',(#1668));
#1594=SURFACE_SIDE_STYLE('',(#1669));
#1595=SURFACE_SIDE_STYLE('',(#1670));
#1596=SURFACE_SIDE_STYLE('',(#1671));
#1597=SURFACE_SIDE_STYLE('',(#1672));
#1598=SURFACE_SIDE_STYLE('',(#1673));
#1599=SURFACE_SIDE_STYLE('',(#1674));
#1600=SURFACE_SIDE_STYLE('',(#1675));
#1601=SURFACE_SIDE_STYLE('',(#1676));
#1602=SURFACE_SIDE_STYLE('',(#1677));
#1603=SURFACE_SIDE_STYLE('',(#1678));
#1604=SURFACE_SIDE_STYLE('',(#1679));
#1605=SURFACE_SIDE_STYLE('',(#1680));
#1606=SURFACE_SIDE_STYLE('',(#1681));
#1607=SURFACE_SIDE_STYLE('',(#1682));
#1608=SURFACE_SIDE_STYLE('',(#1683));
#1609=SURFACE_SIDE_STYLE('',(#1684));
#1610=SURFACE_SIDE_STYLE('',(#1685));
#1611=SURFACE_SIDE_STYLE('',(#1686));
#1612=SURFACE_SIDE_STYLE('',(#1687));
#1613=SURFACE_SIDE_STYLE('',(#1688));
#1614=SURFACE_SIDE_STYLE('',(#1689));
#1615=SURFACE_SIDE_STYLE('',(#1690));
#1616=SURFACE_SIDE_STYLE('',(#1691));
#1617=SURFACE_SIDE_STYLE('',(#1692));
#1618=SURFACE_SIDE_STYLE('',(#1693));
#1619=SURFACE_SIDE_STYLE('',(#1694));
#1620=SURFACE_SIDE_STYLE('',(#1695));
#1621=SURFACE_SIDE_STYLE('',(#1696));
#1622=SURFACE_SIDE_STYLE('',(#1697));
#1623=SURFACE_SIDE_STYLE('',(#1698));
#1624=SURFACE_SIDE_STYLE('',(#1699));
#1625=SURFACE_SIDE_STYLE('',(#1700));
#1626=SURFACE_SIDE_STYLE('',(#1701));
#1627=SURFACE_SIDE_STYLE('',(#1702));
#1628=SURFACE_SIDE_STYLE('',(#1703));
#1629=SURFACE_SIDE_STYLE('',(#1704));
#1630=SURFACE_SIDE_STYLE('',(#1705));
#1631=SURFACE_SIDE_STYLE('',(#1706));
#1632=SURFACE_SIDE_STYLE('',(#1707));
#1633=SURFACE_SIDE_STYLE('',(#1708));
#1634=SURFACE_SIDE_STYLE('',(#1709));
#1635=SURFACE_SIDE_STYLE('',(#1710));
#1636=SURFACE_SIDE_STYLE('',(#1711));
#1637=SURFACE_SIDE_STYLE('',(#1712));
#1638=SURFACE_SIDE_STYLE('',(#1713));
#1639=SURFACE_SIDE_STYLE('',(#1714));
#1640=SURFACE_STYLE_FILL_AREA(#1715);
#1641=SURFACE_STYLE_FILL_AREA(#1716);
#1642=SURFACE_STYLE_FILL_AREA(#1717);
#1643=SURFACE_STYLE_FILL_AREA(#1718);
#1644=SURFACE_STYLE_FILL_AREA(#1719);
#1645=SURFACE_STYLE_FILL_AREA(#1720);
#1646=SURFACE_STYLE_FILL_AREA(#1721);
#1647=SURFACE_STYLE_FILL_AREA(#1722);
#1648=SURFACE_STYLE_FILL_AREA(#1723);
#1649=SURFACE_STYLE_FILL_AREA(#1724);
#1650=SURFACE_STYLE_FILL_AREA(#1725);
#1651=SURFACE_STYLE_FILL_AREA(#1726);
#1652=SURFACE_STYLE_FILL_AREA(#1727);
#1653=SURFACE_STYLE_FILL_AREA(#1728);
#1654=SURFACE_STYLE_FILL_AREA(#1729);
#1655=SURFACE_STYLE_FILL_AREA(#1730);
#1656=SURFACE_STYLE_FILL_AREA(#1731);
#1657=SURFACE_STYLE_FILL_AREA(#1732);
#1658=SURFACE_STYLE_FILL_AREA(#1733);
#1659=SURFACE_STYLE_FILL_AREA(#1734);
#1660=SURFACE_STYLE_FILL_AREA(#1735);
#1661=SURFACE_STYLE_FILL_AREA(#1736);
#1662=SURFACE_STYLE_FILL_AREA(#1737);
#1663=SURFACE_STYLE_FILL_AREA(#1738);
#1664=SURFACE_STYLE_FILL_AREA(#1739);
#1665=SURFACE_STYLE_FILL_AREA(#1740);
#1666=SURFACE_STYLE_FILL_AREA(#1741);
#1667=SURFACE_STYLE_FILL_AREA(#1742);
#1668=SURFACE_STYLE_FILL_AREA(#1743);
#1669=SURFACE_STYLE_FILL_AREA(#1744);
#1670=SURFACE_STYLE_FILL_AREA(#1745);
#1671=SURFACE_STYLE_FILL_AREA(#1746);
#1672=SURFACE_STYLE_FILL_AREA(#1747);
#1673=SURFACE_STYLE_FILL_AREA(#1748);
#1674=SURFACE_STYLE_FILL_AREA(#1749);
#1675=SURFACE_STYLE_FILL_AREA(#1750);
#1676=SURFACE_STYLE_FILL_AREA(#1751);
#1677=SURFACE_STYLE_FILL_AREA(#1752);
#1678=SURFACE_STYLE_FILL_AREA(#1753);
#1679=SURFACE_STYLE_FILL_AREA(#1754);
#1680=SURFACE_STYLE_FILL_AREA(#1755);
#1681=SURFACE_STYLE_FILL_AREA(#1756);
#1682=SURFACE_STYLE_FILL_AREA(#1757);
#1683=SURFACE_STYLE_FILL_AREA(#1758);
#1684=SURFACE_STYLE_FILL_AREA(#1759);
#1685=SURFACE_STYLE_FILL_AREA(#1760);
#1686=SURFACE_STYLE_FILL_AREA(#1761);
#1687=SURFACE_STYLE_FILL_AREA(#1762);
#1688=SURFACE_STYLE_FILL_AREA(#1763);
#1689=SURFACE_STYLE_FILL_AREA(#1764);
#1690=SURFACE_STYLE_FILL_AREA(#1765);
#1691=SURFACE_STYLE_FILL_AREA(#1766);
#1692=SURFACE_STYLE_FILL_AREA(#1767);
#1693=SURFACE_STYLE_FILL_AREA(#1768);
#1694=SURFACE_STYLE_FILL_AREA(#1769);
#1695=SURFACE_STYLE_FILL_AREA(#1770);
#1696=SURFACE_STYLE_FILL_AREA(#1771);
#1697=SURFACE_STYLE_FILL_AREA(#1772);
#1698=SURFACE_STYLE_FILL_AREA(#1773);
#1699=SURFACE_STYLE_FILL_AREA(#1774);
#1700=SURFACE_STYLE_FILL_AREA(#1775);
#1701=SURFACE_STYLE_FILL_AREA(#1776);
#1702=SURFACE_STYLE_FILL_AREA(#1777);
#1703=SURFACE_STYLE_FILL_AREA(#1778);
#1704=SURFACE_STYLE_FILL_AREA(#1779);
#1705=SURFACE_STYLE_FILL_AREA(#1780);
#1706=SURFACE_STYLE_FILL_AREA(#1781);
#1707=SURFACE_STYLE_FILL_AREA(#1782);
#1708=SURFACE_STYLE_FILL_AREA(#1783);
#1709=SURFACE_STYLE_FILL_AREA(#1784);
#1710=SURFACE_STYLE_FILL_AREA(#1785);
#1711=SURFACE_STYLE_FILL_AREA(#1786);
#1712=SURFACE_STYLE_FILL_AREA(#1787);
#1713=SURFACE_STYLE_FILL_AREA(#1788);
#1714=SURFACE_STYLE_FILL_AREA(#1789);
#1715=FILL_AREA_STYLE('',(#1790));
#1716=FILL_AREA_STYLE('',(#1791));
#1717=FILL_AREA_STYLE('',(#1792));
#1718=FILL_AREA_STYLE('',(#1793));
#1719=FILL_AREA_STYLE('',(#1794));
#1720=FILL_AREA_STYLE('',(#1795));
#1721=FILL_AREA_STYLE('',(#1796));
#1722=FILL_AREA_STYLE('',(#1797));
#1723=FILL_AREA_STYLE('',(#1798));
#1724=FILL_AREA_STYLE('',(#1799));
#1725=FILL_AREA_STYLE('',(#1800));
#1726=FILL_AREA_STYLE('',(#1801));
#1727=FILL_AREA_STYLE('',(#1802));
#1728=FILL_AREA_STYLE('',(#1803));
#1729=FILL_AREA_STYLE('',(#1804));
#1730=FILL_AREA_STYLE('',(#1805));
#1731=FILL_AREA_STYLE('',(#1806));
#1732=FILL_AREA_STYLE('',(#1807));
#1733=FILL_AREA_STYLE('',(#1808));
#1734=FILL_AREA_STYLE('',(#1809));
#1735=FILL_AREA_STYLE('',(#1810));
#1736=FILL_AREA_STYLE('',(#1811));
#1737=FILL_AREA_STYLE('',(#1812));
#1738=FILL_AREA_STYLE('',(#1813));
#1739=FILL_AREA_STYLE('',(#1814));
#1740=FILL_AREA_STYLE('',(#1815));
#1741=FILL_AREA_STYLE('',(#1816));
#1742=FILL_AREA_STYLE('',(#1817));
#1743=FILL_AREA_STYLE('',(#1818));
#1744=FILL_AREA_STYLE('',(#1819));
#1745=FILL_AREA_STYLE('',(#1820));
#1746=FILL_AREA_STYLE('',(#1821));
#1747=FILL_AREA_STYLE('',(#1822));
#1748=FILL_AREA_STYLE('',(#1823));
#1749=FILL_AREA_STYLE('',(#1824));
#1750=FILL_AREA_STYLE('',(#1825));
#1751=FILL_AREA_STYLE('',(#1826));
#1752=FILL_AREA_STYLE('',(#1827));
#1753=FILL_AREA_STYLE('',(#1828));
#1754=FILL_AREA_STYLE('',(#1829));
#1755=FILL_AREA_STYLE('',(#1830));
#1756=FILL_AREA_STYLE('',(#1831));
#1757=FILL_AREA_STYLE('',(#1832));
#1758=FILL_AREA_STYLE('',(#1833));
#1759=FILL_AREA_STYLE('',(#1834));
#1760=FILL_AREA_STYLE('',(#1835));
#1761=FILL_AREA_STYLE('',(#1836));
#1762=FILL_AREA_STYLE('',(#1837));
#1763=FILL_AREA_STYLE('',(#1838));
#1764=FILL_AREA_STYLE('',(#1839));
#1765=FILL_AREA_STYLE('',(#1840));
#1766=FILL_AREA_STYLE('',(#1841));
#1767=FILL_AREA_STYLE('',(#1842));
#1768=FILL_AREA_STYLE('',(#1843));
#1769=FILL_AREA_STYLE('',(#1844));
#1770=FILL_AREA_STYLE('',(#1845));
#1771=FILL_AREA_STYLE('',(#1846));
#1772=FILL_AREA_STYLE('',(#1847));
#1773=FILL_AREA_STYLE('',(#1848));
#1774=FILL_AREA_STYLE('',(#1849));
#1775=FILL_AREA_STYLE('',(#1850));
#1776=FILL_AREA_STYLE('',(#1851));
#1777=FILL_AREA_STYLE('',(#1852));
#1778=FILL_AREA_STYLE('',(#1853));
#1779=FILL_AREA_STYLE('',(#1854));
#1780=FILL_AREA_STYLE('',(#1855));
#1781=FILL_AREA_STYLE('',(#1856));
#1782=FILL_AREA_STYLE('',(#1857));
#1783=FILL_AREA_STYLE('',(#1858));
#1784=FILL_AREA_STYLE('',(#1859));
#1785=FILL_AREA_STYLE('',(#1860));
#1786=FILL_AREA_STYLE('',(#1861));
#1787=FILL_AREA_STYLE('',(#1862));
#1788=FILL_AREA_STYLE('',(#1863));
#1789=FILL_AREA_STYLE('',(#1864));
#1790=FILL_AREA_STYLE_COLOUR('',#1865);
#1791=FILL_AREA_STYLE_COLOUR('',#1865);
#1792=FILL_AREA_STYLE_COLOUR('',#1865);
#1793=FILL_AREA_STYLE_COLOUR('',#1865);
#1794=FILL_AREA_STYLE_COLOUR('',#1865);
#1795=FILL_AREA_STYLE_COLOUR('',#1865);
#1796=FILL_AREA_STYLE_COLOUR('',#1865);
#1797=FILL_AREA_STYLE_COLOUR('',#1866);
#1798=FILL_AREA_STYLE_COLOUR('',#1865);
#1799=FILL_AREA_STYLE_COLOUR('',#1865);
#1800=FILL_AREA_STYLE_COLOUR('',#1865);
#1801=FILL_AREA_STYLE_COLOUR('',#1865);
#1802=FILL_AREA_STYLE_COLOUR('',#1865);
#1803=FILL_AREA_STYLE_COLOUR('',#1865);
#1804=FILL_AREA_STYLE_COLOUR('',#1865);
#1805=FILL_AREA_STYLE_COLOUR('',#1866);
#1806=FILL_AREA_STYLE_COLOUR('',#1865);
#1807=FILL_AREA_STYLE_COLOUR('',#1865);
#1808=FILL_AREA_STYLE_COLOUR('',#1865);
#1809=FILL_AREA_STYLE_COLOUR('',#1865);
#1810=FILL_AREA_STYLE_COLOUR('',#1865);
#1811=FILL_AREA_STYLE_COLOUR('',#1865);
#1812=FILL_AREA_STYLE_COLOUR('',#1865);
#1813=FILL_AREA_STYLE_COLOUR('',#1865);
#1814=FILL_AREA_STYLE_COLOUR('',#1865);
#1815=FILL_AREA_STYLE_COLOUR('',#1865);
#1816=FILL_AREA_STYLE_COLOUR('',#1865);
#1817=FILL_AREA_STYLE_COLOUR('',#1865);
#1818=FILL_AREA_STYLE_COLOUR('',#1865);
#1819=FILL_AREA_STYLE_COLOUR('',#1865);
#1820=FILL_AREA_STYLE_COLOUR('',#1866);
#1821=FILL_AREA_STYLE_COLOUR('',#1866);
#1822=FILL_AREA_STYLE_COLOUR('',#1866);
#1823=FILL_AREA_STYLE_COLOUR('',#1865);
#1824=FILL_AREA_STYLE_COLOUR('',#1865);
#1825=FILL_AREA_STYLE_COLOUR('',#1865);
#1826=FILL_AREA_STYLE_COLOUR('',#1865);
#1827=FILL_AREA_STYLE_COLOUR('',#1865);
#1828=FILL_AREA_STYLE_COLOUR('',#1865);
#1829=FILL_AREA_STYLE_COLOUR('',#1865);
#1830=FILL_AREA_STYLE_COLOUR('',#1866);
#1831=FILL_AREA_STYLE_COLOUR('',#1865);
#1832=FILL_AREA_STYLE_COLOUR('',#1865);
#1833=FILL_AREA_STYLE_COLOUR('',#1865);
#1834=FILL_AREA_STYLE_COLOUR('',#1865);
#1835=FILL_AREA_STYLE_COLOUR('',#1865);
#1836=FILL_AREA_STYLE_COLOUR('',#1865);
#1837=FILL_AREA_STYLE_COLOUR('',#1865);
#1838=FILL_AREA_STYLE_COLOUR('',#1866);
#1839=FILL_AREA_STYLE_COLOUR('',#1866);
#1840=FILL_AREA_STYLE_COLOUR('',#1866);
#1841=FILL_AREA_STYLE_COLOUR('',#1866);
#1842=FILL_AREA_STYLE_COLOUR('',#1866);
#1843=FILL_AREA_STYLE_COLOUR('',#1866);
#1844=FILL_AREA_STYLE_COLOUR('',#1866);
#1845=FILL_AREA_STYLE_COLOUR('',#1866);
#1846=FILL_AREA_STYLE_COLOUR('',#1866);
#1847=FILL_AREA_STYLE_COLOUR('',#1866);
#1848=FILL_AREA_STYLE_COLOUR('',#1866);
#1849=FILL_AREA_STYLE_COLOUR('',#1866);
#1850=FILL_AREA_STYLE_COLOUR('',#1866);
#1851=FILL_AREA_STYLE_COLOUR('',#1866);
#1852=FILL_AREA_STYLE_COLOUR('',#1866);
#1853=FILL_AREA_STYLE_COLOUR('',#1866);
#1854=FILL_AREA_STYLE_COLOUR('',#1866);
#1855=FILL_AREA_STYLE_COLOUR('',#1866);
#1856=FILL_AREA_STYLE_COLOUR('',#1866);
#1857=FILL_AREA_STYLE_COLOUR('',#1866);
#1858=FILL_AREA_STYLE_COLOUR('',#1866);
#1859=FILL_AREA_STYLE_COLOUR('',#1866);
#1860=FILL_AREA_STYLE_COLOUR('',#1866);
#1861=FILL_AREA_STYLE_COLOUR('',#1866);
#1862=FILL_AREA_STYLE_COLOUR('',#1866);
#1863=FILL_AREA_STYLE_COLOUR('',#1866);
#1864=FILL_AREA_STYLE_COLOUR('',#1866);
#1865=COLOUR_RGB('',0.815686285495758,0.815686285495758,0.815686285495758);
#1866=COLOUR_RGB('',0.250980406999588,0.250980406999588,0.250980406999588);
#1867=ADVANCED_FACE('',(#1206),#1281,.T.);
#1868=ADVANCED_FACE('',(#1207),#1282,.T.);
#1869=ADVANCED_FACE('',(#1208),#1283,.T.);
#1870=ADVANCED_FACE('',(#1209),#1284,.T.);
#1871=ADVANCED_FACE('',(#1210),#1285,.T.);
#1872=ADVANCED_FACE('',(#1211),#1286,.T.);
#1873=ADVANCED_FACE('',(#1212),#1287,.T.);
#1874=ADVANCED_FACE('',(#1213),#1288,.T.);
#1875=ADVANCED_FACE('',(#1214),#1289,.T.);
#1876=ADVANCED_FACE('',(#1215),#1290,.T.);
#1877=ADVANCED_FACE('',(#1216),#1291,.T.);
#1878=ADVANCED_FACE('',(#1217),#1292,.T.);
#1879=ADVANCED_FACE('',(#1218),#1293,.T.);
#1880=ADVANCED_FACE('',(#1219),#1294,.T.);
#1881=ADVANCED_FACE('',(#1220),#1295,.T.);
#1882=ADVANCED_FACE('',(#1221),#1296,.T.);
#1883=ADVANCED_FACE('',(#1222),#1297,.T.);
#1884=ADVANCED_FACE('',(#1223),#1298,.T.);
#1885=ADVANCED_FACE('',(#1224),#1299,.T.);
#1886=ADVANCED_FACE('',(#1225),#1300,.T.);
#1887=ADVANCED_FACE('',(#1226),#1301,.T.);
#1888=ADVANCED_FACE('',(#1227),#1302,.T.);
#1889=ADVANCED_FACE('',(#1228),#1303,.T.);
#1890=ADVANCED_FACE('',(#1229),#1304,.T.);
#1891=ADVANCED_FACE('',(#1230),#1305,.T.);
#1892=ADVANCED_FACE('',(#1231),#1306,.T.);
#1893=ADVANCED_FACE('',(#1232),#1307,.T.);
#1894=ADVANCED_FACE('',(#1233),#1308,.T.);
#1895=ADVANCED_FACE('',(#1234),#1309,.T.);
#1896=ADVANCED_FACE('',(#1235),#1310,.T.);
#1897=ADVANCED_FACE('',(#1236),#1311,.T.);
#1898=ADVANCED_FACE('',(#1237),#1312,.T.);
#1899=ADVANCED_FACE('',(#1238),#1313,.T.);
#1900=ADVANCED_FACE('',(#1239),#1314,.T.);
#1901=ADVANCED_FACE('',(#1240),#1315,.T.);
#1902=ADVANCED_FACE('',(#1241),#1316,.T.);
#1903=ADVANCED_FACE('',(#1242),#1317,.T.);
#1904=ADVANCED_FACE('',(#1243),#1318,.T.);
#1905=ADVANCED_FACE('',(#1244),#1319,.T.);
#1906=ADVANCED_FACE('',(#1245),#1320,.T.);
#1907=ADVANCED_FACE('',(#1246),#1321,.T.);
#1908=ADVANCED_FACE('',(#1247),#1322,.T.);
#1909=ADVANCED_FACE('',(#1248),#1323,.T.);
#1910=ADVANCED_FACE('',(#1249),#1324,.T.);
#1911=ADVANCED_FACE('',(#1250),#1325,.T.);
#1912=ADVANCED_FACE('',(#1251),#1326,.T.);
#1913=ADVANCED_FACE('',(#1252),#1327,.T.);
#1914=ADVANCED_FACE('',(#1253),#1328,.T.);
#1915=ADVANCED_FACE('',(#1254),#1329,.T.);
#1916=ADVANCED_FACE('',(#1255),#1330,.T.);
#1917=ADVANCED_FACE('',(#1256),#22,.T.);
#1918=ADVANCED_FACE('',(#1257),#1331,.T.);
#1919=ADVANCED_FACE('',(#1258),#23,.T.);
#1920=ADVANCED_FACE('',(#1259),#1332,.T.);
#1921=ADVANCED_FACE('',(#1260),#24,.T.);
#1922=ADVANCED_FACE('',(#1261),#25,.T.);
#1923=ADVANCED_FACE('',(#1262),#1333,.T.);
#1924=ADVANCED_FACE('',(#1263),#1334,.T.);
#1925=ADVANCED_FACE('',(#1264),#26,.T.);
#1926=ADVANCED_FACE('',(#1265),#1335,.T.);
#1927=ADVANCED_FACE('',(#1266),#27,.T.);
#1928=ADVANCED_FACE('',(#1267),#28,.T.);
#1929=ADVANCED_FACE('',(#1268),#14,.T.);
#1930=ADVANCED_FACE('',(#1269),#29,.T.);
#1931=ADVANCED_FACE('',(#1270),#1336,.T.);
#1932=ADVANCED_FACE('',(#1271),#1337,.T.);
#1933=ADVANCED_FACE('',(#1272),#30,.T.);
#1934=ADVANCED_FACE('',(#1273),#1338,.T.);
#1935=ADVANCED_FACE('',(#1274),#15,.T.);
#1936=ADVANCED_FACE('',(#1275),#1339,.T.);
#1937=ADVANCED_FACE('',(#1276),#16,.T.);
#1938=ADVANCED_FACE('',(#1277),#31,.T.);
#1939=ADVANCED_FACE('',(#1278),#32,.T.);
#1940=ADVANCED_FACE('',(#1279),#17,.T.);
#1941=ADVANCED_FACE('',(#1280),#33,.T.);
#1942=CLOSED_SHELL('',(#1867,#1868,#1869,#1870,#1871,#1872,#1873,#1874,
#1875,#1876,#1877,#1878,#1879,#1880,#1881,#1882,#1883,#1884,#1885,#1886,
#1887,#1888,#1889,#1890,#1891,#1892,#1893,#1894,#1895,#1896,#1897,#1898,
#1899,#1900,#1901,#1902,#1903,#1904,#1905,#1906,#1907,#1908,#1909,#1910,
#1911,#1912,#1913,#1914,#1915,#1916,#1917,#1918,#1919,#1920,#1921,#1922,
#1923,#1924,#1925,#1926,#1927,#1928,#1929,#1930,#1931,#1932,#1933,#1934,
#1935,#1936,#1937,#1938,#1939,#1940,#1941));
#1943=MANIFOLD_SOLID_BREP('',#1942);
#1944=SHAPE_DEFINITION_REPRESENTATION(#2824,#1945);
#1945=SHAPE_REPRESENTATION('AP7361C-33Y5-13',(#1946),#2819);
#1946=AXIS2_PLACEMENT_3D('',#2416,#2043,#2044);
#1947=AXIS2_PLACEMENT_3D('',#2417,#2045,#2046);
#1948=AXIS2_PLACEMENT_3D('',#2426,#2051,#2052);
#1949=AXIS2_PLACEMENT_3D('',#2440,#2060,#2061);
#1950=AXIS2_PLACEMENT_3D('',#2446,#2065,#2066);
#1951=AXIS2_PLACEMENT_3D('',#2457,#2073,#2074);
#1952=AXIS2_PLACEMENT_3D('',#2459,#2076,#2077);
#1953=AXIS2_PLACEMENT_3D('',#2461,#2079,#2080);
#1954=AXIS2_PLACEMENT_3D('',#2462,#2081,#2082);
#1955=AXIS2_PLACEMENT_3D('',#2468,#2086,#2087);
#1956=AXIS2_PLACEMENT_3D('',#2477,#2092,#2093);
#1957=AXIS2_PLACEMENT_3D('',#2491,#2101,#2102);
#1958=AXIS2_PLACEMENT_3D('',#2497,#2106,#2107);
#1959=AXIS2_PLACEMENT_3D('',#2508,#2114,#2115);
#1960=AXIS2_PLACEMENT_3D('',#2510,#2117,#2118);
#1961=AXIS2_PLACEMENT_3D('',#2512,#2120,#2121);
#1962=AXIS2_PLACEMENT_3D('',#2513,#2122,#2123);
#1963=AXIS2_PLACEMENT_3D('',#2519,#2127,#2128);
#1964=AXIS2_PLACEMENT_3D('',#2528,#2133,#2134);
#1965=AXIS2_PLACEMENT_3D('',#2542,#2142,#2143);
#1966=AXIS2_PLACEMENT_3D('',#2560,#2153,#2154);
#1967=AXIS2_PLACEMENT_3D('',#2564,#2157,#2158);
#1968=AXIS2_PLACEMENT_3D('',#2577,#2165,#2166);
#1969=AXIS2_PLACEMENT_3D('',#2581,#2169,#2170);
#1970=AXIS2_PLACEMENT_3D('',#2583,#2172,#2173);
#1971=AXIS2_PLACEMENT_3D('',#2591,#2178,#2179);
#1972=AXIS2_PLACEMENT_3D('',#2595,#2182,#2183);
#1973=AXIS2_PLACEMENT_3D('',#2602,#2188,#2189);
#1974=AXIS2_PLACEMENT_3D('',#2604,#2191,#2192);
#1975=AXIS2_PLACEMENT_3D('',#2606,#2194,#2195);
#1976=AXIS2_PLACEMENT_3D('',#2608,#2197,#2198);
#1977=AXIS2_PLACEMENT_3D('',#2611,#2201,#2202);
#1978=AXIS2_PLACEMENT_3D('',#2617,#2206,#2207);
#1979=AXIS2_PLACEMENT_3D('',#2623,#2211,#2212);
#1980=AXIS2_PLACEMENT_3D('',#2624,#2213,#2214);
#1981=AXIS2_PLACEMENT_3D('',#2628,#2216,#2217);
#1982=AXIS2_PLACEMENT_3D('',#2638,#2223,#2224);
#1983=AXIS2_PLACEMENT_3D('',#2644,#2228,#2229);
#1984=AXIS2_PLACEMENT_3D('',#2656,#2236,#2237);
#1985=AXIS2_PLACEMENT_3D('',#2662,#2241,#2242);
#1986=AXIS2_PLACEMENT_3D('',#2669,#2247,#2248);
#1987=AXIS2_PLACEMENT_3D('',#2671,#2250,#2251);
#1988=AXIS2_PLACEMENT_3D('',#2673,#2253,#2254);
#1989=AXIS2_PLACEMENT_3D('',#2674,#2255,#2256);
#1990=AXIS2_PLACEMENT_3D('',#2680,#2260,#2261);
#1991=AXIS2_PLACEMENT_3D('',#2689,#2266,#2267);
#1992=AXIS2_PLACEMENT_3D('',#2700,#2274,#2275);
#1993=AXIS2_PLACEMENT_3D('',#2706,#2279,#2280);
#1994=AXIS2_PLACEMENT_3D('',#2717,#2287,#2288);
#1995=AXIS2_PLACEMENT_3D('',#2719,#2290,#2291);
#1996=AXIS2_PLACEMENT_3D('',#2721,#2293,#2294);
#1997=AXIS2_PLACEMENT_3D('',#2722,#2295,#2296);
#1998=AXIS2_PLACEMENT_3D('',#2728,#2300,#2301);
#1999=AXIS2_PLACEMENT_3D('',#2730,#2303,#2304);
#2000=AXIS2_PLACEMENT_3D('',#2731,#2305,#2306);
#2001=AXIS2_PLACEMENT_3D('',#2735,#2308,#2309);
#2002=AXIS2_PLACEMENT_3D('',#2736,#2310,#2311);
#2003=AXIS2_PLACEMENT_3D('',#2737,#2312,#2313);
#2004=AXIS2_PLACEMENT_3D('',#2740,#2315,#2316);
#2005=AXIS2_PLACEMENT_3D('',#2743,#2318,#2319);
#2006=AXIS2_PLACEMENT_3D('',#2744,#2320,#2321);
#2007=AXIS2_PLACEMENT_3D('',#2750,#2325,#2326);
#2008=AXIS2_PLACEMENT_3D('',#2751,#2327,#2328);
#2009=AXIS2_PLACEMENT_3D('',#2754,#2330,#2331);
#2010=AXIS2_PLACEMENT_3D('',#2759,#2334,#2335);
#2011=AXIS2_PLACEMENT_3D('',#2760,#2336,#2337);
#2012=AXIS2_PLACEMENT_3D('',#2762,#2339,#2340);
#2013=AXIS2_PLACEMENT_3D('',#2766,#2343,#2344);
#2014=AXIS2_PLACEMENT_3D('',#2767,#2345,#2346);
#2015=AXIS2_PLACEMENT_3D('',#2768,#2347,#2348);
#2016=AXIS2_PLACEMENT_3D('',#2770,#2350,#2351);
#2017=AXIS2_PLACEMENT_3D('',#2771,#2352,#2353);
#2018=AXIS2_PLACEMENT_3D('',#2774,#2355,#2356);
#2019=AXIS2_PLACEMENT_3D('',#2775,#2357,#2358);
#2020=AXIS2_PLACEMENT_3D('',#2779,#2360,#2361);
#2021=AXIS2_PLACEMENT_3D('',#2780,#2362,#2363);
#2022=AXIS2_PLACEMENT_3D('',#2781,#2364,#2365);
#2023=AXIS2_PLACEMENT_3D('',#2782,#2366,#2367);
#2024=AXIS2_PLACEMENT_3D('',#2783,#2368,#2369);
#2025=AXIS2_PLACEMENT_3D('',#2788,#2372,#2373);
#2026=AXIS2_PLACEMENT_3D('',#2790,#2375,#2376);
#2027=AXIS2_PLACEMENT_3D('',#2794,#2379,#2380);
#2028=AXIS2_PLACEMENT_3D('',#2797,#2382,#2383);
#2029=AXIS2_PLACEMENT_3D('',#2798,#2384,#2385);
#2030=AXIS2_PLACEMENT_3D('',#2800,#2387,#2388);
#2031=AXIS2_PLACEMENT_3D('',#2801,#2389,#2390);
#2032=AXIS2_PLACEMENT_3D('',#2802,#2391,#2392);
#2033=AXIS2_PLACEMENT_3D('',#2808,#2396,#2397);
#2034=AXIS2_PLACEMENT_3D('',#2809,#2398,#2399);
#2035=AXIS2_PLACEMENT_3D('',#2810,#2400,#2401);
#2036=AXIS2_PLACEMENT_3D('',#2811,#2402,#2403);
#2037=AXIS2_PLACEMENT_3D('',#2812,#2404,#2405);
#2038=AXIS2_PLACEMENT_3D('',#2813,#2406,#2407);
#2039=AXIS2_PLACEMENT_3D('',#2814,#2408,#2409);
#2040=AXIS2_PLACEMENT_3D('',#2815,#2410,#2411);
#2041=AXIS2_PLACEMENT_3D('',#2816,#2412,#2413);
#2042=AXIS2_PLACEMENT_3D('Base',#2817,#2414,#2415);
#2043=DIRECTION('',(0.,0.,1.));
#2044=DIRECTION('',(1.,0.,0.));
#2045=DIRECTION('',(6.4535843600529E-17,-1.,-1.94476344299913E-42));
#2046=DIRECTION('',(-1.,-6.4535843600529E-17,-1.71145840087245E-58));
#2047=DIRECTION('',(1.,6.4535843600529E-17,0.));
#2048=DIRECTION('',(4.56388906898274E-59,1.94476344299913E-42,-1.));
#2049=DIRECTION('',(-1.,-6.4535843600529E-17,-1.71145840087245E-58));
#2050=DIRECTION('',(4.56388906898274E-59,1.94476344299913E-42,-1.));
#2051=DIRECTION('',(-1.,-3.02216633444369E-17,-1.09286218844883E-41));
#2052=DIRECTION('',(3.02216633444369E-17,-1.,-6.00998986965357E-18));
#2053=DIRECTION('',(3.02216633444369E-17,-1.,0.));
#2054=DIRECTION('',(1.09286218844883E-41,0.,-1.));
#2055=DIRECTION('',(-2.595688561818E-18,0.0858883421549267,-0.996304768974774));
#2056=DIRECTION('',(3.02216633444369E-17,-1.,-6.00998986965357E-18));
#2057=DIRECTION('',(0.,0.707106781186548,-0.707106781186547));
#2058=DIRECTION('',(1.81631879615524E-34,-6.00998986965357E-18,1.));
#2059=DIRECTION('',(3.02216633444369E-17,-1.,-6.00998986965357E-18));
#2060=DIRECTION('',(4.84018827009278E-18,-1.31271532403882E-42,1.));
#2061=DIRECTION('',(-1.,-2.34675794910283E-17,4.84018827009278E-18));
#2062=DIRECTION('',(-1.,-4.17257609500128E-19,4.84018827009278E-18));
#2063=DIRECTION('',(2.34675794910283E-17,-1.,-1.1358750429266E-34));
#2064=DIRECTION('',(-1.,-2.34675794910283E-17,4.84018827009278E-18));
#2065=DIRECTION('',(1.,-9.44426979524829E-18,1.02455830168291E-41));
#2066=DIRECTION('',(-9.44426979524829E-18,-1.,6.00998986965357E-18));
#2067=DIRECTION('',(9.44426979524829E-18,1.,0.));
#2068=DIRECTION('',(-9.44426979524829E-18,-1.,6.00998986965357E-18));
#2069=DIRECTION('',(-5.67599555501344E-35,-6.00998986965357E-18,-1.));
#2070=DIRECTION('',(0.,-0.707106781186548,0.707106781186547));
#2071=DIRECTION('',(-8.11152675577725E-19,-0.0858883421549267,0.996304768974774));
#2072=DIRECTION('',(-1.02455830168291E-41,0.,1.));
#2073=DIRECTION('',(0.,0.,-1.));
#2074=DIRECTION('',(-1.,2.3467579491028E-17,0.));
#2075=DIRECTION('',(-1.,2.3467579491028E-17,0.));
#2076=DIRECTION('',(3.62476470223964E-10,0.707106781186547,0.707106781186548));
#2077=DIRECTION('',(-1.,2.56309499713191E-10,2.56309640518668E-10));
#2078=DIRECTION('',(-1.,2.56309499713191E-10,2.56309640518668E-10));
#2079=DIRECTION('',(-3.39449619139291E-42,1.,5.63221907782492E-17));
#2080=DIRECTION('',(-5.37620911976287E-16,5.63221907782492E-17,-1.));
#2081=DIRECTION('',(0.,1.,0.));
#2082=DIRECTION('',(-1.,0.,2.80010891654315E-19));
#2083=DIRECTION('',(-1.,0.,2.80010891654315E-19));
#2084=DIRECTION('',(-1.,0.,2.80010891654315E-19));
#2085=DIRECTION('',(2.80010891654315E-19,0.,1.));
#2086=DIRECTION('',(6.45358436001035E-17,-1.,9.72381721493155E-42));
#2087=DIRECTION('',(-1.,-6.45358436001035E-17,8.55729200426451E-58));
#2088=DIRECTION('',(1.,6.45358436001035E-17,0.));
#2089=DIRECTION('',(-2.28194453447636E-58,-9.72381721493155E-42,-1.));
#2090=DIRECTION('',(-1.,-6.45358436001035E-17,8.55729200426451E-58));
#2091=DIRECTION('',(-2.28194453447636E-58,-9.72381721493155E-42,-1.));
#2092=DIRECTION('',(-1.,9.44426979508789E-18,3.41519433888502E-42));
#2093=DIRECTION('',(-9.44426979508789E-18,-1.,-6.00998986965357E-18));
#2094=DIRECTION('',(8.11152675563948E-19,0.0858883421549267,-0.996304768974774));
#2095=DIRECTION('',(-9.44426979508789E-18,-1.,-6.00998986965357E-18));
#2096=DIRECTION('',(0.,0.707106781186547,-0.707106781186548));
#2097=DIRECTION('',(-5.67599623795591E-35,-6.00998986965357E-18,1.));
#2098=DIRECTION('',(-9.44426979508789E-18,-1.,-6.00998986965357E-18));
#2099=DIRECTION('',(-9.44426979508789E-18,-1.,0.));
#2100=DIRECTION('',(-3.41519433888502E-42,0.,-1.));
#2101=DIRECTION('',(4.84018826996339E-18,1.45857258222636E-43,1.));
#2102=DIRECTION('',(-1.,-2.3467579491028E-17,4.84018826996339E-18));
#2103=DIRECTION('',(-1.,-4.17257609488974E-19,4.84018826996339E-18));
#2104=DIRECTION('',(2.3467579491028E-17,-1.,-1.1358750283105E-34));
#2105=DIRECTION('',(-1.,-2.3467579491028E-17,4.84018826996339E-18));
#2106=DIRECTION('',(1.,3.02216633446447E-17,-3.27858656536905E-41));
#2107=DIRECTION('',(3.02216633446447E-17,-1.,6.00998986965357E-18));
#2108=DIRECTION('',(2.59568856183585E-18,-0.0858883421549267,0.996304768974774));
#2109=DIRECTION('',(3.27858656536905E-41,0.,1.));
#2110=DIRECTION('',(-3.02216633446447E-17,1.,0.));
#2111=DIRECTION('',(3.02216633446447E-17,-1.,6.00998986965357E-18));
#2112=DIRECTION('',(1.8163185775953E-34,-6.00998986965357E-18,-1.));
#2113=DIRECTION('',(0.,-0.707106781186547,0.707106781186548));
#2114=DIRECTION('',(0.,0.,-1.));
#2115=DIRECTION('',(-1.,2.34675794910283E-17,0.));
#2116=DIRECTION('',(-1.,2.34675794910283E-17,0.));
#2117=DIRECTION('',(-3.62476470223964E-10,0.707106781186547,0.707106781186548));
#2118=DIRECTION('',(-1.,-2.56309640518667E-10,-2.56309499713191E-10));
#2119=DIRECTION('',(-1.,-2.56309640518667E-10,-2.56309499713191E-10));
#2120=DIRECTION('',(6.78899238278581E-42,1.,5.63221907782492E-17));
#2121=DIRECTION('',(-2.04807966467156E-16,5.63221907782492E-17,-1.));
#2122=DIRECTION('',(0.,1.,0.));
#2123=DIRECTION('',(-1.,0.,2.80010891654315E-19));
#2124=DIRECTION('',(-1.,0.,2.80010891654315E-19));
#2125=DIRECTION('',(-1.,0.,2.80010891654315E-19));
#2126=DIRECTION('',(0.,0.,-1.));
#2127=DIRECTION('',(0.,0.,1.));
#2128=DIRECTION('',(1.,0.,0.));
#2129=DIRECTION('',(1.,0.,0.));
#2130=DIRECTION('',(2.12496070392289E-18,-1.,-2.72143266243248E-60));
#2131=DIRECTION('',(1.,0.,0.));
#2132=DIRECTION('',(0.,1.,0.));
#2133=DIRECTION('',(-1.,-2.12496070392289E-18,1.28069787709883E-42));
#2134=DIRECTION('',(2.12496070392289E-18,-1.,-2.72143266243248E-60));
#2135=DIRECTION('',(-1.82509352004303E-19,0.0858883421549267,0.996304768974774));
#2136=DIRECTION('',(1.28069787709883E-42,0.,1.));
#2137=DIRECTION('',(2.12496070392289E-18,-1.,0.));
#2138=DIRECTION('',(1.28069787709883E-42,0.,1.));
#2139=DIRECTION('',(2.12496070392289E-18,-1.,-2.72143266243248E-60));
#2140=DIRECTION('',(1.28069787709883E-42,0.,1.));
#2141=DIRECTION('',(0.,0.707106781186549,0.707106781186547));
#2142=DIRECTION('',(0.,0.,-1.));
#2143=DIRECTION('',(-1.,0.,0.));
#2144=DIRECTION('',(0.,1.,0.));
#2145=DIRECTION('',(-1.,0.,0.));
#2146=DIRECTION('',(-0.707106781186548,0.707106781186548,0.));
#2147=DIRECTION('',(0.,1.,0.));
#2148=DIRECTION('',(0.707106781186547,0.707106781186548,0.));
#2149=DIRECTION('',(-1.,0.,0.));
#2150=DIRECTION('',(0.707106781186547,-0.707106781186548,0.));
#2151=DIRECTION('',(0.,1.,0.));
#2152=DIRECTION('',(-0.707106781186548,-0.707106781186548,0.));
#2153=DIRECTION('',(-0.707106781186547,-0.707106781186548,4.47476350724877E-25));
#2154=DIRECTION('',(-0.707106781186548,0.707106781186547,4.59177480789956E-41));
#2155=DIRECTION('',(0.707106781186548,-0.707106781186547,0.));
#2156=DIRECTION('',(-3.16413562018171E-25,-3.16413562018171E-25,-1.));
#2157=DIRECTION('',(0.,0.,1.));
#2158=DIRECTION('',(1.,0.,0.));
#2159=DIRECTION('',(-1.,0.,0.));
#2160=DIRECTION('',(0.,1.,0.));
#2161=DIRECTION('',(-0.707106781186548,0.707106781186548,0.));
#2162=DIRECTION('',(1.,0.,0.));
#2163=DIRECTION('',(-0.707106781186548,-0.707106781186548,0.));
#2164=DIRECTION('',(0.,1.,0.));
#2165=DIRECTION('',(-1.47813759071829E-9,-0.707106781186547,0.707106781186549));
#2166=DIRECTION('',(-1.,1.04520111392364E-9,-1.04520111392365E-9));
#2167=DIRECTION('',(0.,-0.707106781186549,-0.707106781186547));
#2168=DIRECTION('',(-1.,1.04520111392364E-9,-1.04520111392365E-9));
#2169=DIRECTION('',(0.,-1.,0.));
#2170=DIRECTION('',(0.,0.,-1.));
#2171=DIRECTION('',(0.,0.,-1.));
#2172=DIRECTION('',(1.,9.54702053832521E-43,-7.92030807821837E-18));
#2173=DIRECTION('',(-7.92030807821837E-18,-7.56153438926139E-60,-1.));
#2174=DIRECTION('',(-7.89104071007839E-18,-0.0858883421549267,-0.996304768974774));
#2175=DIRECTION('',(-7.92030807821837E-18,-7.56153438926139E-60,-1.));
#2176=DIRECTION('',(-9.54702053832521E-43,1.,0.));
#2177=DIRECTION('',(-7.92030807821837E-18,0.,-1.));
#2178=DIRECTION('',(0.707106781186548,-0.707106781186548,-6.17943531953402E-25));
#2179=DIRECTION('',(-0.707106781186548,-0.707106781186548,0.));
#2180=DIRECTION('',(0.707106781186548,0.707106781186548,0.));
#2181=DIRECTION('',(-4.36952061834616E-25,4.36952061834616E-25,-1.));
#2182=DIRECTION('',(1.,0.,0.));
#2183=DIRECTION('',(0.,0.,-1.));
#2184=DIRECTION('',(0.,-0.0858883421549267,0.996304768974774));
#2185=DIRECTION('',(0.,0.,1.));
#2186=DIRECTION('',(0.,1.,0.));
#2187=DIRECTION('',(0.,0.,-1.));
#2188=DIRECTION('',(0.707106781186547,0.707106781186548,5.11401543685574E-25));
#2189=DIRECTION('',(-0.707106781186548,0.707106781186547,-9.18354961579912E-41));
#2190=DIRECTION('',(-3.61615499449338E-25,-3.61615499449338E-25,1.));
#2191=DIRECTION('',(-2.63073454833841E-41,1.,-2.18248489266455E-16));
#2192=DIRECTION('',(1.28132279435853E-56,-2.18248489266455E-16,-1.));
#2193=DIRECTION('',(1.28132279435853E-56,-2.18248489266455E-16,-1.));
#2194=DIRECTION('',(-0.707106781186547,0.707106781186548,4.90093146032008E-25));
#2195=DIRECTION('',(-0.707106781186548,-0.707106781186547,9.18354961579912E-41));
#2196=DIRECTION('',(3.46548186972282E-25,-3.46548186972282E-25,1.));
#2197=DIRECTION('',(-1.,0.,0.));
#2198=DIRECTION('',(0.,-1.,0.));
#2199=DIRECTION('',(0.,0.0858883421549267,-0.996304768974774));
#2200=DIRECTION('',(0.,-1.,0.));
#2201=DIRECTION('',(0.,1.,0.));
#2202=DIRECTION('',(-1.,0.,2.80010891654315E-19));
#2203=DIRECTION('',(-1.,0.,2.80010891654315E-19));
#2204=DIRECTION('',(-1.,0.,2.80010891654315E-19));
#2205=DIRECTION('',(2.80010891654315E-19,0.,1.));
#2206=DIRECTION('',(0.,-1.,0.));
#2207=DIRECTION('',(-1.,0.,-2.80010891654315E-19));
#2208=DIRECTION('',(-1.,0.,-2.80010891654315E-19));
#2209=DIRECTION('',(-1.,0.,0.));
#2210=DIRECTION('',(1.82143698074806E-41,0.,1.));
#2211=DIRECTION('',(0.,0.,-1.));
#2212=DIRECTION('',(-1.,0.,0.));
#2213=DIRECTION('',(0.,0.,-1.));
#2214=DIRECTION('',(-1.,0.,0.));
#2215=DIRECTION('',(0.,1.,0.));
#2216=DIRECTION('',(0.,0.,1.));
#2217=DIRECTION('',(1.,0.,0.));
#2218=DIRECTION('',(-1.,0.,0.));
#2219=DIRECTION('',(-9.44426979524829E-18,1.,0.));
#2220=DIRECTION('',(-1.,6.4535843600529E-17,0.));
#2221=DIRECTION('',(-3.02216633444369E-17,-1.,0.));
#2222=DIRECTION('',(-1.,0.,2.80010891654315E-19));
#2223=DIRECTION('',(6.4535843600529E-17,1.,5.83429032899741E-42));
#2224=DIRECTION('',(-1.,6.4535843600529E-17,5.13437520261738E-58));
#2225=DIRECTION('',(1.36916672069483E-58,-5.83429032899741E-42,1.));
#2226=DIRECTION('',(-1.,6.4535843600529E-17,5.13437520261738E-58));
#2227=DIRECTION('',(1.36916672069483E-58,-5.83429032899741E-42,1.));
#2228=DIRECTION('',(1.,9.44426979524829E-18,1.13839811298101E-42));
#2229=DIRECTION('',(9.44426979524829E-18,-1.,-7.13497946063895E-59));
#2230=DIRECTION('',(8.11152675577725E-19,-0.0858883421549267,-0.996304768974774));
#2231=DIRECTION('',(9.44426979524829E-18,-1.,-7.13497946063895E-59));
#2232=DIRECTION('',(0.,-0.707106781186549,-0.707106781186547));
#2233=DIRECTION('',(1.13839811298101E-42,8.21011335197837E-59,-1.));
#2234=DIRECTION('',(9.44426979524829E-18,-1.,-7.13497946063895E-59));
#2235=DIRECTION('',(1.13839811298101E-42,0.,-1.));
#2236=DIRECTION('',(4.84018827009278E-18,1.02100080758575E-42,1.));
#2237=DIRECTION('',(-1.,4.94183613263179E-60,4.84018827009278E-18));
#2238=DIRECTION('',(1.,-4.17257609500128E-19,-4.84018827009278E-18));
#2239=DIRECTION('',(0.,-1.,1.02100080758575E-42));
#2240=DIRECTION('',(-1.,4.94183613263179E-60,4.84018827009278E-18));
#2241=DIRECTION('',(-1.,3.02216633444369E-17,1.82143698074806E-41));
#2242=DIRECTION('',(-3.02216633444369E-17,-1.,1.05089450903885E-57));
#2243=DIRECTION('',(2.595688561818E-18,0.0858883421549267,0.996304768974774));
#2244=DIRECTION('',(-3.02216633444369E-17,-1.,1.05089450903885E-57));
#2245=DIRECTION('',(1.82143698074806E-41,5.00425956686094E-58,1.));
#2246=DIRECTION('',(0.,0.707106781186549,0.707106781186547));
#2247=DIRECTION('',(0.,0.,-1.));
#2248=DIRECTION('',(-1.,1.4080547694617E-16,0.));
#2249=DIRECTION('',(-1.,1.4080547694617E-16,0.));
#2250=DIRECTION('',(-6.78899238278581E-42,-1.,5.63221907782492E-17));
#2251=DIRECTION('',(2.04807966467156E-16,-5.63221907782492E-17,-1.));
#2252=DIRECTION('',(1.,1.15352333534794E-32,2.04807966467156E-16));
#2253=DIRECTION('',(4.36722469984948E-10,-0.707106781186547,0.707106781186549));
#2254=DIRECTION('',(-1.,-3.08809420022895E-10,3.08809420022895E-10));
#2255=DIRECTION('',(0.,-1.,0.));
#2256=DIRECTION('',(-1.,0.,-2.80010891654315E-19));
#2257=DIRECTION('',(-1.,0.,0.));
#2258=DIRECTION('',(-1.,0.,-2.80010891654315E-19));
#2259=DIRECTION('',(-3.64287396152118E-42,0.,-1.));
#2260=DIRECTION('',(6.45358436001035E-17,1.,-2.91714516447947E-41));
#2261=DIRECTION('',(-1.,6.45358436001035E-17,-2.56718760127936E-57));
#2262=DIRECTION('',(-1.,6.45358436001035E-17,0.));
#2263=DIRECTION('',(-6.84583360342908E-58,2.91714516447947E-41,1.));
#2264=DIRECTION('',(-1.,6.45358436001035E-17,-2.56718760127936E-57));
#2265=DIRECTION('',(-6.84583360342908E-58,2.91714516447947E-41,1.));
#2266=DIRECTION('',(1.,-3.02216633446447E-17,-3.64287396152118E-42));
#2267=DIRECTION('',(-3.02216633446447E-17,-1.,2.10178901809973E-58));
#2268=DIRECTION('',(-2.59568856183585E-18,-0.0858883421549267,-0.996304768974774));
#2269=DIRECTION('',(-3.02216633446447E-17,-1.,2.10178901809973E-58));
#2270=DIRECTION('',(0.,-0.707106781186549,-0.707106781186547));
#2271=DIRECTION('',(-3.64287396152118E-42,-1.00085191337907E-58,-1.));
#2272=DIRECTION('',(-3.02216633446447E-17,-1.,2.10178901809973E-58));
#2273=DIRECTION('',(3.02216633446447E-17,1.,0.));
#2274=DIRECTION('',(4.84018826996339E-18,1.45857258222636E-43,1.));
#2275=DIRECTION('',(-1.,7.05976590338223E-61,4.84018826996339E-18));
#2276=DIRECTION('',(1.,-4.17257609488974E-19,-4.84018826996339E-18));
#2277=DIRECTION('',(0.,-1.,1.45857258222636E-43));
#2278=DIRECTION('',(-1.,7.05976590338223E-61,4.84018826996339E-18));
#2279=DIRECTION('',(-1.,-9.44426979508789E-18,-5.69199056480837E-42));
#2280=DIRECTION('',(9.44426979508789E-18,-1.,-3.56748973026803E-58));
#2281=DIRECTION('',(-8.11152675563948E-19,0.0858883421549267,0.996304768974774));
#2282=DIRECTION('',(-5.69199056480837E-42,0.,1.));
#2283=DIRECTION('',(9.44426979508789E-18,-1.,0.));
#2284=DIRECTION('',(9.44426979508789E-18,-1.,-3.56748973026803E-58));
#2285=DIRECTION('',(-5.69199056480837E-42,-4.10505667591948E-58,1.));
#2286=DIRECTION('',(0.,0.707106781186549,0.707106781186547));
#2287=DIRECTION('',(0.,0.,-1.));
#2288=DIRECTION('',(-1.,1.40805476946169E-16,0.));
#2289=DIRECTION('',(-1.,1.40805476946169E-16,0.));
#2290=DIRECTION('',(3.39449619139291E-42,-1.,5.63221907782492E-17));
#2291=DIRECTION('',(5.37620911976287E-16,-5.63221907782492E-17,-1.));
#2292=DIRECTION('',(1.,3.02799875740992E-32,5.37620911976287E-16));
#2293=DIRECTION('',(5.03910542290323E-10,-0.707106781186547,0.707106781186549));
#2294=DIRECTION('',(-1.,-3.56318561564878E-10,3.56318561564878E-10));
#2295=DIRECTION('',(0.,-1.,0.));
#2296=DIRECTION('',(-1.,0.,-2.80010891654315E-19));
#2297=DIRECTION('',(-1.,0.,0.));
#2298=DIRECTION('',(-1.,0.,-2.80010891654315E-19));
#2299=DIRECTION('',(0.,0.,-1.));
#2300=DIRECTION('',(0.,1.,0.));
#2301=DIRECTION('',(-1.,0.,2.80010891654315E-19));
#2302=DIRECTION('',(-1.,0.,2.80010891654315E-19));
#2303=DIRECTION('',(0.,0.,1.));
#2304=DIRECTION('',(1.,-2.168404344971E-15,0.));
#2305=DIRECTION('',(0.,0.,1.));
#2306=DIRECTION('',(1.,0.,0.));
#2307=DIRECTION('',(-7.52303548255348E-16,-3.21841090162673E-16,-1.));
#2308=DIRECTION('',(0.0428654822842936,-0.0428654822842935,0.998160859209111));
#2309=DIRECTION('',(-0.705806312261754,0.705806312261752,0.0606209464041099));
#2310=DIRECTION('',(0.,0.,-1.));
#2311=DIRECTION('',(-1.,0.,0.));
#2312=DIRECTION('',(0.,0.,-1.));
#2313=DIRECTION('',(-1.,0.,0.));
#2314=DIRECTION('',(0.,1.,0.));
#2315=DIRECTION('',(0.,0.,-1.));
#2316=DIRECTION('',(-1.,0.,0.));
#2317=DIRECTION('',(0.,0.,-1.));
#2318=DIRECTION('',(0.0428654822842936,0.0428654822842935,-0.998160859209111));
#2319=DIRECTION('',(-0.705806312261754,-0.705806312261752,-0.0606209464041099));
#2320=DIRECTION('',(0.,0.996304768974774,0.0858883421549267));
#2321=DIRECTION('',(-1.,0.,0.));
#2322=DIRECTION('',(0.0855732932531617,-0.0855732932531623,0.992650201714389));
#2323=DIRECTION('',(-1.,0.,0.));
#2324=DIRECTION('',(0.0855732932531625,0.0855732932531623,-0.992650201714389));
#2325=DIRECTION('',(-0.0855732932546069,0.0855732932546066,-0.99265020171414));
#2326=DIRECTION('',(-1.28586377651836E-11,0.996304768974553,0.0858883421574877));
#2327=DIRECTION('',(-0.0855732932546069,0.0855732932546066,-0.99265020171414));
#2328=DIRECTION('',(-0.996304768974648,0.,0.0858883421563873));
#2329=DIRECTION('',(-0.0855732932531625,0.0855732932531625,-0.992650201714389));
#2330=DIRECTION('',(0.,0.,1.));
#2331=DIRECTION('',(1.,2.16840434497102E-15,0.));
#2332=DIRECTION('',(0.,0.,1.));
#2333=DIRECTION('',(0.,0.,1.));
#2334=DIRECTION('',(-0.0428654822842933,0.0428654822842935,0.998160859209111));
#2335=DIRECTION('',(0.705806312261752,-0.705806312261754,0.0606209464041101));
#2336=DIRECTION('',(1.,-2.26703852783158E-41,-7.52303548255135E-16));
#2337=DIRECTION('',(-7.52303548255135E-16,3.21841090162673E-16,-1.));
#2338=DIRECTION('',(2.4212219412635E-31,1.,3.21841090162673E-16));
#2339=DIRECTION('',(-1.,1.13351926391611E-41,7.52303548255348E-16));
#2340=DIRECTION('',(-7.52303548255348E-16,-3.21841090162673E-16,-1.));
#2341=DIRECTION('',(2.42122194092413E-31,-1.,3.21841090162673E-16));
#2342=DIRECTION('',(-7.52303548255348E-16,-3.21841090162673E-16,-1.));
#2343=DIRECTION('',(0.,0.,-1.));
#2344=DIRECTION('',(-1.,2.16840434497102E-15,0.));
#2345=DIRECTION('',(-0.0428654822842935,-0.0428654822842935,-0.998160859209111));
#2346=DIRECTION('',(0.705806312261753,0.705806312261753,-0.06062094640411));
#2347=DIRECTION('',(0.,-1.,0.));
#2348=DIRECTION('',(-1.,0.,-2.80010891654315E-19));
#2349=DIRECTION('',(-1.,0.,-2.80010891654315E-19));
#2350=DIRECTION('',(0.0855732932546068,0.0855732932546066,-0.99265020171414));
#2351=DIRECTION('',(1.28629745738734E-11,0.996304768974553,0.0858883421574875));
#2352=DIRECTION('',(0.0855732932546068,0.0855732932546066,-0.99265020171414));
#2353=DIRECTION('',(-0.996304768974648,0.,-0.0858883421563872));
#2354=DIRECTION('',(0.0855732932546068,0.0855732932546066,-0.99265020171414));
#2355=DIRECTION('',(1.,1.00000303177028E-14,0.));
#2356=DIRECTION('',(-1.00000303177028E-14,1.,0.));
#2357=DIRECTION('',(1.,1.00000303177028E-14,0.));
#2358=DIRECTION('',(-1.00000303177028E-14,1.,0.));
#2359=DIRECTION('',(1.,1.00000303177028E-14,0.));
#2360=DIRECTION('',(1.,1.00000303177028E-14,0.));
#2361=DIRECTION('',(-1.00000303177028E-14,1.,0.));
#2362=DIRECTION('',(0.,0.,1.));
#2363=DIRECTION('',(1.,0.,0.));
#2364=DIRECTION('',(0.,-1.,0.));
#2365=DIRECTION('',(0.,0.,-1.));
#2366=DIRECTION('',(-0.0855732932546063,0.0855732932546067,0.99265020171414));
#2367=DIRECTION('',(-5.81999726178835E-12,-0.996304768974691,0.0858883421558894));
#2368=DIRECTION('',(-0.0855732932546063,0.0855732932546067,0.99265020171414));
#2369=DIRECTION('',(0.,-0.996304768974648,0.0858883421563871));
#2370=DIRECTION('',(-0.0855732932531625,0.0855732932531623,0.992650201714389));
#2371=DIRECTION('',(-0.0855732932546063,0.0855732932546067,0.99265020171414));
#2372=DIRECTION('',(0.996304768974774,0.,0.0858883421549269));
#2373=DIRECTION('',(0.,1.,0.));
#2374=DIRECTION('',(0.,1.,0.));
#2375=DIRECTION('',(-0.996304768974774,0.,0.0858883421549269));
#2376=DIRECTION('',(0.,1.,0.));
#2377=DIRECTION('',(0.0855732932531625,0.0855732932531623,0.992650201714389));
#2378=DIRECTION('',(0.,1.,0.));
#2379=DIRECTION('',(0.0855732932546067,0.0855732932546066,0.99265020171414));
#2380=DIRECTION('',(-1.11542719501212E-11,-0.996304768974566,0.0858883421573412));
#2381=DIRECTION('',(-0.0855732932531617,-0.0855732932531623,-0.992650201714389));
#2382=DIRECTION('',(0.0855732932546067,0.0855732932546066,0.99265020171414));
#2383=DIRECTION('',(0.996304768974648,0.,-0.0858883421563871));
#2384=DIRECTION('',(0.,-0.996304768974774,0.0858883421549267));
#2385=DIRECTION('',(-1.,0.,0.));
#2386=DIRECTION('',(-1.,0.,0.));
#2387=DIRECTION('',(0.,0.,1.));
#2388=DIRECTION('',(1.,0.,0.));
#2389=DIRECTION('',(0.,-1.,0.));
#2390=DIRECTION('',(0.,0.,-1.));
#2391=DIRECTION('',(0.,0.,1.));
#2392=DIRECTION('',(1.,0.,0.));
#2393=DIRECTION('',(0.,1.,0.));
#2394=DIRECTION('',(1.,0.,0.));
#2395=DIRECTION('',(0.,1.,0.));
#2396=DIRECTION('',(0.,0.,1.));
#2397=DIRECTION('',(1.,0.,0.));
#2398=DIRECTION('',(0.,-1.,0.));
#2399=DIRECTION('',(0.,0.,-1.));
#2400=DIRECTION('',(-1.,1.83697019872103E-16,0.));
#2401=DIRECTION('',(-1.83697019872103E-16,-1.,0.));
#2402=DIRECTION('',(0.,-1.,0.));
#2403=DIRECTION('',(0.,0.,-1.));
#2404=DIRECTION('',(0.,-1.,0.));
#2405=DIRECTION('',(0.,0.,-1.));
#2406=DIRECTION('',(0.,-1.,0.));
#2407=DIRECTION('',(0.,0.,-1.));
#2408=DIRECTION('',(0.,0.,1.));
#2409=DIRECTION('',(1.,0.,0.));
#2410=DIRECTION('',(-1.,-4.25719507862853E-15,0.));
#2411=DIRECTION('',(4.25719507862853E-15,-1.,0.));
#2412=DIRECTION('',(1.,0.,0.));
#2413=DIRECTION('',(0.,1.,-2.16840434497101E-15));
#2414=DIRECTION('',(0.,0.,1.));
#2415=DIRECTION('',(1.,0.,0.));
#2416=CARTESIAN_POINT('',(0.,0.,0.));
#2417=CARTESIAN_POINT('',(1.5,0.86,0.440000005100955));
#2418=CARTESIAN_POINT('',(1.5,0.86,0.05));
#2419=CARTESIAN_POINT('',(1.26,0.86,0.05));
#2420=CARTESIAN_POINT('',(1.74,0.86,0.05));
#2421=CARTESIAN_POINT('',(1.26,0.86,0.440000005100955));
#2422=CARTESIAN_POINT('',(1.26,0.86,-1.23204792327896E-18));
#2423=CARTESIAN_POINT('',(1.5,0.86,0.));
#2424=CARTESIAN_POINT('',(1.74,0.86,1.23204792327896E-18));
#2425=CARTESIAN_POINT('',(1.74,0.86,0.440000005100955));
#2426=CARTESIAN_POINT('',(1.26,1.68,0.440000005100955));
#2427=CARTESIAN_POINT('',(1.26,1.68,0.05));
#2428=CARTESIAN_POINT('',(1.26,1.3,0.05));
#2429=CARTESIAN_POINT('',(1.26,1.3,0.440000005100955));
#2430=CARTESIAN_POINT('',(1.26,1.3,0.19));
#2431=CARTESIAN_POINT('',(1.26,1.28141044512232,0.405638836576246));
#2432=CARTESIAN_POINT('',(1.26,1.27844827586158,0.44));
#2433=CARTESIAN_POINT('',(1.26,1.68,0.44));
#2434=CARTESIAN_POINT('',(1.26,2.27999999477111,0.44));
#2435=CARTESIAN_POINT('',(1.26,2.27999999655508,0.439999996555085));
#2436=CARTESIAN_POINT('',(1.26,2.49999999827752,0.219999994832647));
#2437=CARTESIAN_POINT('',(1.26,2.49999999999997,0.440000005100955));
#2438=CARTESIAN_POINT('',(1.26,2.49999999999997,1.23204792327895E-18));
#2439=CARTESIAN_POINT('',(1.26,1.68,0.));
#2440=CARTESIAN_POINT('',(1.5,0.859999996964689,0.44));
#2441=CARTESIAN_POINT('',(1.5,1.27844827586158,0.44));
#2442=CARTESIAN_POINT('',(1.74,1.27844827586158,0.44));
#2443=CARTESIAN_POINT('',(1.74,0.859999996964689,0.44));
#2444=CARTESIAN_POINT('',(1.74,2.27999999464808,0.44));
#2445=CARTESIAN_POINT('',(1.5,2.27999999643205,0.44));
#2446=CARTESIAN_POINT('',(1.74,1.68,0.440000005100955));
#2447=CARTESIAN_POINT('',(1.74,1.68,0.05));
#2448=CARTESIAN_POINT('',(1.74,1.3,0.05));
#2449=CARTESIAN_POINT('',(1.74,1.68,0.));
#2450=CARTESIAN_POINT('',(1.74,2.49999999999997,-1.23204792327895E-18));
#2451=CARTESIAN_POINT('',(1.74,2.49999999999997,0.440000005100955));
#2452=CARTESIAN_POINT('',(1.74,2.49999999821601,0.219999994648104));
#2453=CARTESIAN_POINT('',(1.74,2.49999999643205,0.219999996432056));
#2454=CARTESIAN_POINT('',(1.74,1.28141044512232,0.405638836576246));
#2455=CARTESIAN_POINT('',(1.74,1.3,0.19));
#2456=CARTESIAN_POINT('',(1.74,1.3,0.440000005100955));
#2457=CARTESIAN_POINT('',(1.5,0.859999996964689,0.));
#2458=CARTESIAN_POINT('',(1.5,2.49999999999997,0.));
#2459=CARTESIAN_POINT('',(1.5,2.50000000245109,0.219999990536053));
#2460=CARTESIAN_POINT('',(1.5,2.49999999649356,0.219999996493583));
#2461=CARTESIAN_POINT('',(1.74000000300111,2.49999999999997,0.11));
#2462=CARTESIAN_POINT('',(3.44776290850391E-16,1.3,0.049999995426333));
#2463=CARTESIAN_POINT('',(3.44776290851671E-16,1.3,0.05));
#2464=CARTESIAN_POINT('',(2.2,1.3,0.05));
#2465=CARTESIAN_POINT('',(3.44815492376503E-16,1.3,0.19));
#2466=CARTESIAN_POINT('',(2.20016829836366,1.29999996148054,0.19000071139778));
#2467=CARTESIAN_POINT('',(2.2,1.3,0.049999995426333));
#2468=CARTESIAN_POINT('',(-1.5,0.86,0.440000005100955));
#2469=CARTESIAN_POINT('',(-1.5,0.86,0.05));
#2470=CARTESIAN_POINT('',(-1.74,0.86,0.05));
#2471=CARTESIAN_POINT('',(-1.26,0.86,0.05));
#2472=CARTESIAN_POINT('',(-1.74,0.86,0.440000005100955));
#2473=CARTESIAN_POINT('',(-1.74,0.86,-1.23204792327896E-18));
#2474=CARTESIAN_POINT('',(-1.5,0.86,0.));
#2475=CARTESIAN_POINT('',(-1.26,0.86,1.23204792327896E-18));
#2476=CARTESIAN_POINT('',(-1.26,0.86,0.440000005100955));
#2477=CARTESIAN_POINT('',(-1.74,1.68,0.440000005100955));
#2478=CARTESIAN_POINT('',(-1.74,1.28141044512232,0.405638836576246));
#2479=CARTESIAN_POINT('',(-1.74,1.27844827586158,0.44));
#2480=CARTESIAN_POINT('',(-1.74,1.3,0.19));
#2481=CARTESIAN_POINT('',(-1.74,1.68,0.44));
#2482=CARTESIAN_POINT('',(-1.74,2.2799999947096,0.44));
#2483=CARTESIAN_POINT('',(-1.74,2.27999999643205,0.439999996432057));
#2484=CARTESIAN_POINT('',(-1.74,2.49999999821601,0.219999994648104));
#2485=CARTESIAN_POINT('',(-1.74,2.49999999999997,0.440000005100955));
#2486=CARTESIAN_POINT('',(-1.74,2.49999999999997,1.23204792327895E-18));
#2487=CARTESIAN_POINT('',(-1.74,1.68,0.));
#2488=CARTESIAN_POINT('',(-1.74,1.68,0.05));
#2489=CARTESIAN_POINT('',(-1.74,1.3,0.05));
#2490=CARTESIAN_POINT('',(-1.74,1.3,0.440000005100955));
#2491=CARTESIAN_POINT('',(-1.5,0.859999996964689,0.44));
#2492=CARTESIAN_POINT('',(-1.5,1.27844827586158,0.44));
#2493=CARTESIAN_POINT('',(-1.26,1.27844827586158,0.44));
#2494=CARTESIAN_POINT('',(-1.26,0.859999996964689,0.44));
#2495=CARTESIAN_POINT('',(-1.26,2.27999999483263,0.44));
#2496=CARTESIAN_POINT('',(-1.5,2.27999999655508,0.44));
#2497=CARTESIAN_POINT('',(-1.26,1.68,0.440000005100955));
#2498=CARTESIAN_POINT('',(-1.26,1.28141044512232,0.405638836576246));
#2499=CARTESIAN_POINT('',(-1.26,1.3,0.19));
#2500=CARTESIAN_POINT('',(-1.26,1.3,0.440000005100955));
#2501=CARTESIAN_POINT('',(-1.26,1.3,0.05));
#2502=CARTESIAN_POINT('',(-1.26,1.68,0.05));
#2503=CARTESIAN_POINT('',(-1.26,1.68,0.));
#2504=CARTESIAN_POINT('',(-1.26,2.49999999999997,-1.23204792327895E-18));
#2505=CARTESIAN_POINT('',(-1.26,2.49999999999997,0.440000005100955));
#2506=CARTESIAN_POINT('',(-1.26,2.49999999827752,0.219999994832647));
#2507=CARTESIAN_POINT('',(-1.26,2.49999999655508,0.219999996555085));
#2508=CARTESIAN_POINT('',(-1.5,0.859999996964689,0.));
#2509=CARTESIAN_POINT('',(-1.5,2.49999999999997,0.));
#2510=CARTESIAN_POINT('',(-1.5,2.50000000245109,0.219999990536053));
#2511=CARTESIAN_POINT('',(-1.5,2.49999999649356,0.219999996493583));
#2512=CARTESIAN_POINT('',(-1.25999999841952,2.49999999999997,0.11));
#2513=CARTESIAN_POINT('',(3.44776290850391E-16,1.3,0.049999995426333));
#2514=CARTESIAN_POINT('',(3.44776290851671E-16,1.3,0.05));
#2515=CARTESIAN_POINT('',(-0.915,1.3,0.05));
#2516=CARTESIAN_POINT('',(3.44815492376503E-16,1.3,0.19));
#2517=CARTESIAN_POINT('',(-0.915,1.3,0.19));
#2518=CARTESIAN_POINT('',(-0.915,1.3,-9.09494701772928E-12));
#2519=CARTESIAN_POINT('',(-0.915,-2.25473525815,0.44));
#2520=CARTESIAN_POINT('',(-0.915,-1.27844827586158,0.44));
#2521=CARTESIAN_POINT('',(-0.24,-1.27844827586158,0.44));
#2522=CARTESIAN_POINT('',(0.24,-1.27844827586158,0.44));
#2523=CARTESIAN_POINT('',(-0.24,-1.65473525815,0.44));
#2524=CARTESIAN_POINT('',(-0.24,-2.25473526010519,0.44));
#2525=CARTESIAN_POINT('',(-0.915,-2.25473525815,0.44));
#2526=CARTESIAN_POINT('',(0.24,-2.25473526060688,0.44));
#2527=CARTESIAN_POINT('',(0.24,-2.25473525815,0.44));
#2528=CARTESIAN_POINT('',(-0.24,-1.65473525815,-9.09494701772928E-12));
#2529=CARTESIAN_POINT('',(-0.24,-1.31887529697787,-0.0289534449383767));
#2530=CARTESIAN_POINT('',(-0.24,-1.3,0.19));
#2531=CARTESIAN_POINT('',(-0.24,-1.3,-9.09494701772928E-12));
#2532=CARTESIAN_POINT('',(-0.24,-1.3,0.05));
#2533=CARTESIAN_POINT('',(-0.24,-1.65473525815,0.05));
#2534=CARTESIAN_POINT('',(-0.24,-0.83473525815,0.05));
#2535=CARTESIAN_POINT('',(-0.24,-0.83473525815,-9.09494701772928E-12));
#2536=CARTESIAN_POINT('',(-0.24,-0.83473525815,5.57893695798657E-61));
#2537=CARTESIAN_POINT('',(-0.24,-1.65473525815,0.));
#2538=CARTESIAN_POINT('',(-0.24,-2.47473525815,-1.11578739159733E-60));
#2539=CARTESIAN_POINT('',(-0.24,-2.47473525815,-9.09494701772928E-12));
#2540=CARTESIAN_POINT('',(-0.24,-2.47473525912759,0.22000000293277));
#2541=CARTESIAN_POINT('',(-0.24,-2.47473526010518,0.220000001955183));
#2542=CARTESIAN_POINT('',(0.915,-2.47473525815,0.));
#2543=CARTESIAN_POINT('',(0.24,-2.47473525815,0.));
#2544=CARTESIAN_POINT('',(0.24,-0.83473525815,0.));
#2545=CARTESIAN_POINT('',(0.24,-2.47473525815,0.));
#2546=CARTESIAN_POINT('',(0.915,-2.47473525815,0.));
#2547=CARTESIAN_POINT('',(-0.24,-0.83473525815,0.));
#2548=CARTESIAN_POINT('',(-0.915,-0.159735258150001,0.));
#2549=CARTESIAN_POINT('',(-0.915,-2.47473525815,0.));
#2550=CARTESIAN_POINT('',(-0.915,1.485,-3.94430452610506E-28));
#2551=CARTESIAN_POINT('',(-0.915,1.485,0.));
#2552=CARTESIAN_POINT('',(-0.5,1.9,1.35525271560688E-17));
#2553=CARTESIAN_POINT('',(0.915,1.9,0.));
#2554=CARTESIAN_POINT('',(0.5,1.9,-3.94430452610506E-28));
#2555=CARTESIAN_POINT('',(0.5,1.9,0.));
#2556=CARTESIAN_POINT('',(0.915,1.485,1.35525271560688E-17));
#2557=CARTESIAN_POINT('',(0.915,-2.47473525815,0.));
#2558=CARTESIAN_POINT('',(0.915,-0.15973525815,0.));
#2559=CARTESIAN_POINT('',(0.915,-0.159735258150001,0.));
#2560=CARTESIAN_POINT('',(-0.5775,-0.49723525815,-9.09494701772928E-12));
#2561=CARTESIAN_POINT('',(-0.5775,-0.49723525815,0.05));
#2562=CARTESIAN_POINT('',(-0.915,-0.159735258150001,0.05));
#2563=CARTESIAN_POINT('',(-0.915,-0.159735258150001,-9.09494701772928E-12));
#2564=CARTESIAN_POINT('',(-0.915,-2.25473525815,0.44));
#2565=CARTESIAN_POINT('',(-0.915,1.27844827586158,0.44));
#2566=CARTESIAN_POINT('',(0.915,1.27844827586158,0.44));
#2567=CARTESIAN_POINT('',(-0.915,1.27844827586158,0.44));
#2568=CARTESIAN_POINT('',(0.915,-2.25473525815,0.44));
#2569=CARTESIAN_POINT('',(0.915,1.485,0.44));
#2570=CARTESIAN_POINT('',(0.915,1.485,0.44));
#2571=CARTESIAN_POINT('',(0.5,1.9,0.44));
#2572=CARTESIAN_POINT('',(-0.915,1.9,0.44));
#2573=CARTESIAN_POINT('',(-0.5,1.9,0.44));
#2574=CARTESIAN_POINT('',(-0.5,1.9,0.44));
#2575=CARTESIAN_POINT('',(-0.915,1.485,0.44));
#2576=CARTESIAN_POINT('',(-0.915,-2.25473525815,0.44));
#2577=CARTESIAN_POINT('',(3.25260651745652E-17,-2.25473526664701,0.439999995915059));
#2578=CARTESIAN_POINT('',(0.24,-2.25473526689785,0.439999996165907));
#2579=CARTESIAN_POINT('',(0.24,-2.47473525937844,0.220000003685315));
#2580=CARTESIAN_POINT('',(3.25260651745652E-17,-2.47473526035603,0.220000002206028));
#2581=CARTESIAN_POINT('',(-0.240000001485896,-2.47473525815,0.11));
#2582=CARTESIAN_POINT('',(0.24,-2.47473525815,0.11));
#2583=CARTESIAN_POINT('',(0.24,-2.47473525815621,0.22));
#2584=CARTESIAN_POINT('',(0.24,-1.30609866670257,0.119255466251734));
#2585=CARTESIAN_POINT('',(0.24,-1.3,0.19));
#2586=CARTESIAN_POINT('',(0.24,-0.83473525815,0.22));
#2587=CARTESIAN_POINT('',(0.24,-0.83473525815,0.05));
#2588=CARTESIAN_POINT('',(0.24,-2.47473525815621,0.05));
#2589=CARTESIAN_POINT('',(0.24,-1.3,0.05));
#2590=CARTESIAN_POINT('',(0.24,-1.3,0.22));
#2591=CARTESIAN_POINT('',(0.5775,-0.49723525815,-9.09494701772928E-12));
#2592=CARTESIAN_POINT('',(0.5775,-0.49723525815,0.05));
#2593=CARTESIAN_POINT('',(0.915,-0.15973525815,0.05));
#2594=CARTESIAN_POINT('',(0.915,-0.15973525815,-9.09494701772928E-12));
#2595=CARTESIAN_POINT('',(0.915,-0.159735262877803,0.22));
#2596=CARTESIAN_POINT('',(0.915,1.28666468528363,0.344689650706372));
#2597=CARTESIAN_POINT('',(0.915,1.3,0.19));
#2598=CARTESIAN_POINT('',(0.915,1.3,0.22));
#2599=CARTESIAN_POINT('',(0.915,1.3,0.05));
#2600=CARTESIAN_POINT('',(0.915,-0.159735262877803,0.05));
#2601=CARTESIAN_POINT('',(0.915,1.485,0.22));
#2602=CARTESIAN_POINT('',(0.7075,1.6925,-9.09494701772928E-12));
#2603=CARTESIAN_POINT('',(0.5,1.9,-9.09494701772928E-12));
#2604=CARTESIAN_POINT('',(-0.500000005977199,1.9,0.22));
#2605=CARTESIAN_POINT('',(-0.5,1.9,0.22));
#2606=CARTESIAN_POINT('',(-0.7075,1.6925,-9.09494701772928E-12));
#2607=CARTESIAN_POINT('',(-0.915,1.485,-9.09494701772928E-12));
#2608=CARTESIAN_POINT('',(-0.915,0.662632370925,-9.09494701772928E-12));
#2609=CARTESIAN_POINT('',(-0.915,1.31155674513906,0.0559417563899251));
#2610=CARTESIAN_POINT('',(-0.915,0.662632370925,0.05));
#2611=CARTESIAN_POINT('',(3.44776290850391E-16,1.3,0.049999995426333));
#2612=CARTESIAN_POINT('',(3.44815492376503E-16,1.3,0.19));
#2613=CARTESIAN_POINT('',(-2.20016829836366,1.29999996148054,0.19000071139778));
#2614=CARTESIAN_POINT('',(3.44776290851671E-16,1.3,0.05));
#2615=CARTESIAN_POINT('',(-2.2,1.3,0.05));
#2616=CARTESIAN_POINT('',(-2.2,1.3,0.049999995426333));
#2617=CARTESIAN_POINT('',(-3.44776290850391E-16,-1.3,0.049999995426333));
#2618=CARTESIAN_POINT('',(-3.44815492376503E-16,-1.3,0.19));
#2619=CARTESIAN_POINT('',(1.26,-1.3,0.19));
#2620=CARTESIAN_POINT('',(2.3,-1.3,0.05));
#2621=CARTESIAN_POINT('',(1.26,-1.3,0.05));
#2622=CARTESIAN_POINT('',(1.26,-1.3,-9.09494701772928E-12));
#2623=CARTESIAN_POINT('',(2.3,-1.3,0.05));
#2624=CARTESIAN_POINT('',(2.2,1.2,0.05));
#2625=CARTESIAN_POINT('',(2.3,1.2,0.05));
#2626=CARTESIAN_POINT('',(2.3,-1.3,0.05));
#2627=CARTESIAN_POINT('',(2.3,-1.2,0.05));
#2628=CARTESIAN_POINT('',(2.2,-1.2,0.05));
#2629=CARTESIAN_POINT('',(2.2,-1.3,0.05));
#2630=CARTESIAN_POINT('',(2.3,-1.3,0.05));
#2631=CARTESIAN_POINT('',(1.74,-1.3,0.05));
#2632=CARTESIAN_POINT('',(1.74,-1.68,0.05));
#2633=CARTESIAN_POINT('',(1.74,-0.86,0.05));
#2634=CARTESIAN_POINT('',(1.5,-0.86,0.05));
#2635=CARTESIAN_POINT('',(1.26,-0.86,0.05));
#2636=CARTESIAN_POINT('',(1.26,-1.68,0.05));
#2637=CARTESIAN_POINT('',(3.44776290851671E-16,1.3,0.05));
#2638=CARTESIAN_POINT('',(1.5,-0.86,-9.09494701772928E-12));
#2639=CARTESIAN_POINT('',(1.74,-0.86,-9.09494701772928E-12));
#2640=CARTESIAN_POINT('',(1.74,-0.86,-1.55283542708434E-60));
#2641=CARTESIAN_POINT('',(1.5,-0.86,0.));
#2642=CARTESIAN_POINT('',(1.26,-0.86,-1.84627123137256E-58));
#2643=CARTESIAN_POINT('',(1.26,-0.86,-9.09494701772928E-12));
#2644=CARTESIAN_POINT('',(1.74,-1.68,-9.09494701772928E-12));
#2645=CARTESIAN_POINT('',(1.74,-1.31906167011044,-0.0311153732761352));
#2646=CARTESIAN_POINT('',(1.74,-1.27844827586158,0.44));
#2647=CARTESIAN_POINT('',(1.74,-1.3,0.19));
#2648=CARTESIAN_POINT('',(1.74,-1.68,0.44));
#2649=CARTESIAN_POINT('',(1.74,-2.28000000252381,0.44));
#2650=CARTESIAN_POINT('',(1.74,-2.28000000163313,0.440000001633135));
#2651=CARTESIAN_POINT('',(1.74,-2.49999999999997,0.220000002449715));
#2652=CARTESIAN_POINT('',(1.74,-2.49999999999997,-9.09494701772928E-12));
#2653=CARTESIAN_POINT('',(1.74,-2.49999999999997,-1.46267078943095E-59));
#2654=CARTESIAN_POINT('',(1.74,-1.68,0.));
#2655=CARTESIAN_POINT('',(1.74,-1.3,-9.09494701772928E-12));
#2656=CARTESIAN_POINT('',(1.5,-2.28000000505744,0.44));
#2657=CARTESIAN_POINT('',(1.5,-1.27844827586158,0.44));
#2658=CARTESIAN_POINT('',(1.26,-1.27844827586158,0.44));
#2659=CARTESIAN_POINT('',(1.26,-2.28000000505744,0.44));
#2660=CARTESIAN_POINT('',(1.26,-2.28000000267204,0.44));
#2661=CARTESIAN_POINT('',(1.5,-2.28000000178137,0.44));
#2662=CARTESIAN_POINT('',(1.26,-1.68,-9.09494701772928E-12));
#2663=CARTESIAN_POINT('',(1.26,-1.31906167011044,-0.0311153732761352));
#2664=CARTESIAN_POINT('',(1.26,-1.68,0.));
#2665=CARTESIAN_POINT('',(1.26,-2.49999999999997,2.15433374352958E-58));
#2666=CARTESIAN_POINT('',(1.26,-2.49999999999997,-9.09494701772928E-12));
#2667=CARTESIAN_POINT('',(1.26,-2.49999999999997,0.220000002597944));
#2668=CARTESIAN_POINT('',(1.26,-2.50000000178136,0.220000001781364));
#2669=CARTESIAN_POINT('',(1.5,-2.50000000043656,0.));
#2670=CARTESIAN_POINT('',(1.5,-2.49999999999997,0.));
#2671=CARTESIAN_POINT('',(1.25999999841952,-2.49999999999997,0.11));
#2672=CARTESIAN_POINT('',(1.25999999841952,-2.49999999999997,0.220000001633135));
#2673=CARTESIAN_POINT('',(1.5,-2.28000000749944,0.439999995915059));
#2674=CARTESIAN_POINT('',(-3.44776290850391E-16,-1.3,0.049999995426333));
#2675=CARTESIAN_POINT('',(2.3,-1.3,0.05));
#2676=CARTESIAN_POINT('',(-1.26,-1.3,0.05));
#2677=CARTESIAN_POINT('',(-3.44815492376503E-16,-1.3,0.19));
#2678=CARTESIAN_POINT('',(-1.26,-1.3,0.19));
#2679=CARTESIAN_POINT('',(-1.26,-1.3,-9.09494701772928E-12));
#2680=CARTESIAN_POINT('',(-1.5,-0.86,-9.09494701772928E-12));
#2681=CARTESIAN_POINT('',(-1.5,-0.86,0.05));
#2682=CARTESIAN_POINT('',(-1.26,-0.86,0.05));
#2683=CARTESIAN_POINT('',(-1.74,-0.86,0.05));
#2684=CARTESIAN_POINT('',(-1.26,-0.86,-9.09494701772928E-12));
#2685=CARTESIAN_POINT('',(-1.26,-0.86,6.78579063346782E-59));
#2686=CARTESIAN_POINT('',(-1.5,-0.86,0.));
#2687=CARTESIAN_POINT('',(-1.74,-0.86,-8.08977166062648E-59));
#2688=CARTESIAN_POINT('',(-1.74,-0.86,-9.09494701772928E-12));
#2689=CARTESIAN_POINT('',(-1.26,-1.68,-9.09494701772928E-12));
#2690=CARTESIAN_POINT('',(-1.26,-1.31906167011044,-0.0311153732761352));
#2691=CARTESIAN_POINT('',(-1.26,-1.27844827586158,0.44));
#2692=CARTESIAN_POINT('',(-1.26,-1.68,0.44));
#2693=CARTESIAN_POINT('',(-1.26,-2.28000000251811,0.44));
#2694=CARTESIAN_POINT('',(-1.26,-2.28000000162173,0.440000001621732));
#2695=CARTESIAN_POINT('',(-1.26,-2.49999999999997,0.220000002432612));
#2696=CARTESIAN_POINT('',(-1.26,-2.49999999999997,-9.09494701772928E-12));
#2697=CARTESIAN_POINT('',(-1.26,-2.49999999999997,4.30866748710432E-59));
#2698=CARTESIAN_POINT('',(-1.26,-1.68,0.));
#2699=CARTESIAN_POINT('',(-1.26,-1.68,0.05));
#2700=CARTESIAN_POINT('',(-1.5,-2.28000000505744,0.44));
#2701=CARTESIAN_POINT('',(-1.5,-1.27844827586158,0.44));
#2702=CARTESIAN_POINT('',(-1.74,-1.27844827586158,0.44));
#2703=CARTESIAN_POINT('',(-1.74,-2.28000000505744,0.44));
#2704=CARTESIAN_POINT('',(-1.74,-2.28000000268915,0.44));
#2705=CARTESIAN_POINT('',(-1.5,-2.28000000179276,0.44));
#2706=CARTESIAN_POINT('',(-1.74,-1.68,-9.09494701772928E-12));
#2707=CARTESIAN_POINT('',(-1.74,-1.31906167011044,-0.0311153732761352));
#2708=CARTESIAN_POINT('',(-1.74,-1.3,0.19));
#2709=CARTESIAN_POINT('',(-1.74,-1.3,-9.09494701772928E-12));
#2710=CARTESIAN_POINT('',(-1.74,-1.3,0.05));
#2711=CARTESIAN_POINT('',(-1.74,-1.68,0.05));
#2712=CARTESIAN_POINT('',(-1.74,-1.68,0.));
#2713=CARTESIAN_POINT('',(-1.74,-2.49999999999997,-7.31335394704927E-59));
#2714=CARTESIAN_POINT('',(-1.74,-2.49999999999997,-9.09494701772928E-12));
#2715=CARTESIAN_POINT('',(-1.74,-2.49999999999997,0.220000002603644));
#2716=CARTESIAN_POINT('',(-1.74,-2.50000000179277,0.220000001792766));
#2717=CARTESIAN_POINT('',(-1.5,-2.50000000043656,0.));
#2718=CARTESIAN_POINT('',(-1.5,-2.49999999999997,0.));
#2719=CARTESIAN_POINT('',(-1.74000000300111,-2.49999999999997,0.11));
#2720=CARTESIAN_POINT('',(-1.74000000300111,-2.49999999999997,0.220000001621733));
#2721=CARTESIAN_POINT('',(-1.5,-2.28000000749944,0.439999995915059));
#2722=CARTESIAN_POINT('',(-3.44776290850391E-16,-1.3,0.049999995426333));
#2723=CARTESIAN_POINT('',(2.3,-1.3,0.05));
#2724=CARTESIAN_POINT('',(-2.2,-1.3,0.05));
#2725=CARTESIAN_POINT('',(-3.44815492376503E-16,-1.3,0.19));
#2726=CARTESIAN_POINT('',(-2.20016829836366,-1.29999996148054,0.19000071139778));
#2727=CARTESIAN_POINT('',(-2.2,-1.3,0.121310761695));
#2728=CARTESIAN_POINT('',(3.44776290850391E-16,1.3,0.049999995426333));
#2729=CARTESIAN_POINT('',(3.44815492376503E-16,1.3,0.19));
#2730=CARTESIAN_POINT('',(-2.2,1.2,0.121310761695));
#2731=CARTESIAN_POINT('',(-2.2,1.2,0.05));
#2732=CARTESIAN_POINT('',(-2.3,1.2,0.05));
#2733=CARTESIAN_POINT('',(-2.3,1.2,0.12));
#2734=CARTESIAN_POINT('',(-2.29999996148055,1.20016829836318,0.190000711397749));
#2735=CARTESIAN_POINT('',(-2.2,1.2,0.185697633752801));
#2736=CARTESIAN_POINT('',(2.3,-1.3,0.05));
#2737=CARTESIAN_POINT('',(-2.2,-1.2,0.05));
#2738=CARTESIAN_POINT('',(-2.3,-1.2,0.05));
#2739=CARTESIAN_POINT('',(-2.3,-1.3,0.05));
#2740=CARTESIAN_POINT('',(2.2,1.2,0.121310761695));
#2741=CARTESIAN_POINT('',(2.3,1.2,0.121310761695));
#2742=CARTESIAN_POINT('',(2.29999996148055,1.20016829836318,0.190000711397749));
#2743=CARTESIAN_POINT('',(2.2,1.2,0.185697633752801));
#2744=CARTESIAN_POINT('',(2.2003695231,1.3,0.19));
#2745=CARTESIAN_POINT('',(-2.2003695231,1.3,0.19));
#2746=CARTESIAN_POINT('',(-2.10824979601024,1.20788027290881,1.25858883421964));
#2747=CARTESIAN_POINT('',(2.2003695231,1.20788027291,1.25858883422));
#2748=CARTESIAN_POINT('',(2.10824979601024,1.20788027290883,1.25858883421963));
#2749=CARTESIAN_POINT('',(2.10824979601,1.20788027291,1.25858883422));
#2750=CARTESIAN_POINT('',(-2.15466156235368,1.15466156235368,0.711623510429256));
#2751=CARTESIAN_POINT('',(-2.10824979600919,1.1082497960092,1.250000000004));
#2752=CARTESIAN_POINT('',(-2.20788027290883,1.10824979600892,1.2585888342195));
#2753=CARTESIAN_POINT('',(-2.20788027291,1.10824979601,1.25858883422));
#2754=CARTESIAN_POINT('',(2.2,-1.2,0.121310761695));
#2755=CARTESIAN_POINT('',(2.2,-1.3,0.121310761695));
#2756=CARTESIAN_POINT('',(2.20016829836366,-1.29999996148054,0.19000071139778));
#2757=CARTESIAN_POINT('',(2.3,-1.2,0.121310761695));
#2758=CARTESIAN_POINT('',(2.29999996148055,-1.20016829836318,0.190000711397749));
#2759=CARTESIAN_POINT('',(2.2,-1.2,0.185697633774803));
#2760=CARTESIAN_POINT('',(2.3,-1.20000000071741,0.12));
#2761=CARTESIAN_POINT('',(2.3,-1.20000000071741,0.19));
#2762=CARTESIAN_POINT('',(-2.3,-1.20000000071741,0.12));
#2763=CARTESIAN_POINT('',(-2.3,-1.20000000071741,0.19));
#2764=CARTESIAN_POINT('',(-2.29999996148055,-1.20016829836318,0.190000711397749));
#2765=CARTESIAN_POINT('',(-2.3,-1.2,0.12));
#2766=CARTESIAN_POINT('',(-2.2,-1.2,0.121310761695));
#2767=CARTESIAN_POINT('',(-2.2,-1.2,0.185697633754814));
#2768=CARTESIAN_POINT('',(-3.44776290850391E-16,-1.3,0.049999995426333));
#2769=CARTESIAN_POINT('',(-3.44815492376503E-16,-1.3,0.19));
#2770=CARTESIAN_POINT('',(2.15466156235368,1.15466156235368,0.711623510429256));
#2771=CARTESIAN_POINT('',(2.10824979600919,1.1082497960092,1.250000000004));
#2772=CARTESIAN_POINT('',(2.20788027290883,1.10824979601,1.25858883421962));
#2773=CARTESIAN_POINT('',(2.25429203925497,1.15466156235449,0.720212344645294));
#2774=CARTESIAN_POINT('',(6.69579512536601E-16,1.10824979601,1.25));
#2775=CARTESIAN_POINT('',(-2.10824979601,1.10824979600998,1.25));
#2776=CARTESIAN_POINT('',(-2.10824979601,1.10824979600999,1.35));
#2777=CARTESIAN_POINT('',(6.6957951253639E-16,1.10824979601002,1.35));
#2778=CARTESIAN_POINT('',(2.10824979601,1.10824979601002,1.35));
#2779=CARTESIAN_POINT('',(2.10824979601,1.10824979601002,1.25));
#2780=CARTESIAN_POINT('',(-2.10824979601,1.10824979601,1.25));
#2781=CARTESIAN_POINT('',(-2.10824979601,1.10824979601,1.25));
#2782=CARTESIAN_POINT('',(2.15466156235555,-1.15466156235555,0.711623510429578));
#2783=CARTESIAN_POINT('',(2.10824979601108,-1.10824979601108,1.25000000000414));
#2784=CARTESIAN_POINT('',(2.20788027290884,-1.10824979600923,1.25858883421944));
#2785=CARTESIAN_POINT('',(2.10824979601108,-1.20788027290858,1.2585888342196));
#2786=CARTESIAN_POINT('',(2.2003695231,-1.3,0.19));
#2787=CARTESIAN_POINT('',(2.25429203925499,-1.15466156235293,0.72021234464516));
#2788=CARTESIAN_POINT('',(2.3,-1.2003695231,0.19));
#2789=CARTESIAN_POINT('',(2.20788027291,-1.2003695231,1.25858883422));
#2790=CARTESIAN_POINT('',(-2.20788027291,-1.2003695231,1.25858883422));
#2791=CARTESIAN_POINT('',(-2.3,-1.2003695231,0.19));
#2792=CARTESIAN_POINT('',(-2.20788027290883,-1.10824979600892,1.2585888342195));
#2793=CARTESIAN_POINT('',(-2.20788027291,-1.2003695231,1.25858883422));
#2794=CARTESIAN_POINT('',(-2.15466156235385,-1.15466156235386,0.711623510429286));
#2795=CARTESIAN_POINT('',(-2.10824979601,-1.20788027291,1.25858883422));
#2796=CARTESIAN_POINT('',(-2.10824979601024,-1.20788027290882,1.25858883421964));
#2797=CARTESIAN_POINT('',(-2.10824979600936,-1.10824979600937,1.25000000000403));
#2798=CARTESIAN_POINT('',(2.2003695231,-1.20788027291,1.25858883422));
#2799=CARTESIAN_POINT('',(2.2003695231,-1.20788027291,1.25858883422));
#2800=CARTESIAN_POINT('',(2.10824979601,1.10824979601,1.25));
#2801=CARTESIAN_POINT('',(2.10824979601,1.10824979601,1.25));
#2802=CARTESIAN_POINT('',(-2.10824979601,-1.10824979601,1.35));
#2803=CARTESIAN_POINT('',(-2.10824979601,-1.10824979601,1.35));
#2804=CARTESIAN_POINT('',(-2.10824979601,-1.10824979601,1.35));
#2805=CARTESIAN_POINT('',(-2.10824979601,-1.10824979601,1.35));
#2806=CARTESIAN_POINT('',(2.10824979601,-1.10824979601,1.35));
#2807=CARTESIAN_POINT('',(2.10824979601,-1.10824979601,1.35));
#2808=CARTESIAN_POINT('',(2.10824979601,-1.10824979601,1.25));
#2809=CARTESIAN_POINT('',(2.10824979601,-1.10824979601,1.25));
#2810=CARTESIAN_POINT('',(2.10824979601,-1.10824979601,1.25));
#2811=CARTESIAN_POINT('',(2.10824979601,1.03257349760524E-16,1.25));
#2812=CARTESIAN_POINT('',(-2.10824979601,1.03257349760524E-16,1.25));
#2813=CARTESIAN_POINT('',(-2.10824979601,-1.10824979601,1.25));
#2814=CARTESIAN_POINT('',(-2.10824979601,-1.10824979601,1.25));
#2815=CARTESIAN_POINT('',(-2.10824979601,-1.10824979601,1.25));
#2816=CARTESIAN_POINT('',(-2.06514699521048E-16,-1.10824979601,1.25));
#2817=CARTESIAN_POINT('',(0.,0.,0.));
#2818=MECHANICAL_DESIGN_GEOMETRIC_PRESENTATION_REPRESENTATION('',(#1340,
#1341,#1342,#1343,#1344,#1345,#1346,#1347,#1348,#1349,#1350,#1351,#1352,
#1353,#1354,#1355,#1356,#1357,#1358,#1359,#1360,#1361,#1362,#1363,#1364,
#1365,#1366,#1367,#1368,#1369,#1370,#1371,#1372,#1373,#1374,#1375,#1376,
#1377,#1378,#1379,#1380,#1381,#1382,#1383,#1384,#1385,#1386,#1387,#1388,
#1389,#1390,#1391,#1392,#1393,#1394,#1395,#1396,#1397,#1398,#1399,#1400,
#1401,#1402,#1403,#1404,#1405,#1406,#1407,#1408,#1409,#1410,#1411,#1412,
#1413,#1414),#2819);
#2819=(
GEOMETRIC_REPRESENTATION_CONTEXT(3)
GLOBAL_UNCERTAINTY_ASSIGNED_CONTEXT((#2820))
GLOBAL_UNIT_ASSIGNED_CONTEXT((#2823,#2822,#2821))
REPRESENTATION_CONTEXT('AP7361C-33Y5-13','TOP_LEVEL_ASSEMBLY_PART')
);
#2820=UNCERTAINTY_MEASURE_WITH_UNIT(LENGTH_MEASURE(0.005),#2823,
'DISTANCE_ACCURACY_VALUE','Maximum Tolerance applied to model');
#2821=(
NAMED_UNIT(*)
SI_UNIT($,.STERADIAN.)
SOLID_ANGLE_UNIT()
);
#2822=(
NAMED_UNIT(*)
PLANE_ANGLE_UNIT()
SI_UNIT($,.RADIAN.)
);
#2823=(
LENGTH_UNIT()
NAMED_UNIT(*)
SI_UNIT(.MILLI.,.METRE.)
);
#2824=PRODUCT_DEFINITION_SHAPE('','',#2825);
#2825=PRODUCT_DEFINITION('','',#2827,#2826);
#2826=PRODUCT_DEFINITION_CONTEXT('',#2833,'design');
#2827=PRODUCT_DEFINITION_FORMATION_WITH_SPECIFIED_SOURCE('','',#2829,
 .NOT_KNOWN.);
#2828=PRODUCT_RELATED_PRODUCT_CATEGORY('','',(#2829));
#2829=PRODUCT('AP7361C-33Y5-13','AP7361C-33Y5-13','AP7361C-33Y5-13',(#2831));
#2830=PRODUCT_CATEGORY('','');
#2831=PRODUCT_CONTEXT('',#2833,'mechanical');
#2832=APPLICATION_PROTOCOL_DEFINITION('international standard',
'ap242_managed_model_based_3d_engineering',2011,#2833);
#2833=APPLICATION_CONTEXT('managed model based 3d engineering');
ENDSEC;
END-ISO-10303-21;
