#VRML V2.0 utf8
# META "generator" "CAD Exchanger 3.8.1 (cadexchanger.com)"
DEF __1 Transform {
  children [
    DEF AP7361C-33Y5-13 Group {
      children [
        DEF AP7361C-33Y5-13_1 Shape {
          appearance DEF __4 Appearance {
            material DEF __5 Material {
              ambientIntensity 0.245192304254
              diffuseColor 0.815686285496 0.815686285496 0.815686285496
              shininess 0
            }
          }
          geometry DEF __6 IndexedFaceSet {
            solid FALSE
            coord Coordinate {
              point [
                0.00126 0.00086 5e-05,
                0.00174 0.00086 5e-05,
                0.00126 0.00086 -1.23204792328e-21,
                0.00174 0.00086 1.23204792328e-21,
                0.00126 0.0013 5e-05,
                0.00126 0.0013 0.00019,
                0.00126 0.00127844827586 0.00044,
                0.00126 0.00227999999477 0.00044,
                0.00126 0.00249999999828 0.000219999994833,
                0.00126 0.0025 1.23204792328e-21,
                0.00174 0.00127844827586 0.00044,
                0.00174 0.00227999999465 0.00044,
                0.00174 0.0013 5e-05,
                0.00174 0.0025 -1.23204792328e-21,
                0.00174 0.00249999999822 0.000219999994648,
                0.00174 0.0013 0.00019,
                -0.00174 0.00086 5e-05,
                -0.00126 0.00086 5e-05,
                -0.00174 0.00086 -1.23204792328e-21,
                -0.00126 0.00086 1.23204792328e-21,
                -0.00174 0.00127844827586 0.00044,
                -0.00174 0.0013 0.00019,
                -0.00174 0.00227999999471 0.00044,
                -0.00174 0.00249999999822 0.000219999994648,
                -0.00174 0.0025 1.23204792328e-21,
                -0.00174 0.0013 5e-05,
                -0.00126 0.00127844827586 0.00044,
                -0.00126 0.00227999999483 0.00044,
                -0.00126 0.0013 0.00019,
                -0.00126 0.0013 5e-05,
                -0.00126 0.0025 -1.23204792328e-21,
                -0.00126 0.00249999999828 0.000219999994833,
                -0.00024 -0.00127844827586 0.00044,
                0.00024 -0.00127844827586 0.00044,
                -0.00024 -0.00225473526011 0.00044,
                0.00024 -0.00225473526061 0.00044,
                -0.00024 -0.0013 0.00019,
                -0.00024 -0.0013 5e-05,
                -0.00024 -0.00083473525815 5e-05,
                -0.00024 -0.00083473525815 5.57893695799e-64,
                -0.00024 -0.00247473525815 -1.1157873916e-63,
                -0.00024 -0.00247473525913 0.000220000002933,
                0.00024 -0.00247473525815 0,
                0.00024 -0.00083473525815 0,
                -0.000915 -0.00015973525815 0,
                -0.000915 0.001485 -3.94430452611e-31,
                -0.0005 0.0019 1.35525271561e-20,
                0.0005 0.0019 -3.94430452611e-31,
                0.000915 0.001485 1.35525271561e-20,
                0.000915 -0.00015973525815 0,
                -0.000915 -0.00015973525815 5e-05,
                0.000915 0.00127844827586 0.00044,
                -0.000915 0.00127844827586 0.00044,
                0.000915 0.001485 0.00044,
                0.0005 0.0019 0.00044,
                -0.0005 0.0019 0.00044,
                -0.000915 0.001485 0.00044,
                0.00024 -0.00247473525938 0.000220000003685,
                0.00024 -0.0013 0.00019,
                0.00024 -0.00083473525815 5e-05,
                0.00024 -0.0013 5e-05,
                0.000915 -0.00015973525815 5e-05,
                0.000915 0.0013 0.00019,
                0.000915 0.0013 5e-05,
                -0.000915 0.0013 0.00019,
                -0.000915 0.0013 5e-05,
                0.00174 -0.00086 5e-05,
                0.00126 -0.00086 5e-05,
                0.00174 -0.00086 -1.55283542708e-63,
                0.00126 -0.00086 -1.84627123137e-61,
                0.00174 -0.00127844827586 0.00044,
                0.00174 -0.0013 0.00019,
                0.00174 -0.00228000000252 0.00044,
                0.00174 -0.0025 0.00022000000245,
                0.00174 -0.0025 -1.46267078943e-62,
                0.00174 -0.0013 5e-05,
                0.00126 -0.00127844827586 0.00044,
                0.00126 -0.00228000000267 0.00044,
                0.00126 -0.0013 0.00019,
                0.00126 -0.0013 5e-05,
                0.00126 -0.0025 2.15433374353e-61,
                0.00126 -0.0025 0.000220000002598,
                -0.00126 -0.00086 5e-05,
                -0.00174 -0.00086 5e-05,
                -0.00126 -0.00086 6.78579063347e-62,
                -0.00174 -0.00086 -8.08977166063e-62,
                -0.00126 -0.00127844827586 0.00044,
                -0.00126 -0.0013 0.00019,
                -0.00126 -0.00228000000252 0.00044,
                -0.00126 -0.0025 0.000220000002433,
                -0.00126 -0.0025 4.3086674871e-62,
                -0.00126 -0.0013 5e-05,
                -0.00174 -0.00127844827586 0.00044,
                -0.00174 -0.00228000000269 0.00044,
                -0.00174 -0.0013 0.00019,
                -0.00174 -0.0013 5e-05,
                -0.00174 -0.0025 -7.31335394705e-62,
                -0.00174 -0.0025 0.000220000002604

              ]
            }
            normal Normal {
              vector [
                6.4535844e-17 -1 -1.9450023e-42,
                6.4535844e-17 -1 -1.9450023e-42,
                6.4535844e-17 -1 -1.9450023e-42,
                6.4535844e-17 -1 -1.9450023e-42,
                -1 -3.0221662e-17 -1.0928727e-41,
                -1 -3.0221662e-17 -1.0928727e-41,
                -1 -3.0221662e-17 -1.0928727e-41,
                -1 -3.0221662e-17 -1.0928727e-41,
                -1 -3.0221662e-17 -1.0928727e-41,
                -1 -3.0221662e-17 -1.0928727e-41,
                -1 -3.0221662e-17 -1.0928727e-41,
                -1 -3.0221662e-17 -1.0928727e-41,
                4.8401882e-18 -1.3130167e-42 1,
                4.8401882e-18 -1.3130167e-42 1,
                4.8401882e-18 -1.3130167e-42 1,
                4.8401882e-18 -1.3130167e-42 1,
                1 -9.4442701e-18 1.0244893e-41,
                1 -9.4442701e-18 1.0244893e-41,
                1 -9.4442701e-18 1.0244893e-41,
                1 -9.4442701e-18 1.0244893e-41,
                1 -9.4442701e-18 1.0244893e-41,
                1 -9.4442701e-18 1.0244893e-41,
                1 -9.4442701e-18 1.0244893e-41,
                1 -9.4442701e-18 1.0244893e-41,
                0 0 -1,
                0 0 -1,
                0 0 -1,
                0 0 -1,
                3.6247647e-10 0.70710677 0.70710677,
                3.6247647e-10 0.70710677 0.70710677,
                3.6247647e-10 0.70710677 0.70710677,
                3.6247647e-10 0.70710677 0.70710677,
                -3.3939449e-42 1 5.6322192e-17,
                -3.3939449e-42 1 5.6322192e-17,
                -3.3939449e-42 1 5.6322192e-17,
                -3.3939449e-42 1 5.6322192e-17,
                6.4535844e-17 -1 9.72361e-42,
                6.4535844e-17 -1 9.72361e-42,
                6.4535844e-17 -1 9.72361e-42,
                6.4535844e-17 -1 9.72361e-42,
                -1 9.4442701e-18 3.4149644e-42,
                -1 9.4442701e-18 3.4149644e-42,
                -1 9.4442701e-18 3.4149644e-42,
                -1 9.4442701e-18 3.4149644e-42,
                -1 9.4442701e-18 3.4149644e-42,
                -1 9.4442701e-18 3.4149644e-42,
                -1 9.4442701e-18 3.4149644e-42,
                -1 9.4442701e-18 3.4149644e-42,
                4.8401882e-18 1.4573504e-43 1,
                4.8401882e-18 1.4573504e-43 1,
                4.8401882e-18 1.4573504e-43 1,
                4.8401882e-18 1.4573504e-43 1,
                1 3.0221662e-17 -3.278618e-41,
                1 3.0221662e-17 -3.278618e-41,
                1 3.0221662e-17 -3.278618e-41,
                1 3.0221662e-17 -3.278618e-41,
                1 3.0221662e-17 -3.278618e-41,
                1 3.0221662e-17 -3.278618e-41,
                1 3.0221662e-17 -3.278618e-41,
                1 3.0221662e-17 -3.278618e-41,
                0 0 -1,
                0 0 -1,
                0 0 -1,
                0 0 -1,
                -3.6247647e-10 0.70710677 0.70710677,
                -3.6247647e-10 0.70710677 0.70710677,
                -3.6247647e-10 0.70710677 0.70710677,
                -3.6247647e-10 0.70710677 0.70710677,
                6.7892911e-42 1 5.6322192e-17,
                6.7892911e-42 1 5.6322192e-17,
                6.7892911e-42 1 5.6322192e-17,
                6.7892911e-42 1 5.6322192e-17,
                0 0 1,
                0 0 1,
                0 0 1,
                0 0 1,
                -1 -2.1249606e-18 1.2807868e-42,
                -1 -2.1249606e-18 1.2807868e-42,
                -1 -2.1249606e-18 1.2807868e-42,
                -1 -2.1249606e-18 1.2807868e-42,
                -1 -2.1249606e-18 1.2807868e-42,
                -1 -2.1249606e-18 1.2807868e-42,
                -1 -2.1249606e-18 1.2807868e-42,
                -1 -2.1249606e-18 1.2807868e-42,
                0 0 -1,
                0 0 -1,
                0 0 -1,
                0 0 -1,
                0 0 -1,
                0 0 -1,
                0 0 -1,
                0 0 -1,
                0 0 -1,
                0 0 -1,
                -0.70710677 -0.70710677 4.4747637e-25,
                -0.70710677 -0.70710677 4.4747637e-25,
                -0.70710677 -0.70710677 4.4747637e-25,
                -0.70710677 -0.70710677 4.4747637e-25,
                0 0 1,
                0 0 1,
                0 0 1,
                0 0 1,
                0 0 1,
                0 0 1,
                -1.4781376e-09 -0.70710677 0.70710677,
                -1.4781376e-09 -0.70710677 0.70710677,
                -1.4781376e-09 -0.70710677 0.70710677,
                -1.4781376e-09 -0.70710677 0.70710677,
                0 -1 0,
                0 -1 0,
                0 -1 0,
                0 -1 0,
                1 9.5428425e-43 -7.9203081e-18,
                1 9.5428425e-43 -7.9203081e-18,
                1 9.5428425e-43 -7.9203081e-18,
                1 9.5428425e-43 -7.9203081e-18,
                1 9.5428425e-43 -7.9203081e-18,
                1 9.5428425e-43 -7.9203081e-18,
                1 9.5428425e-43 -7.9203081e-18,
                1 9.5428425e-43 -7.9203081e-18,
                0.70710677 -0.70710677 -6.1794354e-25,
                0.70710677 -0.70710677 -6.1794354e-25,
                0.70710677 -0.70710677 -6.1794354e-25,
                0.70710677 -0.70710677 -6.1794354e-25,
                1 0 0,
                1 0 0,
                1 0 0,
                1 0 0,
                1 0 0,
                1 0 0,
                1 0 0,
                0.70710677 0.70710677 5.1140156e-25,
                0.70710677 0.70710677 5.1140156e-25,
                0.70710677 0.70710677 5.1140156e-25,
                0.70710677 0.70710677 5.1140156e-25,
                -2.6307977e-41 1 -2.1824849e-16,
                -2.6307977e-41 1 -2.1824849e-16,
                -2.6307977e-41 1 -2.1824849e-16,
                -2.6307977e-41 1 -2.1824849e-16,
                -0.70710677 0.70710677 4.9009315e-25,
                -0.70710677 0.70710677 4.9009315e-25,
                -0.70710677 0.70710677 4.9009315e-25,
                -0.70710677 0.70710677 4.9009315e-25,
                -1 0 0,
                -1 0 0,
                -1 0 0,
                -1 0 0,
                -1 0 0,
                -1 0 0,
                -1 0 0,
                6.4535844e-17 1 5.8336055e-42,
                6.4535844e-17 1 5.8336055e-42,
                6.4535844e-17 1 5.8336055e-42,
                6.4535844e-17 1 5.8336055e-42,
                1 9.4442701e-18 1.1378544e-42,
                1 9.4442701e-18 1.1378544e-42,
                1 9.4442701e-18 1.1378544e-42,
                1 9.4442701e-18 1.1378544e-42,
                1 9.4442701e-18 1.1378544e-42,
                1 9.4442701e-18 1.1378544e-42,
                1 9.4442701e-18 1.1378544e-42,
                1 9.4442701e-18 1.1378544e-42,
                4.8401882e-18 1.0215466e-42 1,
                4.8401882e-18 1.0215466e-42 1,
                4.8401882e-18 1.0215466e-42 1,
                4.8401882e-18 1.0215466e-42 1,
                -1 3.0221662e-17 1.8214077e-41,
                -1 3.0221662e-17 1.8214077e-41,
                -1 3.0221662e-17 1.8214077e-41,
                -1 3.0221662e-17 1.8214077e-41,
                -1 3.0221662e-17 1.8214077e-41,
                -1 3.0221662e-17 1.8214077e-41,
                -1 3.0221662e-17 1.8214077e-41,
                -1 3.0221662e-17 1.8214077e-41,
                0 0 -1,
                0 0 -1,
                0 0 -1,
                0 0 -1,
                -6.7892911e-42 -1 5.6322192e-17,
                -6.7892911e-42 -1 5.6322192e-17,
                -6.7892911e-42 -1 5.6322192e-17,
                -6.7892911e-42 -1 5.6322192e-17,
                4.3672246e-10 -0.70710677 0.70710677,
                4.3672246e-10 -0.70710677 0.70710677,
                4.3672246e-10 -0.70710677 0.70710677,
                4.3672246e-10 -0.70710677 0.70710677,
                6.4535844e-17 1 -2.917083e-41,
                6.4535844e-17 1 -2.917083e-41,
                6.4535844e-17 1 -2.917083e-41,
                6.4535844e-17 1 -2.917083e-41,
                1 -3.0221662e-17 -3.643376e-42,
                1 -3.0221662e-17 -3.643376e-42,
                1 -3.0221662e-17 -3.643376e-42,
                1 -3.0221662e-17 -3.643376e-42,
                1 -3.0221662e-17 -3.643376e-42,
                1 -3.0221662e-17 -3.643376e-42,
                1 -3.0221662e-17 -3.643376e-42,
                1 -3.0221662e-17 -3.643376e-42,
                4.8401882e-18 1.4573504e-43 1,
                4.8401882e-18 1.4573504e-43 1,
                4.8401882e-18 1.4573504e-43 1,
                4.8401882e-18 1.4573504e-43 1,
                -1 -9.4442701e-18 -5.6920744e-42,
                -1 -9.4442701e-18 -5.6920744e-42,
                -1 -9.4442701e-18 -5.6920744e-42,
                -1 -9.4442701e-18 -5.6920744e-42,
                -1 -9.4442701e-18 -5.6920744e-42,
                -1 -9.4442701e-18 -5.6920744e-42,
                -1 -9.4442701e-18 -5.6920744e-42,
                -1 -9.4442701e-18 -5.6920744e-42,
                0 0 -1,
                0 0 -1,
                0 0 -1,
                0 0 -1,
                3.3939449e-42 -1 5.6322192e-17,
                3.3939449e-42 -1 5.6322192e-17,
                3.3939449e-42 -1 5.6322192e-17,
                3.3939449e-42 -1 5.6322192e-17,
                5.0391052e-10 -0.70710677 0.70710677,
                5.0391052e-10 -0.70710677 0.70710677,
                5.0391052e-10 -0.70710677 0.70710677,
                5.0391052e-10 -0.70710677 0.70710677

              ]
            }
            coordIndex [
              2 1 0 -1 
              3 1 2 -1 
              4 2 0 -1 
              7 4 5 -1 
              7 5 6 -1 
              9 4 7 -1 
              9 7 8 -1 
              9 2 4 -1 
              10 11 6 -1 
              7 6 11 -1 
              15 11 10 -1 
              3 12 1 -1 
              3 13 12 -1 
              11 12 13 -1 
              11 13 14 -1 
              15 12 11 -1 
              13 3 9 -1 
              2 9 3 -1 
              8 11 14 -1 
              7 11 8 -1 
              8 14 9 -1 
              13 9 14 -1 
              18 17 16 -1 
              19 17 18 -1 
              16 25 18 -1 
              22 21 20 -1 
              25 21 22 -1 
              24 22 23 -1 
              25 24 18 -1 
              25 22 24 -1 
              26 27 20 -1 
              22 20 27 -1 
              27 26 28 -1 
              19 29 17 -1 
              27 28 29 -1 
              19 30 29 -1 
              27 29 30 -1 
              27 30 31 -1 
              30 19 24 -1 
              18 24 19 -1 
              23 27 31 -1 
              22 27 23 -1 
              23 31 24 -1 
              30 24 31 -1 
              32 34 33 -1 
              35 33 34 -1 
              39 37 38 -1 
              34 32 36 -1 
              34 36 37 -1 
              39 40 37 -1 
              34 37 40 -1 
              34 40 41 -1 
              40 39 43 -1 
              40 43 42 -1 
              44 43 39 -1 
              49 43 44 -1 
              48 44 45 -1 
              47 45 46 -1 
              48 45 47 -1 
              49 44 48 -1 
              44 38 50 -1 
              39 38 44 -1 
              54 52 51 -1 
              54 51 53 -1 
              55 52 54 -1 
              56 52 55 -1 
              34 57 35 -1 
              41 57 34 -1 
              42 41 40 -1 
              57 41 42 -1 
              59 60 43 -1 
              33 35 58 -1 
              60 58 35 -1 
              60 42 43 -1 
              42 35 57 -1 
              60 35 42 -1 
              43 61 59 -1 
              49 61 43 -1 
              53 51 62 -1 
              49 63 61 -1 
              48 62 63 -1 
              49 48 63 -1 
              53 62 48 -1 
              48 54 53 -1 
              47 54 48 -1 
              47 46 55 -1 
              47 55 54 -1 
              46 56 55 -1 
              45 56 46 -1 
              56 45 64 -1 
              56 64 52 -1 
              50 65 44 -1 
              65 64 45 -1 
              65 45 44 -1 
              68 69 67 -1 
              68 67 66 -1 
              66 75 68 -1 
              72 71 70 -1 
              75 71 72 -1 
              74 72 73 -1 
              75 74 68 -1 
              75 72 74 -1 
              77 70 76 -1 
              72 70 77 -1 
              69 79 67 -1 
              77 76 78 -1 
              77 78 79 -1 
              69 80 79 -1 
              77 79 80 -1 
              77 80 81 -1 
              69 74 80 -1 
              68 74 69 -1 
              74 81 80 -1 
              73 81 74 -1 
              77 73 72 -1 
              81 73 77 -1 
              84 85 83 -1 
              84 83 82 -1 
              82 91 84 -1 
              88 87 86 -1 
              91 87 88 -1 
              90 88 89 -1 
              91 90 84 -1 
              91 88 90 -1 
              93 86 92 -1 
              88 86 93 -1 
              85 95 83 -1 
              93 92 94 -1 
              93 94 95 -1 
              85 96 95 -1 
              93 95 96 -1 
              93 96 97 -1 
              85 90 96 -1 
              84 90 85 -1 
              90 97 96 -1 
              89 97 90 -1 
              93 89 88 -1 
              97 89 93 -1 
            ]
            normalIndex [
              2 0 1 -1 
              3 0 2 -1 
              5 11 4 -1 
              8 5 6 -1 
              8 6 7 -1 
              10 5 8 -1 
              10 8 9 -1 
              10 11 5 -1 
              13 14 12 -1 
              15 12 14 -1 
              23 21 22 -1 
              18 16 17 -1 
              18 19 16 -1 
              21 16 19 -1 
              21 19 20 -1 
              23 16 21 -1 
              25 26 24 -1 
              27 24 26 -1 
              30 28 29 -1 
              31 28 30 -1 
              33 34 32 -1 
              35 32 34 -1 
              38 36 37 -1 
              39 36 38 -1 
              46 47 45 -1 
              42 40 41 -1 
              47 40 42 -1 
              44 42 43 -1 
              47 44 45 -1 
              47 42 44 -1 
              49 50 48 -1 
              51 48 50 -1 
              59 52 53 -1 
              56 54 55 -1 
              59 53 54 -1 
              56 57 54 -1 
              59 54 57 -1 
              59 57 58 -1 
              61 62 60 -1 
              63 60 62 -1 
              66 64 65 -1 
              67 64 66 -1 
              69 70 68 -1 
              71 68 70 -1 
              73 74 72 -1 
              75 72 74 -1 
              80 78 79 -1 
              83 76 77 -1 
              83 77 78 -1 
              80 81 78 -1 
              83 78 81 -1 
              83 81 82 -1 
              86 87 84 -1 
              86 84 85 -1 
              88 84 87 -1 
              93 84 88 -1 
              92 88 89 -1 
              91 89 90 -1 
              92 89 91 -1 
              93 88 92 -1 
              96 94 95 -1 
              97 94 96 -1 
              101 98 99 -1 
              101 99 100 -1 
              102 98 101 -1 
              103 98 102 -1 
              106 104 105 -1 
              107 104 106 -1 
              110 108 109 -1 
              111 108 110 -1 
              118 119 117 -1 
              113 114 112 -1 
              119 112 114 -1 
              119 116 117 -1 
              116 114 115 -1 
              119 114 116 -1 
              122 120 121 -1 
              123 120 122 -1 
              130 124 125 -1 
              128 126 127 -1 
              129 125 126 -1 
              128 129 126 -1 
              130 125 129 -1 
              133 131 132 -1 
              134 131 133 -1 
              137 138 135 -1 
              137 135 136 -1 
              141 139 140 -1 
              142 139 141 -1 
              145 146 143 -1 
              145 143 144 -1 
              148 149 147 -1 
              149 143 146 -1 
              149 146 147 -1 
              152 153 150 -1 
              152 150 151 -1 
              160 161 159 -1 
              156 154 155 -1 
              161 154 156 -1 
              158 156 157 -1 
              161 158 159 -1 
              161 156 158 -1 
              164 162 163 -1 
              165 162 164 -1 
              170 168 169 -1 
              173 166 167 -1 
              173 167 168 -1 
              170 171 168 -1 
              173 168 171 -1 
              173 171 172 -1 
              176 174 175 -1 
              177 174 176 -1 
              180 178 179 -1 
              181 178 180 -1 
              184 182 183 -1 
              185 182 184 -1 
              188 189 186 -1 
              188 186 187 -1 
              196 197 195 -1 
              192 190 191 -1 
              197 190 192 -1 
              194 192 193 -1 
              197 194 195 -1 
              197 192 194 -1 
              200 198 199 -1 
              201 198 200 -1 
              206 204 205 -1 
              209 202 203 -1 
              209 203 204 -1 
              206 207 204 -1 
              209 204 207 -1 
              209 207 208 -1 
              212 210 211 -1 
              213 210 212 -1 
              216 214 215 -1 
              217 214 216 -1 
              220 218 219 -1 
              221 218 220 -1 
            ]
          }
        }
        DEF AP7361C-33Y5-13_2 Shape {
          appearance DEF __8 Appearance {
            material DEF __9 Material {
              ambientIntensity 0.796874940395
              diffuseColor 0.250980407 0.250980407 0.250980407
              shininess 0
            }
          }
          geometry DEF __10 IndexedFaceSet {
            solid FALSE
            coord Coordinate {
              point [
                0.0022 0.0013 5e-05,
                0.00174 0.0013 5e-05,
                0.00174 0.0013 0.00019,
                0.00220016829836 0.00129999996148 0.000190000711398,
                -0.000915 0.0013 5e-05,
                -0.00126 0.0013 5e-05,
                -0.00126 0.0013 0.00019,
                -0.000915 0.0013 0.00019,
                -0.00174 0.0013 0.00019,
                -0.00220016829836 0.00129999996148 0.000190000711398,
                -0.00174 0.0013 5e-05,
                -0.0022 0.0013 5e-05,
                0.00126 -0.0013 0.00019,
                0.00024 -0.0013 0.00019,
                0.00024 -0.0013 5e-05,
                0.00126 -0.0013 5e-05,
                0.00126 0.00086 5e-05,
                0.00174 0.00086 5e-05,
                0.0023 0.0012 5e-05,
                0.0023 -0.0012 5e-05,
                0.0022 -0.0013 5e-05,
                0.00174 -0.0013 5e-05,
                0.00174 -0.00086 5e-05,
                0.00126 -0.00086 5e-05,
                0.00024 -0.00083473525815 5e-05,
                0.000915 -0.00015973525815 5e-05,
                0.000915 0.0013 5e-05,
                0.00126 0.0013 5e-05,
                -0.00024 -0.0013 5e-05,
                -0.00126 -0.0013 5e-05,
                -0.00024 -0.0013 0.00019,
                -0.00126 -0.0013 0.00019,
                -0.00174 -0.0013 5e-05,
                -0.0022 -0.0013 5e-05,
                -0.00174 -0.0013 0.00019,
                -0.00220016829836 -0.00129999996148 0.000190000711398,
                0.00126 0.0013 0.00019,
                0.000915 0.0013 0.00019,
                -0.0023 0.0012 5e-05,
                -0.00229999996148 0.00120016829836 0.000190000711398,
                -0.00174 0.00086 5e-05,
                -0.00126 0.00086 5e-05,
                -0.000915 -0.00015973525815 5e-05,
                -0.00024 -0.00083473525815 5e-05,
                -0.00126 -0.00086 5e-05,
                -0.00174 -0.00086 5e-05,
                -0.0023 -0.0012 5e-05,
                0.00229999996148 0.00120016829836 0.000190000711398,
                0.00174 0.00127844827586 0.00044,
                0.00126 0.00127844827586 0.00044,
                0.000915 0.00127844827586 0.00044,
                -0.000915 0.00127844827586 0.00044,
                -0.00126 0.00127844827586 0.00044,
                -0.00174 0.00127844827586 0.00044,
                -0.00210824979601 0.00120788027291 0.00125858883422,
                0.00210824979601 0.00120788027291 0.00125858883422,
                -0.00220788027291 0.00110824979601 0.00125858883422,
                0.00220016829836 -0.00129999996148 0.000190000711398,
                0.00229999996148 -0.00120016829836 0.000190000711398,
                -0.00229999996148 -0.00120016829836 0.000190000711398,
                0.00174 -0.0013 0.00019,
                0.00220788027291 0.00110824979601 0.00125858883422,
                -0.00210824979601 0.00110824979601 0.00135,
                0.00210824979601 0.00110824979601 0.00135,
                0.00210824979601 -0.00120788027291 0.00125858883422,
                0.00220788027291 -0.00110824979601 0.00125858883422,
                -0.00220788027291 -0.00110824979601 0.00125858883422,
                -0.00210824979601 -0.00120788027291 0.00125858883422,
                -0.00024 -0.00127844827586 0.00044,
                0.00024 -0.00127844827586 0.00044,
                0.00126 -0.00127844827586 0.00044,
                0.00174 -0.00127844827586 0.00044,
                -0.00174 -0.00127844827586 0.00044,
                -0.00126 -0.00127844827586 0.00044,
                -0.00210824979601 -0.00110824979601 0.00135,
                0.00210824979601 -0.00110824979601 0.00135,
                0.00221736481777 0.0012984807753 5e-05,
                0.00223420201433 0.00129396926208 5e-05,
                0.00225 0.00128660254038 5e-05,
                0.00226427876097 0.00127660444431 5e-05,
                0.00227660444431 0.00126427876097 5e-05,
                0.00228660254038 0.00125 5e-05,
                0.00229396926208 0.00123420201433 5e-05,
                0.0022984807753 0.00121736481777 5e-05,
                0.00221736481777 -0.0012984807753 5e-05,
                0.00223420201433 -0.00129396926208 5e-05,
                0.00225 -0.00128660254038 5e-05,
                0.00226427876097 -0.00127660444431 5e-05,
                0.00227660444431 -0.00126427876097 5e-05,
                0.00228660254038 -0.00125 5e-05,
                0.00229396926208 -0.00123420201433 5e-05,
                0.0022984807753 -0.00121736481777 5e-05,
                -0.00221736481777 0.0012984807753 5e-05,
                -0.00223420201433 0.00129396926208 5e-05,
                -0.00225 0.00128660254038 5e-05,
                -0.00226427876097 0.00127660444431 5e-05,
                -0.00227660444431 0.00126427876097 5e-05,
                -0.00228660254038 0.00125 5e-05,
                -0.00229396926208 0.00123420201433 5e-05,
                -0.0022984807753 0.00121736481777 5e-05,
                -0.00220994830777 0.00129950392541 0.000190398001153,
                -0.00221963285935 0.00129805381601 0.000190751624852,
                -0.00222912914485 0.00129566343565 0.000191056784134,
                -0.0022383461012 0.0012923557065 0.000191310552724,
                -0.00224719534392 0.00128816234748 0.00019151049715,
                -0.00225559201465 0.00128312357011 0.000191654700077,
                -0.00226345559488 0.00127728769293 0.000191741778697,
                -0.00227071067812 0.00127071067812 0.000191770897981,
                -0.00227728769293 0.00126345559488 0.000191741778697,
                -0.00228312357011 0.00125559201465 0.000191654700077,
                -0.00228816234748 0.00124719534392 0.00019151049715,
                -0.0022923557065 0.0012383461012 0.000191310552724,
                -0.00229566343565 0.00122912914485 0.000191056784134,
                -0.00229805381601 0.00121963285935 0.000190751624852,
                -0.00229950392541 0.00120994830777 0.000190398001153,
                -0.00221736481777 -0.0012984807753 5e-05,
                -0.00223420201433 -0.00129396926208 5e-05,
                -0.00225 -0.00128660254038 5e-05,
                -0.00226427876097 -0.00127660444431 5e-05,
                -0.00227660444431 -0.00126427876097 5e-05,
                -0.00228660254038 -0.00125 5e-05,
                -0.00229396926208 -0.00123420201433 5e-05,
                -0.0022984807753 -0.00121736481777 5e-05,
                0.00220994830777 0.00129950392541 0.000190398001153,
                0.00221963285935 0.00129805381601 0.000190751624852,
                0.00222912914485 0.00129566343565 0.000191056784134,
                0.0022383461012 0.0012923557065 0.000191310552724,
                0.00224719534392 0.00128816234748 0.00019151049715,
                0.00225559201465 0.00128312357011 0.000191654700077,
                0.00226345559488 0.00127728769293 0.000191741778697,
                0.00227071067812 0.00127071067812 0.000191770897981,
                0.00227728769293 0.00126345559488 0.000191741778697,
                0.00228312357011 0.00125559201465 0.000191654700077,
                0.00228816234748 0.00124719534392 0.00019151049715,
                0.0022923557065 0.0012383461012 0.000191310552724,
                0.00229566343565 0.00122912914485 0.000191056784134,
                0.00229805381601 0.00121963285935 0.000190751624852,
                0.00229950392541 0.00120994830777 0.000190398001153,
                -0.00220625377594 0.00112547048777 0.00125993316136,
                -0.00220167731083 0.00114217282821 0.00126097849544,
                -0.00219428863144 0.00115785406864 0.00126169337139,
                -0.00218431014067 0.00117204219601 0.0012620562711,
                -0.00217204219601 0.00118431014067 0.0012620562711,
                -0.00215785406865 0.00119428863144 0.00126169337139,
                -0.00214217282821 0.00120167731083 0.00126097849544,
                -0.00212547048777 0.00120625377594 0.00125993316136,
                0.00220994830777 -0.00129950392541 0.000190398001175,
                0.00221963285935 -0.00129805381601 0.000190751624874,
                0.00222912914485 -0.00129566343565 0.000191056784156,
                0.0022383461012 -0.0012923557065 0.000191310552746,
                0.00224719534392 -0.00128816234747 0.000191510497172,
                0.00225559201465 -0.00128312357011 0.000191654700099,
                0.00226345559488 -0.00127728769293 0.000191741778719,
                0.00227071067812 -0.00127071067812 0.000191770898003,
                0.00227728769293 -0.00126345559488 0.000191741778719,
                0.00228312357011 -0.00125559201465 0.000191654700099,
                0.00228816234748 -0.00124719534392 0.000191510497172,
                0.0022923557065 -0.0012383461012 0.000191310552746,
                0.00229566343565 -0.00122912914485 0.000191056784155,
                0.00229805381601 -0.00121963285935 0.000190751624874,
                0.00229950392541 -0.00120994830777 0.000190398001175,
                -0.00220994830777 -0.00129950392541 0.000190398001155,
                -0.00221963285935 -0.00129805381601 0.000190751624854,
                -0.00222912914485 -0.00129566343565 0.000191056784136,
                -0.0022383461012 -0.0012923557065 0.000191310552726,
                -0.00224719534392 -0.00128816234748 0.000191510497152,
                -0.00225559201465 -0.00128312357011 0.000191654700079,
                -0.00226345559488 -0.00127728769293 0.000191741778699,
                -0.00227071067812 -0.00127071067812 0.000191770897983,
                -0.00227728769293 -0.00126345559488 0.000191741778699,
                -0.00228312357011 -0.00125559201465 0.000191654700079,
                -0.00228816234748 -0.00124719534392 0.000191510497152,
                -0.0022923557065 -0.0012383461012 0.000191310552726,
                -0.00229566343565 -0.00122912914485 0.000191056784136,
                -0.00229805381601 -0.00121963285935 0.000190751624854,
                -0.00229950392541 -0.00120994830777 0.000190398001155,
                0.00212547048777 0.00120625377594 0.00125993316136,
                0.00214217282821 0.00120167731083 0.00126097849544,
                0.00215785406865 0.00119428863144 0.00126169337139,
                0.00217204219601 0.00118431014067 0.0012620562711,
                0.00218431014067 0.00117204219601 0.0012620562711,
                0.00219428863144 0.00115785406864 0.00126169337139,
                0.00220167731083 0.00114217282821 0.00126097849544,
                0.00220625377594 0.00112547048777 0.00125993316136,
                -0.00210824979601 0.00120511693742 0.0012748345911,
                -0.00210824979601 0.00119972307164 0.00129040593825,
                -0.00210824979601 0.00119184515174 0.00130488001914,
                -0.00210824979601 0.001181697111 0.00131786377473,
                -0.00210824979601 0.00116955453029 0.0013290046173,
                -0.00210824979601 0.00115574715428 0.00133800000544,
                -0.00210824979601 0.00114064993698 0.00134460565979,
                -0.00210824979601 0.00112467285937 0.0013486421968,
                0.00210824979601 0.00120511693742 0.0012748345911,
                0.00210824979601 0.00119972307164 0.00129040593825,
                0.00210824979601 0.00119184515174 0.00130488001914,
                0.00210824979601 0.001181697111 0.00131786377473,
                0.00210824979601 0.00116955453029 0.0013290046173,
                0.00210824979601 0.00115574715428 0.00133800000544,
                0.00210824979601 0.00114064993698 0.00134460565979,
                0.00210824979601 0.00112467285937 0.0013486421968,
                -0.00212467285937 0.00110824979601 0.0013486421968,
                -0.00214064993698 0.00110824979601 0.00134460565979,
                -0.00215574715428 0.00110824979601 0.00133800000544,
                -0.00216955453029 0.00110824979601 0.0013290046173,
                -0.002181697111 0.00110824979601 0.00131786377473,
                -0.00219184515174 0.00110824979601 0.00130488001914,
                -0.00219972307164 0.00110824979601 0.00129040593825,
                -0.00220511693742 0.00110824979601 0.0012748345911,
                0.00212547048777 -0.00120625377594 0.00125993316136,
                0.00214217282821 -0.00120167731083 0.00126097849544,
                0.00215785406865 -0.00119428863144 0.00126169337139,
                0.00217204219601 -0.00118431014067 0.0012620562711,
                0.00218431014067 -0.00117204219601 0.0012620562711,
                0.00219428863144 -0.00115785406864 0.00126169337139,
                0.00220167731083 -0.00114217282821 0.00126097849544,
                0.00220625377594 -0.00112547048777 0.00125993316136,
                -0.00220625377594 -0.00112547048776 0.00125993316136,
                -0.00220167731083 -0.00114217282821 0.00126097849544,
                -0.00219428863144 -0.00115785406864 0.00126169337139,
                -0.00218431014067 -0.00117204219601 0.0012620562711,
                -0.00217204219601 -0.00118431014067 0.0012620562711,
                -0.00215785406865 -0.00119428863144 0.00126169337139,
                -0.00214217282821 -0.00120167731083 0.00126097849544,
                -0.00212547048777 -0.00120625377594 0.00125993316136,
                0.00220511693742 0.00110824979601 0.0012748345911,
                0.00219972307164 0.00110824979601 0.00129040593825,
                0.00219184515174 0.00110824979601 0.00130488001914,
                0.002181697111 0.00110824979601 0.00131786377473,
                0.00216955453029 0.00110824979601 0.0013290046173,
                0.00215574715428 0.00110824979601 0.00133800000544,
                0.00214064993698 0.00110824979601 0.00134460565979,
                0.00212467285937 0.00110824979601 0.0013486421968,
                0.00220511693742 -0.00110824979601 0.0012748345911,
                0.00219972307164 -0.00110824979601 0.00129040593825,
                0.00219184515174 -0.00110824979601 0.00130488001914,
                0.002181697111 -0.00110824979601 0.00131786377473,
                0.00216955453029 -0.00110824979601 0.0013290046173,
                0.00215574715428 -0.00110824979601 0.00133800000544,
                0.00214064993698 -0.00110824979601 0.00134460565979,
                0.00212467285937 -0.00110824979601 0.0013486421968,
                0.00210824979601 -0.00120511693742 0.0012748345911,
                0.00210824979601 -0.00119972307164 0.00129040593825,
                0.00210824979601 -0.00119184515174 0.00130488001914,
                0.00210824979601 -0.001181697111 0.00131786377473,
                0.00210824979601 -0.00116955453029 0.0013290046173,
                0.00210824979601 -0.00115574715428 0.00133800000544,
                0.00210824979601 -0.00114064993698 0.00134460565979,
                0.00210824979601 -0.00112467285937 0.0013486421968,
                -0.00212467285937 -0.00110824979601 0.0013486421968,
                -0.00214064993698 -0.00110824979601 0.00134460565979,
                -0.00215574715428 -0.00110824979601 0.00133800000544,
                -0.00216955453029 -0.00110824979601 0.0013290046173,
                -0.002181697111 -0.00110824979601 0.00131786377473,
                -0.00219184515174 -0.00110824979601 0.00130488001914,
                -0.00219972307164 -0.00110824979601 0.00129040593825,
                -0.00220511693742 -0.00110824979601 0.0012748345911,
                -0.00210824979601 -0.00120511693742 0.0012748345911,
                -0.00210824979601 -0.00119972307164 0.00129040593825,
                -0.00210824979601 -0.00119184515174 0.00130488001914,
                -0.00210824979601 -0.001181697111 0.00131786377473,
                -0.00210824979601 -0.00116955453029 0.0013290046173,
                -0.00210824979601 -0.00115574715428 0.00133800000544,
                -0.00210824979601 -0.00114064993698 0.00134460565979,
                -0.00210824979601 -0.00112467285937 0.0013486421968,
                -0.0021438262558 0.00111532639385 0.00134318925513,
                -0.00216008164158 0.00111855979112 0.00133489501626,
                -0.00217455667176 0.00112143905364 0.00132368474544,
                -0.00218675414814 0.00112386528254 0.00130994350071,
                -0.00219625510346 0.00112575514006 0.00129414327572,
                -0.00220273319243 0.00112704371207 0.00127682678737,
                -0.00219725120932 0.00114511538847 0.00127682678737,
                -0.00218834895182 0.00116177034084 0.00127682678737,
                -0.00217636852867 0.00117636852867 0.00127682678737,
                -0.00216177034084 0.00118834895182 0.00127682678737,
                -0.00214511538848 0.00119725120932 0.00127682678737,
                -0.00212704371207 0.00120273319243 0.00127682678737,
                -0.00212575514006 0.00119625510346 0.00129414327572,
                -0.00212386528254 0.00118675414814 0.00130994350071,
                -0.00212143905364 0.00117455667176 0.00132368474544,
                -0.00211855979112 0.00116008164158 0.00133489501626,
                -0.00211532639385 0.0011438262558 0.00134318925513,
                -0.00211184992477 0.0011263488655 0.00134828256588,
                -0.0021153117026 0.00112529874667 0.00134828256588,
                -0.00211850209532 0.00112359344624 0.00134828256588,
                -0.00212129849793 0.00112129849793 0.00134828256588,
                -0.00212359344624 0.00111850209532 0.00134828256588,
                -0.00212529874667 0.0011153117026 0.00134828256588,
                -0.0021263488655 0.00111184992477 0.00134828256588,
                -0.00214258776355 0.00119114898294 0.00129414327572,
                -0.00213888067468 0.00118219927873 0.00130994350071,
                -0.0021341214555 0.00117070950722 0.00132368474544,
                -0.0021581007982 0.00118285709317 0.00129414327572,
                -0.0021716980868 0.0011716980868 0.00129414327572,
                -0.00215271893933 0.00117480257217 0.00130994350071,
                -0.00214580962399 0.001164462051 0.00132368474544,
                -0.00216484827975 0.00116484827975 0.00130994350071,
                -0.00215605438935 0.00115605438935 0.00132368474544,
                -0.0021284735789 0.00115707432693 0.00133489501626,
                -0.002122131042 0.00114176208835 0.00134318925513,
                -0.00213761017804 0.00115219071295 0.00133489501626,
                -0.00212840224166 0.00113841006229 0.00134318925513,
                -0.00214561847417 0.00114561847417 0.00133489501626,
                -0.00213389899412 0.00113389899412 0.00134318925513,
                -0.00218285709317 0.0011581007982 0.00129414327572,
                -0.00219114898294 0.00114258776355 0.00129414327572,
                -0.00217480257217 0.00115271893933 0.00130994350071,
                -0.002164462051 0.00114580962399 0.00132368474544,
                -0.00218219927873 0.00113888067468 0.00130994350071,
                -0.00217070950722 0.00113412145549 0.00132368474544,
                -0.00215219071295 0.00113761017804 0.00133489501626,
                -0.00213841006229 0.00112840224166 0.00134318925513,
                -0.00215707432693 0.0011284735789 0.00133489501626,
                -0.00214176208835 0.001122131042 0.00134318925513,
                0.00211532639385 0.0011438262558 0.00134318925513,
                0.00211855979112 0.00116008164158 0.00133489501626,
                0.00212143905364 0.00117455667176 0.00132368474544,
                0.00212386528254 0.00118675414814 0.00130994350071,
                0.00212575514006 0.00119625510346 0.00129414327572,
                0.00212704371207 0.00120273319243 0.00127682678737,
                0.00214511538847 0.00119725120932 0.00127682678737,
                0.00216177034084 0.00118834895182 0.00127682678737,
                0.00217636852867 0.00117636852867 0.00127682678737,
                0.00218834895182 0.00116177034084 0.00127682678737,
                0.00219725120932 0.00114511538847 0.00127682678737,
                0.00220273319243 0.00112704371207 0.00127682678737,
                0.00219625510346 0.00112575514006 0.00129414327572,
                0.00218675414814 0.00112386528254 0.00130994350071,
                0.00217455667176 0.00112143905364 0.00132368474544,
                0.00216008164158 0.00111855979112 0.00133489501626,
                0.0021438262558 0.00111532639385 0.00134318925513,
                0.0021263488655 0.00111184992477 0.00134828256588,
                0.00212529874667 0.0011153117026 0.00134828256588,
                0.00212359344624 0.00111850209532 0.00134828256588,
                0.00212129849793 0.00112129849793 0.00134828256588,
                0.00211850209532 0.00112359344624 0.00134828256588,
                0.0021153117026 0.00112529874667 0.00134828256588,
                0.00211184992477 0.0011263488655 0.00134828256588,
                0.00219114898294 0.00114258776355 0.00129414327572,
                0.00218219927873 0.00113888067468 0.00130994350071,
                0.00217070950722 0.0011341214555 0.00132368474544,
                0.00218285709317 0.0011581007982 0.00129414327572,
                0.0021716980868 0.0011716980868 0.00129414327572,
                0.00217480257217 0.00115271893933 0.00130994350071,
                0.002164462051 0.00114580962399 0.00132368474544,
                0.00216484827975 0.00116484827975 0.00130994350071,
                0.00215605438935 0.00115605438935 0.00132368474544,
                0.00215707432693 0.0011284735789 0.00133489501626,
                0.00214176208835 0.001122131042 0.00134318925513,
                0.00215219071295 0.00113761017804 0.00133489501626,
                0.00213841006229 0.00112840224166 0.00134318925513,
                0.00214561847417 0.00114561847417 0.00133489501626,
                0.00213389899412 0.00113389899412 0.00134318925513,
                0.0021581007982 0.00118285709317 0.00129414327572,
                0.00214258776355 0.00119114898294 0.00129414327572,
                0.00215271893933 0.00117480257217 0.00130994350071,
                0.00214580962399 0.001164462051 0.00132368474544,
                0.00213888067468 0.00118219927873 0.00130994350071,
                0.0021341214555 0.00117070950722 0.00132368474544,
                0.00213761017804 0.00115219071295 0.00133489501626,
                0.00212840224166 0.00113841006229 0.00134318925513,
                0.0021284735789 0.00115707432693 0.00133489501626,
                0.002122131042 0.00114176208835 0.00134318925513,
                0.0021438262558 -0.00111532639385 0.00134318925513,
                0.00216008164158 -0.00111855979112 0.00133489501626,
                0.00217455667176 -0.00112143905364 0.00132368474544,
                0.00218675414814 -0.00112386528254 0.00130994350071,
                0.00219625510346 -0.00112575514006 0.00129414327572,
                0.00220273319243 -0.00112704371207 0.00127682678737,
                0.00219725120932 -0.00114511538847 0.00127682678737,
                0.00218834895182 -0.00116177034084 0.00127682678737,
                0.00217636852867 -0.00117636852867 0.00127682678737,
                0.00216177034084 -0.00118834895182 0.00127682678737,
                0.00214511538847 -0.00119725120932 0.00127682678737,
                0.00212704371207 -0.00120273319243 0.00127682678737,
                0.00212575514006 -0.00119625510346 0.00129414327572,
                0.00212386528254 -0.00118675414814 0.00130994350071,
                0.00212143905364 -0.00117455667176 0.00132368474544,
                0.00211855979112 -0.00116008164158 0.00133489501626,
                0.00211532639385 -0.0011438262558 0.00134318925513,
                0.00211184992477 -0.0011263488655 0.00134828256588,
                0.0021153117026 -0.00112529874667 0.00134828256588,
                0.00211850209532 -0.00112359344624 0.00134828256588,
                0.00212129849793 -0.00112129849793 0.00134828256588,
                0.00212359344624 -0.00111850209532 0.00134828256588,
                0.00212529874667 -0.0011153117026 0.00134828256588,
                0.0021263488655 -0.00111184992477 0.00134828256588,
                0.00214258776355 -0.00119114898294 0.00129414327572,
                0.00213888067468 -0.00118219927873 0.00130994350071,
                0.0021341214555 -0.00117070950722 0.00132368474544,
                0.0021581007982 -0.00118285709317 0.00129414327572,
                0.0021716980868 -0.0011716980868 0.00129414327572,
                0.00215271893933 -0.00117480257217 0.00130994350071,
                0.00214580962399 -0.001164462051 0.00132368474544,
                0.00216484827975 -0.00116484827975 0.00130994350071,
                0.00215605438935 -0.00115605438935 0.00132368474544,
                0.0021284735789 -0.00115707432693 0.00133489501626,
                0.002122131042 -0.00114176208835 0.00134318925513,
                0.00213761017804 -0.00115219071295 0.00133489501626,
                0.00212840224166 -0.00113841006229 0.00134318925513,
                0.00214561847417 -0.00114561847417 0.00133489501626,
                0.00213389899412 -0.00113389899412 0.00134318925513,
                0.00218285709317 -0.0011581007982 0.00129414327572,
                0.00219114898294 -0.00114258776355 0.00129414327572,
                0.00217480257217 -0.00115271893933 0.00130994350071,
                0.002164462051 -0.00114580962399 0.00132368474544,
                0.00218219927873 -0.00113888067468 0.00130994350071,
                0.00217070950722 -0.0011341214555 0.00132368474544,
                0.00215219071295 -0.00113761017804 0.00133489501626,
                0.00213841006229 -0.00112840224166 0.00134318925513,
                0.00215707432693 -0.0011284735789 0.00133489501626,
                0.00214176208835 -0.001122131042 0.00134318925513,
                -0.00211532639385 -0.0011438262558 0.00134318925513,
                -0.00211855979112 -0.00116008164158 0.00133489501626,
                -0.00212143905364 -0.00117455667176 0.00132368474544,
                -0.00212386528254 -0.00118675414814 0.00130994350071,
                -0.00212575514006 -0.00119625510346 0.00129414327572,
                -0.00212704371207 -0.00120273319243 0.00127682678737,
                -0.00214511538847 -0.00119725120932 0.00127682678737,
                -0.00216177034084 -0.00118834895182 0.00127682678737,
                -0.00217636852867 -0.00117636852867 0.00127682678737,
                -0.00218834895182 -0.00116177034084 0.00127682678737,
                -0.00219725120932 -0.00114511538847 0.00127682678737,
                -0.00220273319243 -0.00112704371207 0.00127682678737,
                -0.00219625510346 -0.00112575514006 0.00129414327572,
                -0.00218675414814 -0.00112386528254 0.00130994350071,
                -0.00217455667176 -0.00112143905364 0.00132368474544,
                -0.00216008164158 -0.00111855979112 0.00133489501626,
                -0.0021438262558 -0.00111532639385 0.00134318925513,
                -0.0021263488655 -0.00111184992477 0.00134828256588,
                -0.00212529874667 -0.0011153117026 0.00134828256588,
                -0.00212359344624 -0.00111850209532 0.00134828256588,
                -0.00212129849793 -0.00112129849793 0.00134828256588,
                -0.00211850209532 -0.00112359344624 0.00134828256588,
                -0.0021153117026 -0.00112529874667 0.00134828256588,
                -0.00211184992477 -0.0011263488655 0.00134828256588,
                -0.00219114898294 -0.00114258776355 0.00129414327572,
                -0.00218219927873 -0.00113888067468 0.00130994350071,
                -0.00217070950722 -0.0011341214555 0.00132368474544,
                -0.00218285709317 -0.0011581007982 0.00129414327572,
                -0.0021716980868 -0.0011716980868 0.00129414327572,
                -0.00217480257217 -0.00115271893933 0.00130994350071,
                -0.002164462051 -0.00114580962399 0.00132368474544,
                -0.00216484827975 -0.00116484827975 0.00130994350071,
                -0.00215605438935 -0.00115605438935 0.00132368474544,
                -0.00215707432693 -0.0011284735789 0.00133489501626,
                -0.00214176208835 -0.001122131042 0.00134318925513,
                -0.00215219071295 -0.00113761017804 0.00133489501626,
                -0.00213841006229 -0.00112840224166 0.00134318925513,
                -0.00214561847417 -0.00114561847417 0.00133489501626,
                -0.00213389899412 -0.00113389899412 0.00134318925513,
                -0.0021581007982 -0.00118285709317 0.00129414327572,
                -0.00214258776355 -0.00119114898294 0.00129414327572,
                -0.00215271893933 -0.00117480257217 0.00130994350071,
                -0.00214580962399 -0.001164462051 0.00132368474544,
                -0.00213888067468 -0.00118219927873 0.00130994350071,
                -0.0021341214555 -0.00117070950722 0.00132368474544,
                -0.00213761017804 -0.00115219071295 0.00133489501626,
                -0.00212840224166 -0.00113841006229 0.00134318925513,
                -0.0021284735789 -0.00115707432693 0.00133489501626,
                -0.002122131042 -0.00114176208835 0.00134318925513

              ]
            }
            normal Normal {
              vector [
                0 1 0,
                0 1 0,
                0 1 0,
                0 1 0,
                0 1 0,
                0 1 0,
                0 1 0,
                0 1 0,
                0 1 0,
                0 1 0,
                0 1 0,
                0 1 0,
                0 -1 0,
                0 -1 0,
                0 -1 0,
                0 -1 0,
                0 0 -1,
                0 0 -1,
                0 0 -1,
                0 0 -1,
                0 0 -1,
                0 0 -1,
                0 0 -1,
                0 0 -1,
                0 0 -1,
                0 0 -1,
                0 0 -1,
                0 0 -1,
                0 0 -1,
                0 0 -1,
                0 0 -1,
                0 0 -1,
                0 0 -1,
                0 0 -1,
                0 0 -1,
                0 0 -1,
                0 0 -1,
                0 0 -1,
                0 0 -1,
                0 0 -1,
                0 0 -1,
                0 0 -1,
                0 0 -1,
                0 0 -1,
                0 0 -1,
                0 0 -1,
                0 0 -1,
                0 0 -1,
                0 -1 0,
                0 -1 0,
                0 -1 0,
                0 -1 0,
                0 -1 0,
                0 -1 0,
                0 -1 0,
                0 -1 0,
                0 1 0,
                0 1 0,
                0 1 0,
                0 1 0,
                2.220446e-15 1 0,
                2.220446e-15 1 0,
                -0.17364818 0.98480773 0,
                -0.34202015 0.93969262 0,
                -0.5 0.86602539 0,
                -0.64278764 0.76604444 0,
                -0.76604444 0.64278764 0,
                -0.86602539 0.5 0,
                -0.93969262 0.34202015 0,
                -0.98480773 0.17364818 0,
                -1 2.220446e-15 0,
                -1 0 0,
                -0.99503922 0.09948308 0,
                -0.98053819 0.1963286 0,
                -0.95663434 0.29129145 0,
                -0.92355704 0.383461 0,
                -0.88162345 0.47195345 0,
                -0.83123571 0.55592012 0,
                -0.77287692 0.63455594 0,
                -0.70710677 0.70710677 0,
                -0.63455594 0.77287692 0,
                -0.55592012 0.83123571 0,
                -0.47195345 0.88162345 0,
                -0.383461 0.92355704 0,
                -0.29129145 0.95663434 0,
                -0.1963286 0.98053819 0,
                -0.09948308 0.99503922 0,
                0 0 -1,
                0 0 -1,
                0 0 -1,
                0 0 -1,
                0 0 -1,
                0 0 -1,
                0 0 -1,
                0 0 -1,
                0 0 -1,
                0 0 -1,
                0 0 -1,
                0 0 -1,
                0 0 -1,
                0 0 -1,
                0 0 -1,
                0 0 -1,
                0 0 -1,
                0 0 -1,
                0 0 -1,
                0 0 -1,
                0 0 -1,
                0 0 -1,
                0 0 -1,
                0 0 -1,
                0 0 -1,
                0 0 -1,
                0 0 -1,
                0 0 -1,
                0 0 -1,
                0 0 -1,
                0 0 -1,
                0 0 -1,
                1 2.220446e-16 0,
                1 2.220446e-16 0,
                0.98480773 0.17364818 0,
                0.93969262 0.34202015 0,
                0.86602539 0.5 0,
                0.76604444 0.64278764 0,
                0.64278764 0.76604444 0,
                0.5 0.86602539 0,
                0.34202015 0.93969262 0,
                0.17364818 0.98480773 0,
                0 1 0,
                0 1 0,
                0.09948308 0.99503922 0,
                0.1963286 0.98053819 0,
                0.29129145 0.95663434 0,
                0.383461 0.92355704 0,
                0.47195345 0.88162345 0,
                0.55592012 0.83123571 0,
                0.63455594 0.77287692 0,
                0.70710677 0.70710677 0,
                0.77287692 0.63455594 0,
                0.83123571 0.55592012 0,
                0.88162345 0.47195345 0,
                0.92355704 0.383461 0,
                0.95663434 0.29129145 0,
                0.98053819 0.1963286 0,
                0.99503922 0.09948308 0,
                0 0.99630475 0.085888341,
                0 0.99630475 0.085888341,
                0 0.99630475 0.085888341,
                0 0.99630475 0.085888341,
                0 0.99630475 0.085888341,
                0 0.99630475 0.085888341,
                0 0.99630475 0.085888341,
                0 0.99630475 0.085888341,
                0 0.99630475 0.085888341,
                0 0.99630475 0.085888341,
                0 0.99630475 0.085888341,
                0 0.99630475 0.085888341,
                0 0.99630475 0.085888341,
                0 0.99630475 0.085888341,
                0 0.99630475 0.085888341,
                0 0.99630475 0.085888341,
                -0.99630475 7.327472e-14 0.085888341,
                -0.98003978 0.17220692 0.09933161,
                -0.93427515 0.33923033 0.10978495,
                -0.86038834 0.49604273 0.11693371,
                -0.76060343 0.63792402 0.12056271,
                -0.63792402 0.76060343 0.12056271,
                -0.49604273 0.86038834 0.11693371,
                -0.33923033 0.93427515 0.10978495,
                -0.17220692 0.98003978 0.09933161,
                -1.0198953e-11 0.99630475 0.085888341,
                -1.2859047e-11 0.99630475 0.085888341,
                -0.095460817 0.99101698 0.093661882,
                -0.19200373 0.97621328 0.10070837,
                -0.28670543 0.95204836 0.10678912,
                -0.37865785 0.91875392 0.11184584,
                -0.46697918 0.8766492 0.11583003,
                -0.5508225 0.82613802 0.11870349,
                -0.6293838 0.76770478 0.12043867,
                -0.70190966 0.70190966 0.12101891,
                -0.76770478 0.6293838 0.12043867,
                -0.82613802 0.5508225 0.11870349,
                -0.8766492 0.46697918 0.11583003,
                -0.91875392 0.37865785 0.11184584,
                -0.95204836 0.28670543 0.10678912,
                -0.97621328 0.19200373 0.10070837,
                -0.99101698 0.095460817 0.093661882,
                -0.99631751 -0.0019974958 0.085717238,
                1.7763568e-15 -1 0,
                1.7763568e-15 -1 0,
                0.17364818 -0.98480773 0,
                0.34202015 -0.93969262 0,
                0.5 -0.86602539 0,
                0.64278764 -0.76604444 0,
                0.76604444 -0.64278764 0,
                0.86602539 -0.5 0,
                0.93969262 -0.34202015 0,
                0.98480773 -0.17364818 0,
                1 1.9984014e-15 0,
                1 1.9984014e-15 0,
                0.99503922 -0.09948308 0,
                0.98053819 -0.1963286 0,
                0.95663434 -0.29129145 0,
                0.92355704 -0.383461 0,
                0.88162345 -0.47195345 0,
                0.83123571 -0.55592012 0,
                0.77287692 -0.63455594 0,
                0.70710677 -0.70710677 0,
                0.63455594 -0.77287692 0,
                0.55592012 -0.83123571 0,
                0.47195345 -0.88162345 0,
                0.383461 -0.92355704 0,
                0.29129145 -0.95663434 0,
                0.1963286 -0.98053819 0,
                0.09948308 -0.99503922 0,
                1 -2.2670207e-41 -7.5230354e-16,
                1 -2.2670207e-41 -7.5230354e-16,
                1 -2.2670207e-41 -7.5230354e-16,
                1 -2.2670207e-41 -7.5230354e-16,
                -1 1.1335103e-41 7.5230354e-16,
                -1 1.1335103e-41 7.5230354e-16,
                -1 1.1335103e-41 7.5230354e-16,
                -1 1.1335103e-41 7.5230354e-16,
                -1.7763568e-15 -1 0,
                -1.7763568e-15 -1 0,
                -0.09948308 -0.99503922 0,
                -0.1963286 -0.98053819 0,
                -0.29129145 -0.95663434 0,
                -0.383461 -0.92355704 0,
                -0.47195345 -0.88162345 0,
                -0.55592012 -0.83123571 0,
                -0.63455594 -0.77287692 0,
                -0.70710677 -0.70710677 0,
                -0.77287692 -0.63455594 0,
                -0.83123571 -0.55592012 0,
                -0.88162345 -0.47195345 0,
                -0.92355704 -0.383461 0,
                -0.95663434 -0.29129145 0,
                -0.98053819 -0.1963286 0,
                -0.99503922 -0.09948308 0,
                -0.99999857 -0.0016835852 0,
                -1 1.9984014e-15 0,
                -0.98480773 -0.17364818 0,
                -0.93969262 -0.34202015 0,
                -0.86602539 -0.5 0,
                -0.76604444 -0.64278764 0,
                -0.64278764 -0.76604444 0,
                -0.5 -0.86602539 0,
                -0.34202015 -0.93969262 0,
                -0.17364818 -0.98480773 0,
                0 -1 0,
                0 -1 0,
                0 -1 0,
                0 -1 0,
                1.28626e-11 0.99630475 0.085888341,
                0.17220692 0.98003978 0.09933161,
                0.33923033 0.93427515 0.10978495,
                0.49604273 0.86038834 0.11693371,
                0.63792402 0.76060343 0.12056271,
                0.76060343 0.63792402 0.12056271,
                0.86038834 0.49604273 0.11693371,
                0.93427515 0.33923033 0.10978495,
                0.98003978 0.17220692 0.09933161,
                0.99630475 5.1632032e-12 0.085888341,
                0.99630475 8.1008533e-12 0.085888341,
                0.99101698 0.095460817 0.093661882,
                0.97621328 0.19200373 0.10070837,
                0.95204836 0.28670543 0.10678912,
                0.91875392 0.37865785 0.11184584,
                0.8766492 0.46697918 0.11583003,
                0.82613802 0.5508225 0.11870349,
                0.76770478 0.6293838 0.12043867,
                0.70190966 0.70190966 0.12101891,
                0.6293838 0.76770478 0.12043867,
                0.5508225 0.82613802 0.11870349,
                0.46697918 0.8766492 0.11583003,
                0.37865785 0.91875392 0.11184584,
                0.28670543 0.95204836 0.10678912,
                0.19200373 0.97621328 0.10070837,
                0.095460817 0.99101698 0.093661882,
                -0.0019974958 0.99631751 0.085717238,
                -9.9630777e-15 0.99630475 0.085888341,
                -9.6867433e-15 0.96867144 0.24834591,
                -9.1473553e-15 0.91473275 0.40405938,
                -8.3595613e-15 0.83595353 0.54880017,
                -7.344754e-15 0.73447317 0.67863774,
                -6.130492e-15 0.61304736 0.79004616,
                -4.7497504e-15 0.47497359 0.88000005,
                -3.2400238e-15 0.3240014 0.9460566,
                -1.6423113e-15 0.16423063 0.98642194,
                -1.0086573e-27 1.0080825e-13 1,
                -1.9989735e-27 1.9984014e-13 1,
                -1.6423113e-15 0.16423063 0.98642194,
                -3.2400238e-15 0.3240014 0.9460566,
                -4.7497504e-15 0.47497359 0.88000005,
                -6.130492e-15 0.61304736 0.79004616,
                -7.344754e-15 0.73447317 0.67863774,
                -8.3595613e-15 0.83595353 0.54880017,
                -9.1473553e-15 0.91473275 0.40405938,
                -9.6867433e-15 0.96867144 0.24834591,
                -9.9630777e-15 0.99630475 0.085888341,
                -2.1715962e-12 0.99630475 0.085888341,
                -0.1730065 0.98116869 0.085888341,
                -0.3407563 0.93622023 0.085888341,
                -0.49815238 0.86282521 0.085888341,
                -0.64041239 0.76321375 0.085888341,
                -0.76321375 0.64041239 0.085888341,
                -0.86282521 0.49815238 0.085888341,
                -0.93622023 0.3407563 0.085888341,
                -0.98116869 0.1730065 0.085888341,
                -0.99630475 -8.0002671e-12 0.085888341,
                -0.96867144 2.220446e-16 0.24834591,
                -0.91473275 -2.220446e-16 0.40405938,
                -0.83595353 0 0.54880017,
                -0.73447317 0 0.67863774,
                -0.61304736 0 0.79004616,
                -0.47497359 0 0.88000005,
                -0.3240014 0 0.9460566,
                -0.16423063 0 0.98642194,
                0 0 1,
                0 0 1,
                4.4408921e-16 0.16423063 0.98642194,
                -4.4408921e-15 0.3240014 0.9460566,
                -3.9968029e-15 0.47497359 0.88000005,
                -3.9968029e-15 0.61304736 0.79004616,
                -8.8817842e-15 0.73447317 0.67863774,
                -8.8817842e-15 0.83595353 0.54880017,
                -8.8817842e-15 0.91473275 0.40405938,
                -8.8817842e-15 0.96867144 0.24834591,
                -0.3557646 0.07076598 0.93189257,
                -0.51831847 0.10309995 0.84895015,
                -0.66306877 0.13189258 0.73684746,
                -0.78504354 0.15615487 0.59943503,
                -0.8800531 0.17505345 0.44143274,
                -0.94483399 0.18793917 0.26826787,
                -0.89001411 0.36865592 0.26826787,
                -0.80099154 0.53520542 0.26826787,
                -0.68118733 0.68118733 0.26826787,
                -0.53520542 0.80099154 0.26826787,
                -0.36865592 0.89001411 0.26826787,
                -0.18793917 0.94483399 0.26826787,
                -0.17505345 0.8800531 0.44143274,
                -0.15615487 0.78504354 0.59943503,
                -0.13189258 0.66306877 0.73684746,
                -0.10309995 0.51831847 0.84895015,
                -0.07076598 0.3557646 0.93189257,
                -0.036001287 0.1809907 0.98282564,
                -0.070619069 0.1704895 0.98282564,
                -0.10252299 0.1534365 0.98282564,
                -0.13048702 0.13048702 0.98282564,
                -0.1534365 0.10252299 0.98282564,
                -0.1704895 0.070619069 0.98282564,
                -0.1809907 0.036001287 0.98282564,
                -0.34337968 0.82899189 0.44143274,
                -0.30630878 0.7394948 0.59943503,
                -0.25871658 0.62459713 0.73684746,
                -0.49851003 0.74607295 0.44143274,
                -0.63448292 0.63448292 0.44143274,
                -0.44469142 0.66552776 0.59943503,
                -0.37559828 0.56212252 0.73684746,
                -0.56598485 0.56598485 0.59943503,
                -0.47804594 0.47804594 0.73684746,
                -0.20223783 0.48824531 0.84895015,
                -0.13881245 0.33512291 0.93189257,
                -0.29360381 0.43940917 0.84895015,
                -0.20152445 0.30160266 0.93189257,
                -0.37368679 0.37368679 0.84895015,
                -0.25649199 0.25649199 0.93189257,
                -0.74607295 0.49851003 0.44143274,
                -0.82899189 0.34337968 0.44143274,
                -0.66552776 0.44469142 0.59943503,
                -0.56212252 0.37559828 0.73684746,
                -0.7394948 0.30630878 0.59943503,
                -0.62459713 0.25871658 0.73684746,
                -0.43940917 0.29360381 0.84895015,
                -0.30160266 0.20152445 0.93189257,
                -0.48824531 0.20223783 0.84895015,
                -0.33512291 0.13881245 0.93189257,
                0.99630475 1.2854162e-11 0.085888341,
                0.98003978 -0.17220692 0.09933161,
                0.93427515 -0.33923033 0.10978495,
                0.86038834 -0.49604273 0.11693371,
                0.76060343 -0.63792402 0.12056271,
                0.63792402 -0.76060343 0.12056271,
                0.49604273 -0.86038834 0.11693371,
                0.33923033 -0.93427515 0.10978495,
                0.17220692 -0.98003978 0.09933161,
                -5.8197891e-12 -0.99630475 0.085888341,
                -5.8197891e-12 -0.99630475 0.085888341,
                0.095460817 -0.99101698 0.093661882,
                0.19200373 -0.97621328 0.10070837,
                0.28670543 -0.95204836 0.10678912,
                0.37865785 -0.91875392 0.11184584,
                0.46697918 -0.8766492 0.11583003,
                0.5508225 -0.82613802 0.11870349,
                0.6293838 -0.76770478 0.12043867,
                0.70190966 -0.70190966 0.12101891,
                0.76770478 -0.6293838 0.12043867,
                0.82613802 -0.5508225 0.11870349,
                0.8766492 -0.46697918 0.11583003,
                0.91875392 -0.37865785 0.11184584,
                0.95204836 -0.28670543 0.10678912,
                0.97621328 -0.19200373 0.10070837,
                0.99101698 -0.095460817 0.093661882,
                0.99631751 0.0019974958 0.085717238,
                0.99630475 0 0.085888341,
                0.99630475 0 0.085888341,
                0.99630475 0 0.085888341,
                0.99630475 0 0.085888341,
                -0.99630475 0 0.085888341,
                -0.99630475 0 0.085888341,
                -0.99630475 0 0.085888341,
                -0.99630475 0 0.085888341,
                -0.99631751 0.0019974958 0.085717238,
                -0.99101698 -0.095460817 0.093661882,
                -0.97621328 -0.19200373 0.10070837,
                -0.95204836 -0.28670543 0.10678912,
                -0.91875392 -0.37865785 0.11184584,
                -0.8766492 -0.46697918 0.11583003,
                -0.82613802 -0.5508225 0.11870349,
                -0.76770478 -0.6293838 0.12043867,
                -0.70190966 -0.70190966 0.12101891,
                -0.6293838 -0.76770478 0.12043867,
                -0.5508225 -0.82613802 0.11870349,
                -0.46697918 -0.8766492 0.11583003,
                -0.37865785 -0.91875392 0.11184584,
                -0.28670543 -0.95204836 0.10678912,
                -0.19200373 -0.97621328 0.10070837,
                -0.095460817 -0.99101698 0.093661882,
                0.0019974958 -0.99631751 0.085717238,
                -1.1154633e-11 -0.99630475 0.085888341,
                -0.17220692 -0.98003978 0.09933161,
                -0.33923033 -0.93427515 0.10978495,
                -0.49604273 -0.86038834 0.11693371,
                -0.63792402 -0.76060343 0.12056271,
                -0.76060343 -0.63792402 0.12056271,
                -0.86038834 -0.49604273 0.11693371,
                -0.93427515 -0.33923033 0.10978495,
                -0.98003978 -0.17220692 0.09933161,
                -0.99630475 4.783951e-12 0.085888341,
                0 -0.99630475 0.085888341,
                0 -0.99630475 0.085888341,
                0 -0.99630475 0.085888341,
                0 -0.99630475 0.085888341,
                0 -0.99630475 0.085888341,
                0 -0.99630475 0.085888341,
                0 -0.99630475 0.085888341,
                0 -0.99630475 0.085888341,
                0 -0.99630475 0.085888341,
                0 -0.99630475 0.085888341,
                0 -0.99630475 0.085888341,
                0 -0.99630475 0.085888341,
                0 -0.99630475 0.085888341,
                0 -0.99630475 0.085888341,
                0 -0.99630475 0.085888341,
                0 -0.99630475 0.085888341,
                0.99630475 0 0.085888341,
                0.98003978 0.17220692 0.099331617,
                0.93427515 0.33923033 0.10978495,
                0.86038834 0.49604273 0.11693371,
                0.76060343 0.63792402 0.12056271,
                0.63792402 0.76060343 0.12056271,
                0.49604273 0.86038834 0.11693371,
                0.33923033 0.93427515 0.10978495,
                0.17220692 0.98003978 0.099331617,
                2.1582736e-12 0.99630475 0.085888341,
                -7.5495166e-15 0.96867144 0.24834591,
                -6.2172489e-15 0.91473275 0.40405938,
                -4.8849813e-15 0.83595353 0.54880017,
                -3.5527137e-15 0.73447317 0.67863774,
                -2.220446e-15 0.61304736 0.79004616,
                -1.3322676e-15 0.47497359 0.88000005,
                -4.4408921e-16 0.3240014 0.9460566,
                0 0.16423063 0.98642194,
                0 1.7097435e-14 1,
                -8.8817842e-16 0 1,
                0.16423063 0 0.98642194,
                0.3240014 0 0.9460566,
                0.47497359 0 0.88000005,
                0.61304736 0 0.79004616,
                0.73447317 0 0.67863774,
                0.83595353 0 0.54880017,
                0.91473275 0 0.40405938,
                0.96867144 0 0.24834591,
                0.07076598 0.3557646 0.93189257,
                0.10309995 0.51831847 0.84895015,
                0.13189258 0.66306877 0.73684746,
                0.15615487 0.78504354 0.59943503,
                0.17505345 0.8800531 0.44143274,
                0.18793917 0.94483399 0.26826787,
                0.36865592 0.89001411 0.26826787,
                0.53520542 0.80099154 0.26826787,
                0.68118733 0.68118733 0.26826787,
                0.80099154 0.53520542 0.26826787,
                0.89001411 0.36865592 0.26826787,
                0.94483399 0.18793917 0.26826787,
                0.8800531 0.17505345 0.44143274,
                0.78504354 0.15615487 0.59943503,
                0.66306877 0.13189258 0.73684746,
                0.51831847 0.10309995 0.84895015,
                0.3557646 0.07076598 0.93189257,
                0.1809907 0.036001287 0.98282564,
                0.1704895 0.070619069 0.98282564,
                0.1534365 0.10252299 0.98282564,
                0.13048702 0.13048702 0.98282564,
                0.10252299 0.1534365 0.98282564,
                0.070619069 0.1704895 0.98282564,
                0.036001287 0.1809907 0.98282564,
                0.82899189 0.34337968 0.44143274,
                0.7394948 0.30630878 0.59943503,
                0.62459713 0.25871658 0.73684746,
                0.74607295 0.49851003 0.44143274,
                0.63448292 0.63448292 0.44143274,
                0.66552776 0.44469142 0.59943503,
                0.56212252 0.37559828 0.73684746,
                0.56598485 0.56598485 0.59943503,
                0.47804594 0.47804594 0.73684746,
                0.48824531 0.20223783 0.84895015,
                0.33512291 0.13881245 0.93189257,
                0.43940917 0.29360381 0.84895015,
                0.30160266 0.20152445 0.93189257,
                0.37368679 0.37368679 0.84895015,
                0.25649199 0.25649199 0.93189257,
                0.49851003 0.74607295 0.44143274,
                0.34337968 0.82899189 0.44143274,
                0.44469142 0.66552776 0.59943503,
                0.37559828 0.56212252 0.73684746,
                0.30630878 0.7394948 0.59943503,
                0.25871658 0.62459713 0.73684746,
                0.29360381 0.43940917 0.84895015,
                0.20152445 0.30160266 0.93189257,
                0.20223783 0.48824531 0.84895015,
                0.13881245 0.33512291 0.93189257,
                0 0 1,
                0 0 1,
                0 0 1,
                0 0 1,
                0.99630475 -2.220446e-16 0.085888341,
                0.96867144 -2.220446e-16 0.24834591,
                0.91473275 -2.220446e-16 0.40405938,
                0.83595353 -2.220446e-16 0.54880017,
                0.73447317 -2.220446e-16 0.67863774,
                0.61304736 -2.220446e-16 0.79004616,
                0.47497359 -2.220446e-16 0.88000005,
                0.3240014 0 0.9460566,
                0.16423063 0 0.98642194,
                -4.4408921e-16 0 1,
                0 0 1,
                0 -0.16423063 0.98642194,
                0 -0.3240014 0.9460566,
                0 -0.47497359 0.88000005,
                -4.4408921e-16 -0.61304736 0.79004616,
                0 -0.73447317 0.67863774,
                0 -0.83595353 0.54880017,
                0 -0.91473275 0.40405938,
                0 -0.96867144 0.24834591,
                0 -0.99630475 0.085888341,
                0.17220692 -0.98003978 0.099331617,
                0.33923033 -0.93427515 0.10978495,
                0.49604273 -0.86038834 0.11693371,
                0.63792402 -0.76060343 0.12056271,
                0.76060343 -0.63792402 0.12056271,
                0.86038834 -0.49604273 0.11693371,
                0.93427515 -0.33923033 0.10978495,
                0.98003978 -0.17220692 0.099331617,
                0.3557646 -0.07076598 0.93189257,
                0.51831847 -0.10309995 0.84895015,
                0.66306877 -0.13189258 0.73684746,
                0.78504354 -0.15615487 0.59943503,
                0.8800531 -0.17505345 0.44143274,
                0.94483399 -0.18793917 0.26826787,
                0.89001411 -0.36865592 0.26826787,
                0.80099154 -0.53520542 0.26826787,
                0.68118733 -0.68118733 0.26826787,
                0.53520542 -0.80099154 0.26826787,
                0.36865592 -0.89001411 0.26826787,
                0.18793917 -0.94483399 0.26826787,
                0.17505345 -0.8800531 0.44143274,
                0.15615487 -0.78504354 0.59943503,
                0.13189258 -0.66306877 0.73684746,
                0.10309995 -0.51831847 0.84895015,
                0.07076598 -0.3557646 0.93189257,
                0.036001287 -0.1809907 0.98282564,
                0.070619069 -0.1704895 0.98282564,
                0.10252299 -0.1534365 0.98282564,
                0.13048702 -0.13048702 0.98282564,
                0.1534365 -0.10252299 0.98282564,
                0.1704895 -0.070619069 0.98282564,
                0.1809907 -0.036001287 0.98282564,
                0.34337968 -0.82899189 0.44143274,
                0.30630878 -0.7394948 0.59943503,
                0.25871658 -0.62459713 0.73684746,
                0.49851003 -0.74607295 0.44143274,
                0.63448292 -0.63448292 0.44143274,
                0.44469142 -0.66552776 0.59943503,
                0.37559828 -0.56212252 0.73684746,
                0.56598485 -0.56598485 0.59943503,
                0.47804594 -0.47804594 0.73684746,
                0.20223783 -0.48824531 0.84895015,
                0.13881245 -0.33512291 0.93189257,
                0.29360381 -0.43940917 0.84895015,
                0.20152445 -0.30160266 0.93189257,
                0.37368679 -0.37368679 0.84895015,
                0.25649199 -0.25649199 0.93189257,
                0.74607295 -0.49851003 0.44143274,
                0.82899189 -0.34337968 0.44143274,
                0.66552776 -0.44469142 0.59943503,
                0.56212252 -0.37559828 0.73684746,
                0.7394948 -0.30630878 0.59943503,
                0.62459713 -0.25871658 0.73684746,
                0.43940917 -0.29360381 0.84895015,
                0.30160266 -0.20152445 0.93189257,
                0.48824531 -0.20223783 0.84895015,
                0.33512291 -0.13881245 0.93189257,
                -4.4408921e-16 0 1,
                0.16423063 0 0.98642194,
                0.3240014 0 0.9460566,
                0.47497359 0 0.88000005,
                0.61304736 0 0.79004616,
                0.73447317 0 0.67863774,
                0.83595353 0 0.54880017,
                0.91473275 0 0.40405938,
                0.96867144 0 0.24834591,
                0.99630475 0 0.085888341,
                0.99630475 0 0.085888341,
                0.96867144 0 0.24834591,
                0.91473275 0 0.40405938,
                0.83595353 0 0.54880017,
                0.73447317 0 0.67863774,
                0.61304736 0 0.79004616,
                0.47497359 0 0.88000005,
                0.3240014 0 0.9460566,
                0.16423063 0 0.98642194,
                -8.8817842e-16 0 1,
                -0.99630475 0 0.085888341,
                -0.96867144 0 0.24834591,
                -0.91473275 0 0.40405938,
                -0.83595353 0 0.54880017,
                -0.73447317 0 0.67863774,
                -0.61304736 0 0.79004616,
                -0.47497359 0 0.88000005,
                -0.3240014 0 0.9460566,
                -0.16423063 0 0.98642194,
                0 0 1,
                0 0 1,
                -0.16423063 0 0.98642194,
                -0.3240014 0 0.9460566,
                -0.47497359 0 0.88000005,
                -0.61304736 0 0.79004616,
                -0.73447317 0 0.67863774,
                -0.83595353 0 0.54880017,
                -0.91473275 0 0.40405938,
                -0.96867144 0 0.24834591,
                -0.99630475 0 0.085888341,
                0 0 1,
                0 0 1,
                -0.16423063 0 0.98642194,
                -0.3240014 0 0.9460566,
                -0.47497359 0 0.88000005,
                -0.61304736 0 0.79004616,
                -0.73447317 0 0.67863774,
                -0.83595353 0 0.54880017,
                -0.91473275 -2.220446e-16 0.40405938,
                -0.96867144 2.220446e-16 0.24834591,
                -0.99630475 2.220446e-16 0.085888341,
                -0.98116869 -0.1730065 0.085888341,
                -0.93622023 -0.3407563 0.085888341,
                -0.86282521 -0.49815238 0.085888341,
                -0.76321375 -0.64041239 0.085888341,
                -0.64041239 -0.76321375 0.085888341,
                -0.49815238 -0.86282521 0.085888341,
                -0.3407563 -0.93622023 0.085888341,
                -0.1730065 -0.98116869 0.085888341,
                -2.1671553e-12 -0.99630475 0.085888341,
                4.8849813e-15 -0.96867144 0.24834591,
                4.8849813e-15 -0.91473275 0.40405938,
                4.4408921e-15 -0.83595353 0.54880017,
                4.4408921e-15 -0.73447317 0.67863774,
                4.8849813e-15 -0.61304736 0.79004616,
                -4.4408921e-16 -0.47497359 0.88000005,
                0 -0.3240014 0.9460566,
                0 -0.16423063 0.98642194,
                -0.07076598 -0.3557646 0.93189257,
                -0.10309995 -0.51831847 0.84895015,
                -0.13189258 -0.66306877 0.73684746,
                -0.15615487 -0.78504354 0.59943503,
                -0.17505345 -0.8800531 0.44143274,
                -0.18793917 -0.94483399 0.26826787,
                -0.36865592 -0.89001411 0.26826787,
                -0.53520542 -0.80099154 0.26826787,
                -0.68118733 -0.68118733 0.26826787,
                -0.80099154 -0.53520542 0.26826787,
                -0.89001411 -0.36865592 0.26826787,
                -0.94483399 -0.18793917 0.26826787,
                -0.8800531 -0.17505345 0.44143274,
                -0.78504354 -0.15615487 0.59943503,
                -0.66306877 -0.13189258 0.73684746,
                -0.51831847 -0.10309995 0.84895015,
                -0.3557646 -0.07076598 0.93189257,
                -0.1809907 -0.036001287 0.98282564,
                -0.1704895 -0.070619069 0.98282564,
                -0.1534365 -0.10252299 0.98282564,
                -0.13048702 -0.13048702 0.98282564,
                -0.10252299 -0.1534365 0.98282564,
                -0.070619069 -0.1704895 0.98282564,
                -0.036001287 -0.1809907 0.98282564,
                -0.82899189 -0.34337968 0.44143274,
                -0.7394948 -0.30630878 0.59943503,
                -0.62459713 -0.25871658 0.73684746,
                -0.74607295 -0.49851003 0.44143274,
                -0.63448292 -0.63448292 0.44143274,
                -0.66552776 -0.44469142 0.59943503,
                -0.56212252 -0.37559828 0.73684746,
                -0.56598485 -0.56598485 0.59943503,
                -0.47804594 -0.47804594 0.73684746,
                -0.48824531 -0.20223783 0.84895015,
                -0.33512291 -0.13881245 0.93189257,
                -0.43940917 -0.29360381 0.84895015,
                -0.30160266 -0.20152445 0.93189257,
                -0.37368679 -0.37368679 0.84895015,
                -0.25649199 -0.25649199 0.93189257,
                -0.49851003 -0.74607295 0.44143274,
                -0.34337968 -0.82899189 0.44143274,
                -0.44469142 -0.66552776 0.59943503,
                -0.37559828 -0.56212252 0.73684746,
                -0.30630878 -0.7394948 0.59943503,
                -0.25871658 -0.62459713 0.73684746,
                -0.29360381 -0.43940917 0.84895015,
                -0.20152445 -0.30160266 0.93189257,
                -0.20223783 -0.48824531 0.84895015,
                -0.13881245 -0.33512291 0.93189257,
                0 4.4408921e-16 1,
                0 -0.16423063 0.98642194,
                0 -0.3240014 0.9460566,
                0 -0.47497359 0.88000005,
                0 -0.61304736 0.79004616,
                0 -0.73447317 0.67863774,
                0 -0.83595353 0.54880017,
                0 -0.91473275 0.40405938,
                0 -0.96867144 0.24834591,
                0 -0.99630475 0.085888341,
                0 -0.99630475 0.085888341,
                0 -0.96867144 0.24834591,
                0 -0.91473275 0.40405938,
                0 -0.83595353 0.54880017,
                0 -0.73447317 0.67863774,
                0 -0.61304736 0.79004616,
                0 -0.47497359 0.88000005,
                0 -0.3240014 0.9460566,
                0 -0.16423063 0.98642194,
                0 4.4408921e-16 1

              ]
            }
            coordIndex [
              2 0 1 -1 
              3 0 2 -1 
              6 4 5 -1 
              7 4 6 -1 
              8 11 9 -1 
              11 8 10 -1 
              14 12 13 -1 
              15 12 14 -1 
              25 16 17 -1 
              1 0 17 -1 
              18 17 0 -1 
              77 0 76 -1 
              78 0 77 -1 
              79 0 78 -1 
              80 0 79 -1 
              81 0 80 -1 
              82 0 81 -1 
              83 0 82 -1 
              18 19 17 -1 
              18 0 83 -1 
              22 17 19 -1 
              90 19 91 -1 
              89 19 90 -1 
              88 19 89 -1 
              87 19 88 -1 
              86 19 87 -1 
              85 19 86 -1 
              84 19 85 -1 
              20 19 84 -1 
              22 19 20 -1 
              22 20 21 -1 
              22 25 17 -1 
              25 26 16 -1 
              14 23 15 -1 
              24 23 14 -1 
              25 22 23 -1 
              25 23 24 -1 
              27 16 26 -1 
              30 31 29 -1 
              30 29 28 -1 
              32 34 33 -1 
              35 33 34 -1 
              27 26 37 -1 
              27 37 36 -1 
              100 9 11 -1 
              100 11 92 -1 
              102 92 93 -1 
              103 93 94 -1 
              105 94 95 -1 
              107 95 96 -1 
              109 96 97 -1 
              111 97 98 -1 
              112 98 99 -1 
              114 99 38 -1 
              114 38 39 -1 
              113 99 114 -1 
              112 99 113 -1 
              111 98 112 -1 
              110 97 111 -1 
              109 97 110 -1 
              108 96 109 -1 
              107 96 108 -1 
              106 95 107 -1 
              105 95 106 -1 
              104 94 105 -1 
              103 94 104 -1 
              102 93 103 -1 
              101 92 102 -1 
              100 92 101 -1 
              41 42 40 -1 
              4 42 41 -1 
              4 41 5 -1 
              44 42 43 -1 
              44 45 42 -1 
              44 43 28 -1 
              45 40 42 -1 
              44 28 29 -1 
              46 40 45 -1 
              33 45 32 -1 
              46 45 33 -1 
              116 33 115 -1 
              117 33 116 -1 
              118 33 117 -1 
              119 33 118 -1 
              120 33 119 -1 
              121 33 120 -1 
              122 33 121 -1 
              46 38 40 -1 
              46 33 122 -1 
              11 40 38 -1 
              98 38 99 -1 
              97 38 98 -1 
              96 38 97 -1 
              95 38 96 -1 
              94 38 95 -1 
              93 38 94 -1 
              92 38 93 -1 
              11 38 92 -1 
              10 40 11 -1 
              137 47 18 -1 
              137 18 83 -1 
              135 83 82 -1 
              134 82 81 -1 
              132 81 80 -1 
              130 80 79 -1 
              128 79 78 -1 
              126 78 77 -1 
              0 123 76 -1 
              125 77 76 -1 
              123 0 3 -1 
              124 76 123 -1 
              125 76 124 -1 
              126 77 125 -1 
              127 78 126 -1 
              128 78 127 -1 
              129 79 128 -1 
              130 79 129 -1 
              131 80 130 -1 
              132 80 131 -1 
              133 81 132 -1 
              134 81 133 -1 
              135 82 134 -1 
              136 83 135 -1 
              137 83 136 -1 
              48 3 2 -1 
              49 55 48 -1 
              50 55 49 -1 
              37 49 36 -1 
              50 49 37 -1 
              54 55 50 -1 
              54 50 51 -1 
              6 51 7 -1 
              52 51 6 -1 
              54 51 52 -1 
              54 52 53 -1 
              9 53 8 -1 
              54 53 9 -1 
              55 3 48 -1 
              114 56 138 -1 
              112 138 139 -1 
              111 139 140 -1 
              109 140 141 -1 
              107 141 142 -1 
              105 142 143 -1 
              103 143 144 -1 
              102 144 145 -1 
              100 145 54 -1 
              100 54 9 -1 
              101 145 100 -1 
              102 145 101 -1 
              103 144 102 -1 
              104 143 103 -1 
              105 143 104 -1 
              106 142 105 -1 
              107 142 106 -1 
              108 141 107 -1 
              109 141 108 -1 
              110 140 109 -1 
              111 140 110 -1 
              112 139 111 -1 
              113 138 112 -1 
              114 138 113 -1 
              39 56 114 -1 
              146 57 20 -1 
              146 20 84 -1 
              148 84 85 -1 
              149 85 86 -1 
              151 86 87 -1 
              153 87 88 -1 
              155 88 89 -1 
              157 89 90 -1 
              158 90 91 -1 
              160 91 19 -1 
              160 19 58 -1 
              159 91 160 -1 
              158 91 159 -1 
              157 90 158 -1 
              156 89 157 -1 
              155 89 156 -1 
              154 88 155 -1 
              153 88 154 -1 
              152 87 153 -1 
              151 87 152 -1 
              150 86 151 -1 
              149 86 150 -1 
              148 85 149 -1 
              147 84 148 -1 
              146 84 147 -1 
              47 19 18 -1 
              58 19 47 -1 
              38 46 59 -1 
              38 59 39 -1 
              161 33 35 -1 
              115 33 161 -1 
              115 161 162 -1 
              115 162 163 -1 
              116 163 164 -1 
              117 164 165 -1 
              117 165 166 -1 
              118 166 167 -1 
              122 175 46 -1 
              119 168 169 -1 
              119 169 170 -1 
              120 170 171 -1 
              120 171 172 -1 
              121 172 173 -1 
              122 173 174 -1 
              122 174 175 -1 
              46 175 59 -1 
              118 167 168 -1 
              121 173 122 -1 
              120 172 121 -1 
              119 170 120 -1 
              118 168 119 -1 
              117 166 118 -1 
              116 164 117 -1 
              115 163 116 -1 
              20 57 60 -1 
              20 60 21 -1 
              125 176 177 -1 
              126 177 178 -1 
              128 178 179 -1 
              130 179 180 -1 
              132 180 181 -1 
              134 181 182 -1 
              135 182 183 -1 
              137 183 61 -1 
              137 61 47 -1 
              123 55 176 -1 
              136 183 137 -1 
              135 183 136 -1 
              134 182 135 -1 
              133 181 134 -1 
              132 181 133 -1 
              131 180 132 -1 
              130 180 131 -1 
              129 179 130 -1 
              128 179 129 -1 
              127 178 128 -1 
              126 178 127 -1 
              125 177 126 -1 
              124 176 125 -1 
              123 176 124 -1 
              3 55 123 -1 
              192 54 184 -1 
              193 184 185 -1 
              194 185 186 -1 
              195 186 187 -1 
              196 187 188 -1 
              197 188 189 -1 
              198 189 190 -1 
              199 190 191 -1 
              63 191 62 -1 
              199 191 63 -1 
              198 190 199 -1 
              197 189 198 -1 
              196 188 197 -1 
              195 187 196 -1 
              194 186 195 -1 
              193 185 194 -1 
              192 184 193 -1 
              55 54 192 -1 
              184 54 145 -1 
              184 145 275 -1 
              276 185 275 -1 
              274 144 143 -1 
              270 140 139 -1 
              207 138 56 -1 
              269 138 207 -1 
              271 141 140 -1 
              271 140 270 -1 
              204 203 266 -1 
              265 203 202 -1 
              264 201 287 -1 
              287 201 200 -1 
              280 190 189 -1 
              278 188 187 -1 
              275 144 274 -1 
              264 202 201 -1 
              62 191 281 -1 
              267 205 204 -1 
              265 202 264 -1 
              268 206 205 -1 
              266 203 265 -1 
              270 139 269 -1 
              267 204 266 -1 
              269 207 206 -1 
              268 205 267 -1 
              269 139 138 -1 
              269 206 268 -1 
              272 142 141 -1 
              273 143 142 -1 
              272 141 271 -1 
              277 186 276 -1 
              273 142 272 -1 
              275 145 144 -1 
              274 143 273 -1 
              276 186 185 -1 
              275 185 184 -1 
              277 187 186 -1 
              279 189 188 -1 
              278 187 277 -1 
              281 191 190 -1 
              279 188 278 -1 
              280 189 279 -1 
              281 190 280 -1 
              282 62 281 -1 
              283 62 282 -1 
              284 62 283 -1 
              285 62 284 -1 
              287 200 62 -1 
              286 62 285 -1 
              287 62 286 -1 
              275 274 276 -1 
              288 276 274 -1 
              276 288 277 -1 
              289 277 288 -1 
              277 289 278 -1 
              290 278 289 -1 
              274 273 288 -1 
              291 288 273 -1 
              273 272 291 -1 
              292 291 272 -1 
              288 291 289 -1 
              293 289 291 -1 
              289 293 290 -1 
              294 290 293 -1 
              291 292 293 -1 
              295 293 292 -1 
              293 295 294 -1 
              296 294 295 -1 
              278 290 279 -1 
              297 279 290 -1 
              279 297 280 -1 
              298 280 297 -1 
              280 298 281 -1 
              282 281 298 -1 
              290 294 297 -1 
              299 297 294 -1 
              297 299 298 -1 
              300 298 299 -1 
              294 296 299 -1 
              301 299 296 -1 
              299 301 300 -1 
              302 300 301 -1 
              298 300 282 -1 
              283 282 300 -1 
              300 302 283 -1 
              284 283 302 -1 
              272 271 292 -1 
              303 292 271 -1 
              271 270 303 -1 
              304 303 270 -1 
              292 303 295 -1 
              305 295 303 -1 
              295 305 296 -1 
              306 296 305 -1 
              303 304 305 -1 
              307 305 304 -1 
              305 307 306 -1 
              308 306 307 -1 
              270 269 304 -1 
              268 304 269 -1 
              304 268 307 -1 
              267 307 268 -1 
              307 267 308 -1 
              266 308 267 -1 
              296 306 301 -1 
              309 301 306 -1 
              301 309 302 -1 
              310 302 309 -1 
              306 308 309 -1 
              311 309 308 -1 
              309 311 310 -1 
              312 310 311 -1 
              302 310 284 -1 
              285 284 310 -1 
              310 312 285 -1 
              286 285 312 -1 
              308 266 311 -1 
              265 311 266 -1 
              311 265 312 -1 
              264 312 265 -1 
              312 264 286 -1 
              287 286 264 -1 
              160 65 215 -1 
              212 155 213 -1 
              211 153 212 -1 
              210 151 211 -1 
              209 149 210 -1 
              208 148 209 -1 
              64 146 208 -1 
              158 215 214 -1 
              157 214 213 -1 
              146 64 57 -1 
              147 208 146 -1 
              148 208 147 -1 
              149 209 148 -1 
              150 210 149 -1 
              151 210 150 -1 
              152 211 151 -1 
              153 211 152 -1 
              154 212 153 -1 
              155 212 154 -1 
              156 213 155 -1 
              157 213 156 -1 
              158 214 157 -1 
              159 215 158 -1 
              160 215 159 -1 
              58 65 160 -1 
              61 58 47 -1 
              65 58 61 -1 
              59 56 39 -1 
              66 56 59 -1 
              66 59 175 -1 
              216 175 174 -1 
              216 174 173 -1 
              217 173 172 -1 
              218 172 171 -1 
              218 171 170 -1 
              219 170 169 -1 
              219 169 168 -1 
              220 168 167 -1 
              220 167 166 -1 
              221 166 165 -1 
              221 165 164 -1 
              222 164 163 -1 
              223 163 162 -1 
              223 162 161 -1 
              67 161 35 -1 
              223 161 67 -1 
              222 163 223 -1 
              221 164 222 -1 
              220 166 221 -1 
              219 168 220 -1 
              218 170 219 -1 
              217 172 218 -1 
              216 173 217 -1 
              66 175 216 -1 
              64 67 68 -1 
              72 67 35 -1 
              70 71 64 -1 
              12 69 13 -1 
              70 69 12 -1 
              57 64 71 -1 
              57 71 60 -1 
              64 68 69 -1 
              64 69 70 -1 
              30 68 31 -1 
              73 67 72 -1 
              72 35 34 -1 
              73 31 68 -1 
              73 68 67 -1 
              224 61 183 -1 
              224 183 324 -1 
              324 183 182 -1 
              319 178 177 -1 
              192 176 55 -1 
              318 176 192 -1 
              320 179 178 -1 
              320 178 319 -1 
              195 196 315 -1 
              314 196 197 -1 
              313 198 336 -1 
              336 198 199 -1 
              328 229 228 -1 
              327 228 227 -1 
              324 182 323 -1 
              313 197 198 -1 
              63 231 330 -1 
              316 194 195 -1 
              314 197 313 -1 
              317 193 194 -1 
              315 196 314 -1 
              319 177 318 -1 
              316 195 315 -1 
              318 192 193 -1 
              317 194 316 -1 
              318 177 176 -1 
              318 193 317 -1 
              321 180 179 -1 
              322 181 180 -1 
              321 179 320 -1 
              323 182 181 -1 
              322 180 321 -1 
              323 181 322 -1 
              325 225 324 -1 
              325 226 225 -1 
              324 225 224 -1 
              326 227 226 -1 
              326 226 325 -1 
              329 230 229 -1 
              327 227 326 -1 
              330 231 230 -1 
              328 228 327 -1 
              329 229 328 -1 
              330 230 329 -1 
              331 63 330 -1 
              332 63 331 -1 
              333 63 332 -1 
              334 63 333 -1 
              336 199 63 -1 
              335 63 334 -1 
              336 63 335 -1 
              324 323 325 -1 
              337 325 323 -1 
              325 337 326 -1 
              338 326 337 -1 
              326 338 327 -1 
              339 327 338 -1 
              323 322 337 -1 
              340 337 322 -1 
              322 321 340 -1 
              341 340 321 -1 
              337 340 338 -1 
              342 338 340 -1 
              338 342 339 -1 
              343 339 342 -1 
              340 341 342 -1 
              344 342 341 -1 
              342 344 343 -1 
              345 343 344 -1 
              327 339 328 -1 
              346 328 339 -1 
              328 346 329 -1 
              347 329 346 -1 
              329 347 330 -1 
              331 330 347 -1 
              339 343 346 -1 
              348 346 343 -1 
              346 348 347 -1 
              349 347 348 -1 
              343 345 348 -1 
              350 348 345 -1 
              348 350 349 -1 
              351 349 350 -1 
              347 349 331 -1 
              332 331 349 -1 
              349 351 332 -1 
              333 332 351 -1 
              321 320 341 -1 
              352 341 320 -1 
              320 319 352 -1 
              353 352 319 -1 
              341 352 344 -1 
              354 344 352 -1 
              344 354 345 -1 
              355 345 354 -1 
              352 353 354 -1 
              356 354 353 -1 
              354 356 355 -1 
              357 355 356 -1 
              319 318 353 -1 
              317 353 318 -1 
              353 317 356 -1 
              316 356 317 -1 
              356 316 357 -1 
              315 357 316 -1 
              345 355 350 -1 
              358 350 355 -1 
              350 358 351 -1 
              359 351 358 -1 
              355 357 358 -1 
              360 358 357 -1 
              358 360 359 -1 
              361 359 360 -1 
              351 359 333 -1 
              334 333 359 -1 
              359 361 334 -1 
              335 334 361 -1 
              357 315 360 -1 
              314 360 315 -1 
              360 314 361 -1 
              313 361 314 -1 
              361 313 335 -1 
              336 335 313 -1 
              75 62 74 -1 
              63 62 75 -1 
              215 232 367 -1 
              368 214 367 -1 
              366 233 234 -1 
              365 234 235 -1 
              235 236 364 -1 
              363 236 237 -1 
              362 238 385 -1 
              385 238 239 -1 
              378 246 245 -1 
              375 242 374 -1 
              375 243 242 -1 
              374 242 241 -1 
              208 240 64 -1 
              373 240 208 -1 
              374 241 373 -1 
              215 65 232 -1 
              367 233 366 -1 
              362 237 238 -1 
              75 247 379 -1 
              363 237 362 -1 
              364 236 363 -1 
              369 213 368 -1 
              365 235 364 -1 
              369 212 213 -1 
              367 232 233 -1 
              366 234 365 -1 
              368 213 214 -1 
              367 214 215 -1 
              370 211 212 -1 
              371 210 211 -1 
              370 212 369 -1 
              372 209 210 -1 
              371 211 370 -1 
              373 208 209 -1 
              372 210 371 -1 
              373 241 240 -1 
              373 209 372 -1 
              376 244 243 -1 
              377 245 244 -1 
              376 243 375 -1 
              379 247 246 -1 
              377 244 376 -1 
              378 245 377 -1 
              379 246 378 -1 
              380 75 379 -1 
              381 75 380 -1 
              382 75 381 -1 
              383 75 382 -1 
              385 239 75 -1 
              384 75 383 -1 
              385 75 384 -1 
              373 372 374 -1 
              386 374 372 -1 
              374 386 375 -1 
              387 375 386 -1 
              375 387 376 -1 
              388 376 387 -1 
              372 371 386 -1 
              389 386 371 -1 
              371 370 389 -1 
              390 389 370 -1 
              386 389 387 -1 
              391 387 389 -1 
              387 391 388 -1 
              392 388 391 -1 
              389 390 391 -1 
              393 391 390 -1 
              391 393 392 -1 
              394 392 393 -1 
              376 388 377 -1 
              395 377 388 -1 
              377 395 378 -1 
              396 378 395 -1 
              378 396 379 -1 
              380 379 396 -1 
              388 392 395 -1 
              397 395 392 -1 
              395 397 396 -1 
              398 396 397 -1 
              392 394 397 -1 
              399 397 394 -1 
              397 399 398 -1 
              400 398 399 -1 
              396 398 380 -1 
              381 380 398 -1 
              398 400 381 -1 
              382 381 400 -1 
              370 369 390 -1 
              401 390 369 -1 
              369 368 401 -1 
              402 401 368 -1 
              390 401 393 -1 
              403 393 401 -1 
              393 403 394 -1 
              404 394 403 -1 
              401 402 403 -1 
              405 403 402 -1 
              403 405 404 -1 
              406 404 405 -1 
              368 367 402 -1 
              366 402 367 -1 
              402 366 405 -1 
              365 405 366 -1 
              405 365 406 -1 
              364 406 365 -1 
              394 404 399 -1 
              407 399 404 -1 
              399 407 400 -1 
              408 400 407 -1 
              404 406 407 -1 
              409 407 406 -1 
              407 409 408 -1 
              410 408 409 -1 
              400 408 382 -1 
              383 382 408 -1 
              408 410 383 -1 
              384 383 410 -1 
              406 364 409 -1 
              363 409 364 -1 
              409 363 410 -1 
              362 410 363 -1 
              410 362 384 -1 
              385 384 362 -1 
              239 231 75 -1 
              238 230 239 -1 
              237 229 238 -1 
              236 228 237 -1 
              235 227 236 -1 
              234 226 235 -1 
              233 225 234 -1 
              232 224 233 -1 
              65 61 232 -1 
              224 232 61 -1 
              225 233 224 -1 
              226 234 225 -1 
              227 235 226 -1 
              228 236 227 -1 
              229 237 228 -1 
              230 238 229 -1 
              231 239 230 -1 
              63 75 231 -1 
              255 207 66 -1 
              254 206 255 -1 
              253 205 254 -1 
              252 204 253 -1 
              251 203 252 -1 
              250 202 251 -1 
              249 201 250 -1 
              248 200 249 -1 
              74 62 248 -1 
              200 248 62 -1 
              201 249 200 -1 
              202 250 201 -1 
              203 251 202 -1 
              204 252 203 -1 
              205 253 204 -1 
              206 254 205 -1 
              207 255 206 -1 
              56 66 207 -1 
              434 74 433 -1 
              413 259 260 -1 
              428 248 249 -1 
              425 252 424 -1 
              424 252 253 -1 
              423 253 254 -1 
              216 255 66 -1 
              422 255 216 -1 
              424 253 423 -1 
              417 221 222 -1 
              256 223 67 -1 
              416 223 256 -1 
              418 220 221 -1 
              418 221 417 -1 
              427 250 426 -1 
              74 248 428 -1 
              434 411 262 -1 
              412 260 261 -1 
              411 261 262 -1 
              414 258 259 -1 
              412 261 411 -1 
              415 257 258 -1 
              413 260 412 -1 
              417 222 416 -1 
              414 259 413 -1 
              416 256 257 -1 
              415 258 414 -1 
              416 222 223 -1 
              416 257 415 -1 
              419 219 220 -1 
              420 218 219 -1 
              421 217 218 -1 
              419 220 418 -1 
              423 254 422 -1 
              420 219 419 -1 
              422 216 217 -1 
              421 218 420 -1 
              422 254 255 -1 
              422 217 421 -1 
              425 251 252 -1 
              426 250 251 -1 
              427 249 250 -1 
              426 251 425 -1 
              428 249 427 -1 
              429 74 428 -1 
              430 74 429 -1 
              431 74 430 -1 
              432 74 431 -1 
              434 263 74 -1 
              433 74 432 -1 
              434 262 263 -1 
              422 421 423 -1 
              435 423 421 -1 
              423 435 424 -1 
              436 424 435 -1 
              424 436 425 -1 
              437 425 436 -1 
              421 420 435 -1 
              438 435 420 -1 
              420 419 438 -1 
              439 438 419 -1 
              435 438 436 -1 
              440 436 438 -1 
              436 440 437 -1 
              441 437 440 -1 
              438 439 440 -1 
              442 440 439 -1 
              440 442 441 -1 
              443 441 442 -1 
              425 437 426 -1 
              444 426 437 -1 
              426 444 427 -1 
              445 427 444 -1 
              427 445 428 -1 
              429 428 445 -1 
              437 441 444 -1 
              446 444 441 -1 
              444 446 445 -1 
              447 445 446 -1 
              441 443 446 -1 
              448 446 443 -1 
              446 448 447 -1 
              449 447 448 -1 
              445 447 429 -1 
              430 429 447 -1 
              447 449 430 -1 
              431 430 449 -1 
              419 418 439 -1 
              450 439 418 -1 
              418 417 450 -1 
              451 450 417 -1 
              439 450 442 -1 
              452 442 450 -1 
              442 452 443 -1 
              453 443 452 -1 
              450 451 452 -1 
              454 452 451 -1 
              452 454 453 -1 
              455 453 454 -1 
              417 416 451 -1 
              415 451 416 -1 
              451 415 454 -1 
              414 454 415 -1 
              454 414 455 -1 
              413 455 414 -1 
              443 453 448 -1 
              456 448 453 -1 
              448 456 449 -1 
              457 449 456 -1 
              453 455 456 -1 
              458 456 455 -1 
              456 458 457 -1 
              459 457 458 -1 
              449 457 431 -1 
              432 431 457 -1 
              457 459 432 -1 
              433 432 459 -1 
              455 413 458 -1 
              412 458 413 -1 
              458 412 459 -1 
              411 459 412 -1 
              459 411 433 -1 
              434 433 411 -1 
              247 74 263 -1 
              246 263 262 -1 
              245 262 261 -1 
              244 261 260 -1 
              243 260 259 -1 
              242 259 258 -1 
              241 258 257 -1 
              240 257 256 -1 
              64 256 67 -1 
              240 256 64 -1 
              241 257 240 -1 
              242 258 241 -1 
              243 259 242 -1 
              244 260 243 -1 
              245 261 244 -1 
              246 262 245 -1 
              247 263 246 -1 
              75 74 247 -1 
            ]
            normalIndex [
              2 0 1 -1 
              3 0 2 -1 
              6 4 5 -1 
              7 4 6 -1 
              9 11 8 -1 
              11 9 10 -1 
              14 12 13 -1 
              15 12 14 -1 
              45 16 17 -1 
              18 19 17 -1 
              28 17 19 -1 
              21 19 20 -1 
              22 19 21 -1 
              23 19 22 -1 
              24 19 23 -1 
              25 19 24 -1 
              26 19 25 -1 
              27 19 26 -1 
              28 29 17 -1 
              28 19 27 -1 
              40 17 29 -1 
              31 29 30 -1 
              32 29 31 -1 
              33 29 32 -1 
              34 29 33 -1 
              35 29 34 -1 
              36 29 35 -1 
              37 29 36 -1 
              38 29 37 -1 
              40 29 38 -1 
              40 38 39 -1 
              40 45 17 -1 
              45 46 16 -1 
              43 41 42 -1 
              44 41 43 -1 
              45 40 41 -1 
              45 41 44 -1 
              47 16 46 -1 
              50 51 48 -1 
              50 48 49 -1 
              53 54 52 -1 
              55 52 54 -1 
              58 59 56 -1 
              58 56 57 -1 
              86 60 61 -1 
              86 61 62 -1 
              84 62 63 -1 
              83 63 64 -1 
              81 64 65 -1 
              79 65 66 -1 
              77 66 67 -1 
              75 67 68 -1 
              74 68 69 -1 
              72 69 70 -1 
              72 70 71 -1 
              73 69 72 -1 
              74 69 73 -1 
              75 68 74 -1 
              76 67 75 -1 
              77 67 76 -1 
              78 66 77 -1 
              79 66 78 -1 
              80 65 79 -1 
              81 65 80 -1 
              82 64 81 -1 
              83 64 82 -1 
              84 63 83 -1 
              85 62 84 -1 
              86 62 85 -1 
              88 91 87 -1 
              90 91 88 -1 
              90 88 89 -1 
              95 91 92 -1 
              95 96 91 -1 
              95 92 93 -1 
              96 87 91 -1 
              95 93 94 -1 
              107 87 96 -1 
              98 96 97 -1 
              107 96 98 -1 
              100 98 99 -1 
              101 98 100 -1 
              102 98 101 -1 
              103 98 102 -1 
              104 98 103 -1 
              105 98 104 -1 
              106 98 105 -1 
              107 108 87 -1 
              107 98 106 -1 
              117 87 108 -1 
              110 108 109 -1 
              111 108 110 -1 
              112 108 111 -1 
              113 108 112 -1 
              114 108 113 -1 
              115 108 114 -1 
              116 108 115 -1 
              117 108 116 -1 
              118 87 117 -1 
              145 119 120 -1 
              145 120 121 -1 
              143 121 122 -1 
              142 122 123 -1 
              140 123 124 -1 
              138 124 125 -1 
              136 125 126 -1 
              134 126 127 -1 
              129 131 128 -1 
              133 127 128 -1 
              131 129 130 -1 
              132 128 131 -1 
              133 128 132 -1 
              134 127 133 -1 
              135 126 134 -1 
              136 126 135 -1 
              137 125 136 -1 
              138 125 137 -1 
              139 124 138 -1 
              140 124 139 -1 
              141 123 140 -1 
              142 123 141 -1 
              143 122 142 -1 
              144 121 143 -1 
              145 121 144 -1 
              148 146 147 -1 
              149 161 148 -1 
              152 161 149 -1 
              151 149 150 -1 
              152 149 151 -1 
              160 161 152 -1 
              160 152 153 -1 
              155 153 154 -1 
              156 153 155 -1 
              160 153 156 -1 
              160 156 157 -1 
              159 157 158 -1 
              160 157 159 -1 
              161 146 148 -1 
              187 162 163 -1 
              185 163 164 -1 
              184 164 165 -1 
              182 165 166 -1 
              180 166 167 -1 
              178 167 168 -1 
              176 168 169 -1 
              175 169 170 -1 
              173 170 171 -1 
              173 171 172 -1 
              174 170 173 -1 
              175 170 174 -1 
              176 169 175 -1 
              177 168 176 -1 
              178 168 177 -1 
              179 167 178 -1 
              180 167 179 -1 
              181 166 180 -1 
              182 166 181 -1 
              183 165 182 -1 
              184 165 183 -1 
              185 164 184 -1 
              186 163 185 -1 
              187 163 186 -1 
              188 162 187 -1 
              215 189 190 -1 
              215 190 191 -1 
              213 191 192 -1 
              212 192 193 -1 
              210 193 194 -1 
              208 194 195 -1 
              206 195 196 -1 
              204 196 197 -1 
              203 197 198 -1 
              201 198 199 -1 
              201 199 200 -1 
              202 198 201 -1 
              203 198 202 -1 
              204 197 203 -1 
              205 196 204 -1 
              206 196 205 -1 
              207 195 206 -1 
              208 195 207 -1 
              209 194 208 -1 
              210 194 209 -1 
              211 193 210 -1 
              212 193 211 -1 
              213 192 212 -1 
              214 191 213 -1 
              215 191 214 -1 
              218 216 217 -1 
              219 216 218 -1 
              222 223 220 -1 
              222 220 221 -1 
              226 224 225 -1 
              250 224 226 -1 
              250 226 227 -1 
              250 227 228 -1 
              249 228 229 -1 
              248 229 230 -1 
              248 230 231 -1 
              247 231 232 -1 
              243 240 242 -1 
              246 233 234 -1 
              246 234 235 -1 
              245 235 236 -1 
              245 236 237 -1 
              244 237 238 -1 
              243 238 239 -1 
              243 239 240 -1 
              242 240 241 -1 
              247 232 233 -1 
              244 238 243 -1 
              245 237 244 -1 
              246 235 245 -1 
              247 233 246 -1 
              248 231 247 -1 
              249 229 248 -1 
              250 228 249 -1 
              254 251 252 -1 
              254 252 253 -1 
              278 256 257 -1 
              277 257 258 -1 
              275 258 259 -1 
              273 259 260 -1 
              271 260 261 -1 
              269 261 262 -1 
              268 262 263 -1 
              266 263 264 -1 
              266 264 265 -1 
              280 255 256 -1 
              267 263 266 -1 
              268 263 267 -1 
              269 262 268 -1 
              270 261 269 -1 
              271 261 270 -1 
              272 260 271 -1 
              273 260 272 -1 
              274 259 273 -1 
              275 259 274 -1 
              276 258 275 -1 
              277 258 276 -1 
              278 257 277 -1 
              279 256 278 -1 
              280 256 279 -1 
              281 255 280 -1 
              300 282 283 -1 
              299 283 284 -1 
              298 284 285 -1 
              297 285 286 -1 
              296 286 287 -1 
              295 287 288 -1 
              294 288 289 -1 
              293 289 290 -1 
              292 290 291 -1 
              293 290 292 -1 
              294 289 293 -1 
              295 288 294 -1 
              296 287 295 -1 
              297 286 296 -1 
              298 285 297 -1 
              299 284 298 -1 
              300 283 299 -1 
              301 282 300 -1 
              329 302 303 -1 
              329 303 341 -1 
              342 328 341 -1 
              340 304 305 -1 
              336 308 309 -1 
              312 310 311 -1 
              335 310 312 -1 
              337 307 308 -1 
              337 308 336 -1 
              315 316 332 -1 
              331 316 317 -1 
              330 318 353 -1 
              353 318 319 -1 
              346 323 324 -1 
              344 325 326 -1 
              341 304 340 -1 
              330 317 318 -1 
              321 322 347 -1 
              333 314 315 -1 
              331 317 330 -1 
              334 313 314 -1 
              332 316 331 -1 
              336 309 335 -1 
              333 315 332 -1 
              335 312 313 -1 
              334 314 333 -1 
              335 309 310 -1 
              335 313 334 -1 
              338 306 307 -1 
              339 305 306 -1 
              338 307 337 -1 
              343 327 342 -1 
              339 306 338 -1 
              341 303 304 -1 
              340 305 339 -1 
              342 327 328 -1 
              341 328 329 -1 
              343 326 327 -1 
              345 324 325 -1 
              344 326 343 -1 
              347 322 323 -1 
              345 325 344 -1 
              346 324 345 -1 
              347 323 346 -1 
              348 321 347 -1 
              349 321 348 -1 
              350 321 349 -1 
              351 320 350 -1 
              353 319 320 -1 
              352 320 351 -1 
              353 320 352 -1 
              341 340 342 -1 
              354 342 340 -1 
              342 354 343 -1 
              355 343 354 -1 
              343 355 344 -1 
              356 344 355 -1 
              340 339 354 -1 
              357 354 339 -1 
              339 338 357 -1 
              358 357 338 -1 
              354 357 355 -1 
              359 355 357 -1 
              355 359 356 -1 
              360 356 359 -1 
              357 358 359 -1 
              361 359 358 -1 
              359 361 360 -1 
              362 360 361 -1 
              344 356 345 -1 
              363 345 356 -1 
              345 363 346 -1 
              364 346 363 -1 
              346 364 347 -1 
              348 347 364 -1 
              356 360 363 -1 
              365 363 360 -1 
              363 365 364 -1 
              366 364 365 -1 
              360 362 365 -1 
              367 365 362 -1 
              365 367 366 -1 
              368 366 367 -1 
              364 366 348 -1 
              349 348 366 -1 
              366 368 349 -1 
              350 349 368 -1 
              338 337 358 -1 
              369 358 337 -1 
              337 336 369 -1 
              370 369 336 -1 
              358 369 361 -1 
              371 361 369 -1 
              361 371 362 -1 
              372 362 371 -1 
              369 370 371 -1 
              373 371 370 -1 
              371 373 372 -1 
              374 372 373 -1 
              336 335 370 -1 
              334 370 335 -1 
              370 334 373 -1 
              333 373 334 -1 
              373 333 374 -1 
              332 374 333 -1 
              362 372 367 -1 
              375 367 372 -1 
              367 375 368 -1 
              376 368 375 -1 
              372 374 375 -1 
              377 375 374 -1 
              375 377 376 -1 
              378 376 377 -1 
              368 376 350 -1 
              351 350 376 -1 
              376 378 351 -1 
              352 351 378 -1 
              374 332 377 -1 
              331 377 332 -1 
              377 331 378 -1 
              330 378 331 -1 
              378 330 352 -1 
              353 352 330 -1 
              404 379 380 -1 
              383 399 382 -1 
              384 397 383 -1 
              385 395 384 -1 
              386 393 385 -1 
              387 392 386 -1 
              388 390 387 -1 
              402 380 381 -1 
              401 381 382 -1 
              390 388 389 -1 
              391 387 390 -1 
              392 387 391 -1 
              393 386 392 -1 
              394 385 393 -1 
              395 385 394 -1 
              396 384 395 -1 
              397 384 396 -1 
              398 383 397 -1 
              399 383 398 -1 
              400 382 399 -1 
              401 382 400 -1 
              402 381 401 -1 
              403 380 402 -1 
              404 380 403 -1 
              405 379 404 -1 
              408 406 407 -1 
              409 406 408 -1 
              412 410 411 -1 
              413 410 412 -1 
              440 414 415 -1 
              439 415 416 -1 
              439 416 417 -1 
              438 417 418 -1 
              437 418 419 -1 
              437 419 420 -1 
              436 420 421 -1 
              436 421 422 -1 
              435 422 423 -1 
              435 423 424 -1 
              434 424 425 -1 
              434 425 426 -1 
              433 426 427 -1 
              432 427 428 -1 
              432 428 429 -1 
              431 429 430 -1 
              432 429 431 -1 
              433 427 432 -1 
              434 426 433 -1 
              435 424 434 -1 
              436 422 435 -1 
              437 420 436 -1 
              438 418 437 -1 
              439 417 438 -1 
              440 415 439 -1 
              449 450 441 -1 
              453 450 451 -1 
              445 446 449 -1 
              444 442 443 -1 
              445 442 444 -1 
              448 449 446 -1 
              448 446 447 -1 
              449 441 442 -1 
              449 442 445 -1 
              456 441 455 -1 
              454 450 453 -1 
              453 451 452 -1 
              454 455 441 -1 
              454 441 450 -1 
              484 457 458 -1 
              484 458 496 -1 
              496 458 459 -1 
              491 463 464 -1 
              467 465 466 -1 
              490 465 467 -1 
              492 462 463 -1 
              492 463 491 -1 
              470 471 487 -1 
              486 471 472 -1 
              485 473 508 -1 
              508 473 474 -1 
              500 479 480 -1 
              499 480 481 -1 
              496 459 495 -1 
              485 472 473 -1 
              476 477 502 -1 
              488 469 470 -1 
              486 472 485 -1 
              489 468 469 -1 
              487 471 486 -1 
              491 464 490 -1 
              488 470 487 -1 
              490 467 468 -1 
              489 469 488 -1 
              490 464 465 -1 
              490 468 489 -1 
              493 461 462 -1 
              494 460 461 -1 
              493 462 492 -1 
              495 459 460 -1 
              494 461 493 -1 
              495 460 494 -1 
              497 483 496 -1 
              497 482 483 -1 
              496 483 484 -1 
              498 481 482 -1 
              498 482 497 -1 
              501 478 479 -1 
              499 481 498 -1 
              502 477 478 -1 
              500 480 499 -1 
              501 479 500 -1 
              502 478 501 -1 
              503 476 502 -1 
              504 476 503 -1 
              505 476 504 -1 
              506 475 505 -1 
              508 474 475 -1 
              507 475 506 -1 
              508 475 507 -1 
              496 495 497 -1 
              509 497 495 -1 
              497 509 498 -1 
              510 498 509 -1 
              498 510 499 -1 
              511 499 510 -1 
              495 494 509 -1 
              512 509 494 -1 
              494 493 512 -1 
              513 512 493 -1 
              509 512 510 -1 
              514 510 512 -1 
              510 514 511 -1 
              515 511 514 -1 
              512 513 514 -1 
              516 514 513 -1 
              514 516 515 -1 
              517 515 516 -1 
              499 511 500 -1 
              518 500 511 -1 
              500 518 501 -1 
              519 501 518 -1 
              501 519 502 -1 
              503 502 519 -1 
              511 515 518 -1 
              520 518 515 -1 
              518 520 519 -1 
              521 519 520 -1 
              515 517 520 -1 
              522 520 517 -1 
              520 522 521 -1 
              523 521 522 -1 
              519 521 503 -1 
              504 503 521 -1 
              521 523 504 -1 
              505 504 523 -1 
              493 492 513 -1 
              524 513 492 -1 
              492 491 524 -1 
              525 524 491 -1 
              513 524 516 -1 
              526 516 524 -1 
              516 526 517 -1 
              527 517 526 -1 
              524 525 526 -1 
              528 526 525 -1 
              526 528 527 -1 
              529 527 528 -1 
              491 490 525 -1 
              489 525 490 -1 
              525 489 528 -1 
              488 528 489 -1 
              528 488 529 -1 
              487 529 488 -1 
              517 527 522 -1 
              530 522 527 -1 
              522 530 523 -1 
              531 523 530 -1 
              527 529 530 -1 
              532 530 529 -1 
              530 532 531 -1 
              533 531 532 -1 
              523 531 505 -1 
              506 505 531 -1 
              531 533 506 -1 
              507 506 533 -1 
              529 487 532 -1 
              486 532 487 -1 
              532 486 533 -1 
              485 533 486 -1 
              533 485 507 -1 
              508 507 485 -1 
              536 534 535 -1 
              537 534 536 -1 
              565 539 571 -1 
              572 564 571 -1 
              570 540 541 -1 
              569 541 542 -1 
              542 543 568 -1 
              567 543 544 -1 
              566 545 589 -1 
              589 545 546 -1 
              582 550 551 -1 
              579 554 578 -1 
              579 553 554 -1 
              578 554 555 -1 
              558 556 557 -1 
              577 556 558 -1 
              578 555 577 -1 
              565 538 539 -1 
              571 540 570 -1 
              566 544 545 -1 
              548 549 583 -1 
              567 544 566 -1 
              568 543 567 -1 
              573 563 572 -1 
              569 542 568 -1 
              573 562 563 -1 
              571 539 540 -1 
              570 541 569 -1 
              572 563 564 -1 
              571 564 565 -1 
              574 561 562 -1 
              575 560 561 -1 
              574 562 573 -1 
              576 559 560 -1 
              575 561 574 -1 
              577 558 559 -1 
              576 560 575 -1 
              577 555 556 -1 
              577 559 576 -1 
              580 552 553 -1 
              581 551 552 -1 
              580 553 579 -1 
              583 549 550 -1 
              581 552 580 -1 
              582 551 581 -1 
              583 550 582 -1 
              584 548 583 -1 
              585 548 584 -1 
              586 548 585 -1 
              587 547 586 -1 
              589 546 547 -1 
              588 547 587 -1 
              589 547 588 -1 
              577 576 578 -1 
              590 578 576 -1 
              578 590 579 -1 
              591 579 590 -1 
              579 591 580 -1 
              592 580 591 -1 
              576 575 590 -1 
              593 590 575 -1 
              575 574 593 -1 
              594 593 574 -1 
              590 593 591 -1 
              595 591 593 -1 
              591 595 592 -1 
              596 592 595 -1 
              593 594 595 -1 
              597 595 594 -1 
              595 597 596 -1 
              598 596 597 -1 
              580 592 581 -1 
              599 581 592 -1 
              581 599 582 -1 
              600 582 599 -1 
              582 600 583 -1 
              584 583 600 -1 
              592 596 599 -1 
              601 599 596 -1 
              599 601 600 -1 
              602 600 601 -1 
              596 598 601 -1 
              603 601 598 -1 
              601 603 602 -1 
              604 602 603 -1 
              600 602 584 -1 
              585 584 602 -1 
              602 604 585 -1 
              586 585 604 -1 
              574 573 594 -1 
              605 594 573 -1 
              573 572 605 -1 
              606 605 572 -1 
              594 605 597 -1 
              607 597 605 -1 
              597 607 598 -1 
              608 598 607 -1 
              605 606 607 -1 
              609 607 606 -1 
              607 609 608 -1 
              610 608 609 -1 
              572 571 606 -1 
              570 606 571 -1 
              606 570 609 -1 
              569 609 570 -1 
              609 569 610 -1 
              568 610 569 -1 
              598 608 603 -1 
              611 603 608 -1 
              603 611 604 -1 
              612 604 611 -1 
              608 610 611 -1 
              613 611 610 -1 
              611 613 612 -1 
              614 612 613 -1 
              604 612 586 -1 
              587 586 612 -1 
              612 614 587 -1 
              588 587 614 -1 
              610 568 613 -1 
              567 613 568 -1 
              613 567 614 -1 
              566 614 567 -1 
              614 566 588 -1 
              589 588 566 -1 
              616 633 615 -1 
              617 632 616 -1 
              618 631 617 -1 
              619 630 618 -1 
              620 629 619 -1 
              621 628 620 -1 
              622 627 621 -1 
              623 626 622 -1 
              624 625 623 -1 
              626 623 625 -1 
              627 622 626 -1 
              628 621 627 -1 
              629 620 628 -1 
              630 619 629 -1 
              631 618 630 -1 
              632 617 631 -1 
              633 616 632 -1 
              634 615 633 -1 
              636 653 635 -1 
              637 652 636 -1 
              638 651 637 -1 
              639 650 638 -1 
              640 649 639 -1 
              641 648 640 -1 
              642 647 641 -1 
              643 646 642 -1 
              644 645 643 -1 
              646 643 645 -1 
              647 642 646 -1 
              648 641 647 -1 
              649 640 648 -1 
              650 639 649 -1 
              651 638 650 -1 
              652 637 651 -1 
              653 636 652 -1 
              654 635 653 -1 
              706 655 705 -1 
              685 678 679 -1 
              700 657 658 -1 
              697 661 696 -1 
              696 661 662 -1 
              695 662 663 -1 
              666 664 665 -1 
              694 664 666 -1 
              696 662 695 -1 
              689 671 672 -1 
              675 673 674 -1 
              688 673 675 -1 
              690 670 671 -1 
              690 671 689 -1 
              699 659 698 -1 
              656 657 700 -1 
              706 683 681 -1 
              684 679 680 -1 
              683 680 681 -1 
              686 677 678 -1 
              684 680 683 -1 
              687 676 677 -1 
              685 679 684 -1 
              689 672 688 -1 
              686 678 685 -1 
              688 675 676 -1 
              687 677 686 -1 
              688 672 673 -1 
              688 676 687 -1 
              691 669 670 -1 
              692 668 669 -1 
              693 667 668 -1 
              691 670 690 -1 
              695 663 694 -1 
              692 669 691 -1 
              694 666 667 -1 
              693 668 692 -1 
              694 663 664 -1 
              694 667 693 -1 
              697 660 661 -1 
              698 659 660 -1 
              699 658 659 -1 
              698 660 697 -1 
              700 658 699 -1 
              701 656 700 -1 
              702 656 701 -1 
              703 656 702 -1 
              704 655 703 -1 
              706 682 655 -1 
              705 655 704 -1 
              706 681 682 -1 
              694 693 695 -1 
              707 695 693 -1 
              695 707 696 -1 
              708 696 707 -1 
              696 708 697 -1 
              709 697 708 -1 
              693 692 707 -1 
              710 707 692 -1 
              692 691 710 -1 
              711 710 691 -1 
              707 710 708 -1 
              712 708 710 -1 
              708 712 709 -1 
              713 709 712 -1 
              710 711 712 -1 
              714 712 711 -1 
              712 714 713 -1 
              715 713 714 -1 
              697 709 698 -1 
              716 698 709 -1 
              698 716 699 -1 
              717 699 716 -1 
              699 717 700 -1 
              701 700 717 -1 
              709 713 716 -1 
              718 716 713 -1 
              716 718 717 -1 
              719 717 718 -1 
              713 715 718 -1 
              720 718 715 -1 
              718 720 719 -1 
              721 719 720 -1 
              717 719 701 -1 
              702 701 719 -1 
              719 721 702 -1 
              703 702 721 -1 
              691 690 711 -1 
              722 711 690 -1 
              690 689 722 -1 
              723 722 689 -1 
              711 722 714 -1 
              724 714 722 -1 
              714 724 715 -1 
              725 715 724 -1 
              722 723 724 -1 
              726 724 723 -1 
              724 726 725 -1 
              727 725 726 -1 
              689 688 723 -1 
              687 723 688 -1 
              723 687 726 -1 
              686 726 687 -1 
              726 686 727 -1 
              685 727 686 -1 
              715 725 720 -1 
              728 720 725 -1 
              720 728 721 -1 
              729 721 728 -1 
              725 727 728 -1 
              730 728 727 -1 
              728 730 729 -1 
              731 729 730 -1 
              721 729 703 -1 
              704 703 729 -1 
              729 731 704 -1 
              705 704 731 -1 
              727 685 730 -1 
              684 730 685 -1 
              730 684 731 -1 
              683 731 684 -1 
              731 683 705 -1 
              706 705 683 -1 
              750 732 733 -1 
              749 733 734 -1 
              748 734 735 -1 
              747 735 736 -1 
              746 736 737 -1 
              745 737 738 -1 
              744 738 739 -1 
              743 739 740 -1 
              742 740 741 -1 
              743 740 742 -1 
              744 739 743 -1 
              745 738 744 -1 
              746 737 745 -1 
              747 736 746 -1 
              748 735 747 -1 
              749 734 748 -1 
              750 733 749 -1 
              751 732 750 -1 
            ]
          }
        }
      ]
    }
  ]
}
