ISO-10303-21;
HEADER;
FILE_DESCRIPTION (( 'STEP AP214' ),
    '1' );
FILE_NAME ('tmf05.STEP',
    '2016-11-23T15:05:37',
    ( '' ),
    ( '' ),
    'SwSTEP 2.0',
    'SolidWorks 2013',
    '' );
FILE_SCHEMA (( 'AUTOMOTIVE_DESIGN' ));
ENDSEC;

DATA;
#1 = DIRECTION ( 'NONE',  ( -0.0000000000000000000, -0.0000000000000000000, 1.000000000000000000 ) ) ;
#2 = EDGE_CURVE ( 'NONE', #2343, #908, #1945, .T. ) ;
#3 = DIRECTION ( 'NONE',  ( -0.0000000000000000000, -1.000000000000000000, -0.0000000000000000000 ) ) ;
#4 = ORIENTED_EDGE ( 'NONE', *, *, #1564, .F. ) ;
#5 = DIRECTION ( 'NONE',  ( 0.0000000000000000000, 0.0000000000000000000, 1.000000000000000000 ) ) ;
#6 = PRESENTATION_LAYER_ASSIGNMENT (  '', '', ( #2459 ) ) ;
#7 = VECTOR ( 'NONE', #1638, 1000.000000000000100 ) ;
#8 = VECTOR ( 'NONE', #2484, 1000.000000000000200 ) ;
#9 = DIRECTION ( 'NONE',  ( -0.0000000000000000000, -0.0000000000000000000, 1.000000000000000000 ) ) ;
#10 = CARTESIAN_POINT ( 'NONE',  ( 2.799999999999999800, 20.69999999999999900, 1.000000000000000000 ) ) ;
#11 = VECTOR ( 'NONE', #1213, 1000.000000000000000 ) ;
#12 = FACE_BOUND ( 'NONE', #1779, .T. ) ;
#13 = ORIENTED_EDGE ( 'NONE', *, *, #844, .F. ) ;
#14 = EDGE_CURVE ( 'NONE', #1489, #1187, #415, .T. ) ;
#15 = EDGE_CURVE ( 'NONE', #2312, #651, #1415, .T. ) ;
#16 = DIRECTION ( 'NONE',  ( -1.000000000000000000, 0.0000000000000000000, 0.0000000000000000000 ) ) ;
#17 = CIRCLE ( 'NONE', #2303, 0.5000000000000000000 ) ;
#18 = CARTESIAN_POINT ( 'NONE',  ( 2.849999999999996500, 1.699999999999998600, 15.90000000000000000 ) ) ;
#19 = CARTESIAN_POINT ( 'NONE',  ( 38.98941800844701800, 14.89989174012895900, 15.69996031380938300 ) ) ;
#20 = DIRECTION ( 'NONE',  ( 0.9999294982818610600, -0.0002072347168136259700, 0.01187246897482134900 ) ) ;
#21 = EDGE_CURVE ( 'NONE', #1521, #567, #2116, .T. ) ;
#22 = ORIENTED_EDGE ( 'NONE', *, *, #2009, .T. ) ;
#23 = DIRECTION ( 'NONE',  ( -0.0000000000000000000, 0.0000000000000000000, 1.000000000000000000 ) ) ;
#24 = EDGE_LOOP ( 'NONE', ( #2421, #1707, #2447, #1377 ) ) ;
#25 = CARTESIAN_POINT ( 'NONE',  ( -0.9751513684421696500, 25.17496695614933300, -2.308726203218651300 ) ) ;
#26 = EDGE_LOOP ( 'NONE', ( #1340, #1548, #97 ) ) ;
#27 = CARTESIAN_POINT ( 'NONE',  ( 38.59989174012898900, 8.899891740128961000, 15.90000000000000000 ) ) ;
#28 = ORIENTED_EDGE ( 'NONE', *, *, #899, .F. ) ;
#29 = ORIENTED_EDGE ( 'NONE', *, *, #1964, .T. ) ;
#30 = ORIENTED_EDGE ( 'NONE', *, *, #1885, .F. ) ;
#31 = AXIS2_PLACEMENT_3D ( 'NONE', #1997, #23, #1413 ) ;
#32 = CARTESIAN_POINT ( 'NONE',  ( 34.79999999999999700, 14.40000000000000600, 1.000000000000000000 ) ) ;
#33 = DIRECTION ( 'NONE',  ( 0.0000000000000000000, -0.0000000000000000000, 1.000000000000000000 ) ) ;
#34 = DIRECTION ( 'NONE',  ( -1.000000000000000000, -0.0000000000000000000, 0.0000000000000000000 ) ) ;
#35 = EDGE_CURVE ( 'NONE', #427, #530, #2479, .T. ) ;
#36 = DIRECTION ( 'NONE',  ( 0.0000000000000000000, 0.0000000000000000000, -1.000000000000000000 ) ) ;
#37 = CARTESIAN_POINT ( 'NONE',  ( 2.799999999999999800, 20.69999999999999900, 22.30000000000000100 ) ) ;
#38 = CARTESIAN_POINT ( 'NONE',  ( 39.06649999999999100, 25.16639174012896200, -2.799999999999999800 ) ) ;
#39 = ORIENTED_EDGE ( 'NONE', *, *, #993, .F. ) ;
#40 = CARTESIAN_POINT ( 'NONE',  ( -1.400000000000005500, 11.89999999999999500, 16.30000000000000100 ) ) ;
#41 = LINE ( 'NONE', #57, #1031 ) ;
#42 = CARTESIAN_POINT ( 'NONE',  ( -0.9751513684421171400, -1.372843485328590700, -2.599097146483187800 ) ) ;
#43 = DIRECTION ( 'NONE',  ( 0.0000000000000000000, -0.0000000000000000000, 1.000000000000000000 ) ) ;
#44 = DIRECTION ( 'NONE',  ( 0.01744974916068259300, -0.01744974916068269300, 0.9996954598818875700 ) ) ;
#45 = LINE ( 'NONE', #1556, #2032 ) ;
#46 = DIRECTION ( 'NONE',  ( -1.000000000000000000, 0.0000000000000000000, -0.0000000000000000000 ) ) ;
#47 = LINE ( 'NONE', #2027, #2227 ) ;
#48 = LINE ( 'NONE', #156, #1038 ) ;
#49 = DIRECTION ( 'NONE',  ( 0.9998476951563912700, 0.0000000000000000000, 0.01745240643728340400 ) ) ;
#50 = VECTOR ( 'NONE', #1763, 1000.000000000000000 ) ;
#51 = CYLINDRICAL_SURFACE ( 'NONE', #467, 0.5500000000000001600 ) ;
#52 = DIRECTION ( 'NONE',  ( 1.000000000000000000, 0.0000000000000000000, 0.0000000000000000000 ) ) ;
#53 = EDGE_CURVE ( 'NONE', #1766, #713, #1354, .T. ) ;
#54 = ORIENTED_EDGE ( 'NONE', *, *, #838, .T. ) ;
#55 = DIRECTION ( 'NONE',  ( 1.000000000000000000, 0.0000000000000000000, 0.0000000000000000000 ) ) ;
#56 = ORIENTED_EDGE ( 'NONE', *, *, #53, .F. ) ;
#57 = CARTESIAN_POINT ( 'NONE',  ( -1.389418008447002500, 8.899891740128961000, 15.69996031380938300 ) ) ;
#58 = DIRECTION ( 'NONE',  ( 0.0000000000000000000, 0.0000000000000000000, -1.000000000000000000 ) ) ;
#59 = ORIENTED_EDGE ( 'NONE', *, *, #813, .F. ) ;
#60 = VERTEX_POINT ( 'NONE', #862 ) ;
#61 = DIRECTION ( 'NONE',  ( -1.000000000000000000, 0.0000000000000000000, -0.0000000000000000000 ) ) ;
#62 = EDGE_LOOP ( 'NONE', ( #1370, #1049 ) ) ;
#63 = CARTESIAN_POINT ( 'NONE',  ( 35.29999999999999700, 1.700000000000000000, 22.30000000000000100 ) ) ;
#64 = EDGE_LOOP ( 'NONE', ( #2209, #434, #122, #716 ) ) ;
#65 = CARTESIAN_POINT ( 'NONE',  ( 38.95862948148366900, 24.94694719213872200, 16.30000000000000100 ) ) ;
#66 = AXIS2_PLACEMENT_3D ( 'NONE', #353, #1734, #543 ) ;
#67 = ORIENTED_EDGE ( 'NONE', *, *, #937, .T. ) ;
#68 = AXIS2_PLACEMENT_3D ( 'NONE', #299, #493, #1883 ) ;
#69 = CARTESIAN_POINT ( 'NONE',  ( -0.9998917401289688600, 14.89989174012895900, 15.90000000000000000 ) ) ;
#70 = CARTESIAN_POINT ( 'NONE',  ( 35.30000000000000400, 14.39999999999999000, 16.30000000000000100 ) ) ;
#71 = CARTESIAN_POINT ( 'NONE',  ( -0.7999999999999933800, 8.400000000000000400, 16.30000000000000100 ) ) ;
#72 = B_SPLINE_CURVE_WITH_KNOTS ( 'NONE', 3,
 ( #1604, #1805, #617, #2004, #812, #2216 ),
 .UNSPECIFIED., .F., .F.,
 ( 4, 2, 4 ),
 ( 0.0000000000000000000, 0.5000000000000000000, 1.000000000000000000 ),
 .UNSPECIFIED. ) ;
#73 = ORIENTED_EDGE ( 'NONE', *, *, #1245, .F. ) ;
#74 = CARTESIAN_POINT ( 'NONE',  ( 38.89989174012899300, 11.89989174012896100, 16.30000000000000100 ) ) ;
#75 = CIRCLE ( 'NONE', #2079, 0.5000000000000000000 ) ;
#76 = DIRECTION ( 'NONE',  ( -1.000000000000000000, 2.337311630789800200E-016, 0.0000000000000000000 ) ) ;
#77 = PLANE ( 'NONE',  #1096 ) ;
#78 = LINE ( 'NONE', #2473, #2136 ) ;
#79 = CARTESIAN_POINT ( 'NONE',  ( 38.57515136843848300, 25.17265976196700800, -2.595064844447981600 ) ) ;
#80 = CARTESIAN_POINT ( 'NONE',  ( 38.57515136844367000, -1.375243091029249000, -2.304066572323177900 ) ) ;
#81 = LINE ( 'NONE', #1603, #1071 ) ;
#82 = CARTESIAN_POINT ( 'NONE',  ( 28.93324999999999400, -1.375183475891389700, -2.308726203218641100 ) ) ;
#83 = LINE ( 'NONE', #960, #2196 ) ;
#84 = ORIENTED_EDGE ( 'NONE', *, *, #715, .F. ) ;
#85 = VECTOR ( 'NONE', #907, 1000.000000000000000 ) ;
#86 = CARTESIAN_POINT ( 'NONE',  ( 38.98941800844701800, 14.89989174012895900, 15.69996031380938300 ) ) ;
#87 = VECTOR ( 'NONE', #1305, 1000.000000000000000 ) ;
#88 = CARTESIAN_POINT ( 'NONE',  ( 38.59989174012898900, 8.899891740128961000, 16.30000000000000100 ) ) ;
#89 = DIRECTION ( 'NONE',  ( -0.0000000000000000000, -0.0000000000000000000, 1.000000000000000000 ) ) ;
#90 = CARTESIAN_POINT ( 'NONE',  ( -1.475075216020362600, 5.266641740128960700, -2.308726203218641500 ) ) ;
#91 = CARTESIAN_POINT ( 'NONE',  ( 39.07274701358057500, -0.8682471131567376400, -2.595004855396183100 ) ) ;
#92 = DIRECTION ( 'NONE',  ( 1.000000000000000000, -0.0000000000000000000, 0.0000000000000000000 ) ) ;
#93 = ORIENTED_EDGE ( 'NONE', *, *, #1466, .T. ) ;
#94 = EDGE_CURVE ( 'NONE', #2493, #2428, #818, .T. ) ;
#95 = VERTEX_POINT ( 'NONE', #281 ) ;
#96 = DIRECTION ( 'NONE',  ( 0.0000000000000000000, 0.0000000000000000000, 1.000000000000000000 ) ) ;
#97 = ORIENTED_EDGE ( 'NONE', *, *, #611, .T. ) ;
#98 = ORIENTED_EDGE ( 'NONE', *, *, #1085, .F. ) ;
#99 = ORIENTED_EDGE ( 'NONE', *, *, #566, .T. ) ;
#100 = CARTESIAN_POINT ( 'NONE',  ( 22.29986521931372700, -1.299602066956112600, 16.29451663152257600 ) ) ;
#101 = ORIENTED_EDGE ( 'NONE', *, *, #1269, .T. ) ;
#102 = PLANE ( 'NONE',  #1785 ) ;
#103 = ADVANCED_FACE ( 'NONE', ( #1296 ), #475, .T. ) ;
#104 = ADVANCED_FACE ( 'NONE', ( #2358 ), #77, .T. ) ;
#105 = EDGE_CURVE ( 'NONE', #587, #2534, #2296, .T. ) ;
#106 = DIRECTION ( 'NONE',  ( -1.000000000000000000, 2.337311630789800200E-016, 0.0000000000000000000 ) ) ;
#107 = ORIENTED_EDGE ( 'NONE', *, *, #502, .T. ) ;
#108 = LINE ( 'NONE', #437, #570 ) ;
#109 = DIRECTION ( 'NONE',  ( -1.000000000000000000, 0.0000000000000000000, 0.0000000000000000000 ) ) ;
#110 = LINE ( 'NONE', #1660, #2172 ) ;
#111 = AXIS2_PLACEMENT_3D ( 'NONE', #2031, #836, #2238 ) ;
#112 = FACE_OUTER_BOUND ( 'NONE', #529, .T. ) ;
#113 = LINE ( 'NONE', #542, #1631 ) ;
#114 = CARTESIAN_POINT ( 'NONE',  ( 38.99295325591359100, -1.217367222838347200, 15.90249450552424700 ) ) ;
#115 = DIRECTION ( 'NONE',  ( -1.000000000000000000, -3.467012252338210400E-015, 0.0000000000000000000 ) ) ;
#116 = ADVANCED_FACE ( 'NONE', ( #883 ), #1073, .T. ) ;
#117 = VECTOR ( 'NONE', #2362, 1000.000000000000000 ) ;
#118 = FACE_OUTER_BOUND ( 'NONE', #1647, .T. ) ;
#119 = ADVANCED_FACE ( 'NONE', ( #1759 ), #291, .F. ) ;
#120 = AXIS2_PLACEMENT_3D ( 'NONE', #974, #2373, #1180 ) ;
#121 = ORIENTED_EDGE ( 'NONE', *, *, #1617, .T. ) ;
#122 = ORIENTED_EDGE ( 'NONE', *, *, #2067, .F. ) ;
#123 = DIRECTION ( 'NONE',  ( 1.000000000000000000, 0.0000000000000000000, 0.0000000000000000000 ) ) ;
#124 =( LENGTH_UNIT ( ) NAMED_UNIT ( * ) SI_UNIT ( .MILLI., .METRE. ) );
#125 = VERTEX_POINT ( 'NONE', #300 ) ;
#126 = ORIENTED_EDGE ( 'NONE', *, *, #1487, .T. ) ;
#127 = VERTEX_POINT ( 'NONE', #100 ) ;
#128 = CARTESIAN_POINT ( 'NONE',  ( -1.266159265526961100, 24.84551158792574900, -2.800000000000002000 ) ) ;
#129 = ORIENTED_EDGE ( 'NONE', *, *, #995, .T. ) ;
#130 = ADVANCED_FACE ( 'NONE', ( #232 ), #1694, .F. ) ;
#131 = ADVANCED_FACE ( 'NONE', ( #174 ), #634, .T. ) ;
#132 = CARTESIAN_POINT ( 'NONE',  ( 2.850000000000003600, 20.69999999999999600, 16.30000000000000100 ) ) ;
#133 = SURFACE_STYLE_USAGE ( .BOTH. , #1326 ) ;
#134 = EDGE_CURVE ( 'NONE', #1766, #1203, #1168, .T. ) ;
#135 = ORIENTED_EDGE ( 'NONE', *, *, #1157, .T. ) ;
#136 = LINE ( 'NONE', #2225, #2258 ) ;
#137 = CARTESIAN_POINT ( 'NONE',  ( -1.399999999999998600, 8.400000000000000400, 16.30000000000000100 ) ) ;
#138 = DIRECTION ( 'NONE',  ( -1.000000000000000000, 0.0000000000000000000, -0.0000000000000000000 ) ) ;
#139 = CIRCLE ( 'NONE', #735, 0.5000000000000004400 ) ;
#140 = EDGE_CURVE ( 'NONE', #644, #987, #2228, .T. ) ;
#141 = LINE ( 'NONE', #212, #598 ) ;
#142 = MECHANICAL_DESIGN_GEOMETRIC_PRESENTATION_REPRESENTATION (  '', ( #2459 ), #280 ) ;
#143 = VECTOR ( 'NONE', #1737, 1000.000000000000200 ) ;
#144 = VERTEX_POINT ( 'NONE', #538 ) ;
#145 = FACE_OUTER_BOUND ( 'NONE', #2565, .T. ) ;
#146 = CARTESIAN_POINT ( 'NONE',  ( 15.30000000000000800, 24.49999999999999300, 16.30000000000000100 ) ) ;
#147 = CARTESIAN_POINT ( 'NONE',  ( 21.79999999999999700, -1.049999999999997200, 16.14999999999999900 ) ) ;
#148 = LINE ( 'NONE', #501, #1145 ) ;
#149 = DIRECTION ( 'NONE',  ( -1.000000000000000000, 0.0000000000000000000, -0.0000000000000000000 ) ) ;
#150 = DIRECTION ( 'NONE',  ( 0.0000000000000000000, 0.01745240643727994200, -0.9998476951563912700 ) ) ;
#151 = VERTEX_POINT ( 'NONE', #1725 ) ;
#152 = CARTESIAN_POINT ( 'NONE',  ( 39.39989174012895000, 24.99985963267973300, 16.30000000000000100 ) ) ;
#153 = VERTEX_POINT ( 'NONE', #146 ) ;
#154 = EDGE_CURVE ( 'NONE', #1827, #708, #2175, .T. ) ;
#155 = EDGE_CURVE ( 'NONE', #1321, #658, #113, .T. ) ;
#156 = CARTESIAN_POINT ( 'NONE',  ( 38.99296057128283600, 24.99313332389576900, 15.90291360274735200 ) ) ;
#157 = EDGE_LOOP ( 'NONE', ( #1053, #1438, #2540, #30 ) ) ;
#158 = CARTESIAN_POINT ( 'NONE',  ( 2.300000000000003400, 20.69999999999999600, 16.30000000000000100 ) ) ;
#159 = ORIENTED_EDGE ( 'NONE', *, *, #2291, .T. ) ;
#160 = ORIENTED_EDGE ( 'NONE', *, *, #2467, .F. ) ;
#161 = EDGE_CURVE ( 'NONE', #531, #1050, #702, .T. ) ;
#162 = AXIS2_PLACEMENT_3D ( 'NONE', #854, #2453, #1257 ) ;
#163 = CARTESIAN_POINT ( 'NONE',  ( 38.89989174012899300, 14.89989174012896100, 16.30000000000000100 ) ) ;
#164 = DIRECTION ( 'NONE',  ( 0.0000000000000000000, 0.0000000000000000000, 1.000000000000000000 ) ) ;
#165 = CARTESIAN_POINT ( 'NONE',  ( -0.9751513684421696500, 11.89989174012896100, -2.799999999999999800 ) ) ;
#166 = ORIENTED_EDGE ( 'NONE', *, *, #312, .T. ) ;
#167 = CARTESIAN_POINT ( 'NONE',  ( 22.30000000000000800, 24.49999999999999300, 16.30000000000000100 ) ) ;
#168 = LINE ( 'NONE', #1225, #1624 ) ;
#169 = CARTESIAN_POINT ( 'NONE',  ( 38.99182206946518600, 8.899108481760187300, 15.83768887729825700 ) ) ;
#170 = EDGE_CURVE ( 'NONE', #183, #1776, #1108, .T. ) ;
#171 = CIRCLE ( 'NONE', #1712, 0.5500000000000001600 ) ;
#172 = DIRECTION ( 'NONE',  ( -1.000000000000000000, -0.0000000000000000000, 0.0000000000000000000 ) ) ;
#173 = VECTOR ( 'NONE', #20, 999.9999999999998900 ) ;
#174 = FACE_OUTER_BOUND ( 'NONE', #956, .T. ) ;
#175 = CARTESIAN_POINT ( 'NONE',  ( 38.95862948148366900, 24.94694719213872200, 16.30000000000000100 ) ) ;
#176 = VECTOR ( 'NONE', #951, 1000.000000000000000 ) ;
#177 = DIRECTION ( 'NONE',  ( -0.7071067811865475700, 0.0000000000000000000, 0.7071067811865475700 ) ) ;
#178 = VECTOR ( 'NONE', #1485, 1000.000000000000000 ) ;
#179 = DIRECTION ( 'NONE',  ( -1.000000000000000000, 5.551115123125780300E-015, 0.0000000000000000000 ) ) ;
#180 = ORIENTED_EDGE ( 'NONE', *, *, #879, .T. ) ;
#181 = DIRECTION ( 'NONE',  ( 0.0000000000000000000, 0.0000000000000000000, 1.000000000000000000 ) ) ;
#182 = EDGE_CURVE ( 'NONE', #530, #1930, #48, .T. ) ;
#183 = VERTEX_POINT ( 'NONE', #1743 ) ;
#184 = DIRECTION ( 'NONE',  ( 0.0000000000000000000, 0.08715574274766184300, -0.9961946980917453200 ) ) ;
#185 = ORIENTED_EDGE ( 'NONE', *, *, #2108, .F. ) ;
#186 = CARTESIAN_POINT ( 'NONE',  ( -0.2000000000000098400, -0.1001082598710300900, -2.799999999999999800 ) ) ;
#187 = EDGE_LOOP ( 'NONE', ( #2538, #1088 ) ) ;
#188 = VERTEX_POINT ( 'NONE', #553 ) ;
#189 = CARTESIAN_POINT ( 'NONE',  ( 38.59989174012898900, 14.89989174012896100, 16.00000000000000000 ) ) ;
#190 = ORIENTED_EDGE ( 'NONE', *, *, #2535, .T. ) ;
#191 = EDGE_CURVE ( 'NONE', #1776, #1962, #1224, .T. ) ;
#192 = DIRECTION ( 'NONE',  ( 0.0000000000000000000, 0.0000000000000000000, 1.000000000000000000 ) ) ;
#193 = VERTEX_POINT ( 'NONE', #947 ) ;
#194 = CARTESIAN_POINT ( 'NONE',  ( 15.30000000000000800, 24.49999999999999600, 16.30000000000000100 ) ) ;
#195 = VERTEX_POINT ( 'NONE', #1212 ) ;
#196 = DIRECTION ( 'NONE',  ( -1.503427012513251100E-016, 1.000000000000000000, -1.503427012513232200E-016 ) ) ;
#197 = AXIS2_PLACEMENT_3D ( 'NONE', #870, #2273, #1070 ) ;
#198 = VECTOR ( 'NONE', #2220, 1000.000000000000000 ) ;
#199 = LINE ( 'NONE', #2059, #663 ) ;
#200 = DIRECTION ( 'NONE',  ( 0.0000000000000000000, 0.0000000000000000000, 1.000000000000000000 ) ) ;
#201 = LINE ( 'NONE', #1736, #1726 ) ;
#202 = CIRCLE ( 'NONE', #1625, 0.5000000000000004400 ) ;
#203 = VERTEX_POINT ( 'NONE', #25 ) ;
#204 = FACE_OUTER_BOUND ( 'NONE', #868, .T. ) ;
#205 = CARTESIAN_POINT ( 'NONE',  ( 18.80000000000000400, 8.399999999999991500, 16.30000000000000100 ) ) ;
#206 = CARTESIAN_POINT ( 'NONE',  ( -0.9998917401289688600, 14.89989174012895900, 15.90000000000000000 ) ) ;
#207 = VECTOR ( 'NONE', #495, 1000.000000000000000 ) ;
#208 = DIRECTION ( 'NONE',  ( -0.9998476951563912700, -1.735863707064060500E-016, -0.01745240643728350500 ) ) ;
#209 = ORIENTED_EDGE ( 'NONE', *, *, #1937, .F. ) ;
#210 = EDGE_LOOP ( 'NONE', ( #99, #2363, #1955, #1709 ) ) ;
#211 = DIRECTION ( 'NONE',  ( 0.9998476951563912700, 0.0000000000000000000, -0.01745240643728380300 ) ) ;
#212 = CARTESIAN_POINT ( 'NONE',  ( -1.365004534589625600, 11.89999999999999900, 15.90000000000000000 ) ) ;
#213 = CARTESIAN_POINT ( 'NONE',  ( 22.30000000000000100, -0.7000000000000062800, 16.30000000000000100 ) ) ;
#214 = ORIENTED_EDGE ( 'NONE', *, *, #2013, .T. ) ;
#215 = ORIENTED_EDGE ( 'NONE', *, *, #2160, .F. ) ;
#216 = OPEN_SHELL ( 'NONE', ( #1703 ) ) ;
#217 = CARTESIAN_POINT ( 'NONE',  ( -0.9751513684421696500, 24.67504310857111700, -2.800000000000000300 ) ) ;
#218 = EDGE_CURVE ( 'NONE', #1928, #1422, #514, .T. ) ;
#219 = DIRECTION ( 'NONE',  ( -0.0000000000000000000, -1.000000000000000000, -0.0000000000000000000 ) ) ;
#220 = DIRECTION ( 'NONE',  ( -0.01744974916068252000, 0.01744974916068252000, -0.9996954598818874600 ) ) ;
#221 = PLANE ( 'NONE',  #425 ) ;
#222 = CARTESIAN_POINT ( 'NONE',  ( 38.57515136844219200, 24.67504310857116300, -2.299999999999999800 ) ) ;
#223 = ORIENTED_EDGE ( 'NONE', *, *, #487, .F. ) ;
#224 = DIRECTION ( 'NONE',  ( 1.000000000000000000, 0.0000000000000000000, 0.0000000000000000000 ) ) ;
#225 = CIRCLE ( 'NONE', #2131, 0.5500000000000001600 ) ;
#226 = CARTESIAN_POINT ( 'NONE',  ( -0.7999999999999951600, 8.400000000000000400, 15.90000000000000000 ) ) ;
#227 = CARTESIAN_POINT ( 'NONE',  ( 37.79999999999999000, 23.39989174012896100, -2.799999999999999800 ) ) ;
#228 = CARTESIAN_POINT ( 'NONE',  ( 35.85000000000000100, 1.699999999999990900, 16.30000000000000100 ) ) ;
#229 = VECTOR ( 'NONE', #270, 1000.000000000000100 ) ;
#230 = DIRECTION ( 'NONE',  ( 1.223573121277870000E-016, -0.9998476951563912700, -0.01745240643728350500 ) ) ;
#231 = CIRCLE ( 'NONE', #645, 0.4999999999999999400 ) ;
#232 = FACE_OUTER_BOUND ( 'NONE', #2255, .T. ) ;
#233 = CARTESIAN_POINT ( 'NONE',  ( 18.80000000000000100, -1.000000000000005600, 15.90000000000000000 ) ) ;
#234 = CARTESIAN_POINT ( 'NONE',  ( -0.9751513684421592200, -0.8752596283131940400, -2.299999999999999800 ) ) ;
#235 = EDGE_CURVE ( 'NONE', #1123, #2520, #1568, .T. ) ;
#236 = LINE ( 'NONE', #683, #1634 ) ;
#237 = CARTESIAN_POINT ( 'NONE',  ( 0.2999999999999901600, 23.89989174012896100, -2.799999999999999800 ) ) ;
#238 = LINE ( 'NONE', #1276, #1761 ) ;
#239 = DIRECTION ( 'NONE',  ( -0.0000000000000000000, -0.0000000000000000000, 1.000000000000000000 ) ) ;
#240 = PLANE ( 'NONE',  #1319 ) ;
#241 = VERTEX_POINT ( 'NONE', #2149 ) ;
#242 = CARTESIAN_POINT ( 'NONE',  ( -1.475456061543494000, -1.163252066232085300, -2.599010650968572200 ) ) ;
#243 = ORIENTED_EDGE ( 'NONE', *, *, #2145, .T. ) ;
#244 = CARTESIAN_POINT ( 'NONE',  ( 35.29999999999999700, 1.700000000000000000, 22.30000000000000100 ) ) ;
#245 = EDGE_LOOP ( 'NONE', ( #2274, #2342, #1987, #772 ) ) ;
#246 = ORIENTED_EDGE ( 'NONE', *, *, #2208, .F. ) ;
#247 = AXIS2_PLACEMENT_3D ( 'NONE', #167, #368, #1755 ) ;
#248 = ORIENTED_EDGE ( 'NONE', *, *, #2547, .F. ) ;
#249 = AXIS2_PLACEMENT_3D ( 'NONE', #404, #1791, #597 ) ;
#250 = DIRECTION ( 'NONE',  ( -0.01744974916068242600, 0.01744974916068252000, 0.9996954598818874600 ) ) ;
#251 = CARTESIAN_POINT ( 'NONE',  ( 38.89989174012899300, 8.899891740128961000, 16.30000000000000100 ) ) ;
#252 = ORIENTED_EDGE ( 'NONE', *, *, #2294, .T. ) ;
#253 = ORIENTED_EDGE ( 'NONE', *, *, #964, .F. ) ;
#254 = DIRECTION ( 'NONE',  ( -1.000000000000000000, -0.0000000000000000000, 0.0000000000000000000 ) ) ;
#255 = DIRECTION ( 'NONE',  ( -1.000000000000000000, -1.168655815394900100E-016, 0.0000000000000000000 ) ) ;
#256 = ORIENTED_EDGE ( 'NONE', *, *, #579, .F. ) ;
#257 = DIRECTION ( 'NONE',  ( 0.0000000000000000000, 0.0000000000000000000, 1.000000000000000000 ) ) ;
#258 = VERTEX_POINT ( 'NONE', #1612 ) ;
#259 = CARTESIAN_POINT ( 'NONE',  ( 18.79999999999999000, 8.899891740128961000, 16.30000000000000100 ) ) ;
#260 = CARTESIAN_POINT ( 'NONE',  ( 38.70000000000000300, 8.399999999999991500, 15.90000000000000000 ) ) ;
#261 = LINE ( 'NONE', #1810, #1251 ) ;
#262 = DIRECTION ( 'NONE',  ( 1.000000000000000000, 0.0000000000000000000, 0.0000000000000000000 ) ) ;
#263 =( BOUNDED_SURFACE ( )  B_SPLINE_SURFACE ( 3, 3, ( 
 ( #1863, #273, #2056, #865 ),
 ( #2268, #1065, #2462, #1268 ),
 ( #79, #1468, #283, #1664 ),
 ( #477, #1873, #678, #2066 ) ),
 .UNSPECIFIED., .F., .F., .F. ) 
 B_SPLINE_SURFACE_WITH_KNOTS ( ( 4, 4 ),
 ( 4, 4 ),
 ( 0.0000000000000000000, 1.000000000000000000 ),
 ( 0.0000000000000000000, 1.000000000000000000 ),
 .UNSPECIFIED. ) 
 GEOMETRIC_REPRESENTATION_ITEM ( )  RATIONAL_B_SPLINE_SURFACE ( (
 ( 1.000000000000000000, 0.8047378541217460300, 0.8047378541217460300, 1.000000000000000000),
 ( 0.8066509726610346900, 0.6491425727644603000, 0.6491425727644603000, 0.8066509726610346900),
 ( 0.8066509726610346900, 0.6491425727644603000, 0.6491425727644603000, 0.8066509726610346900),
 ( 1.000000000000000000, 0.8047378541217460300, 0.8047378541217460300, 1.000000000000000000) ) ) 
 REPRESENTATION_ITEM ( '' )  SURFACE ( )  );
#264 = CYLINDRICAL_SURFACE ( 'NONE', #590, 0.5000000000000000000 ) ;
#265 = CARTESIAN_POINT ( 'NONE',  ( 39.39989174012895000, 24.99985963267973300, 16.30000000000000100 ) ) ;
#266 = EDGE_CURVE ( 'NONE', #151, #613, #977, .T. ) ;
#267 = LINE ( 'NONE', #1870, #767 ) ;
#268 = CIRCLE ( 'NONE', #1969, 0.5500000000000018200 ) ;
#269 = LINE ( 'NONE', #2529, #738 ) ;
#270 = DIRECTION ( 'NONE',  ( -0.0006769074231110205300, 0.9992475435913061900, 0.03878000029758995500 ) ) ;
#271 = VERTEX_POINT ( 'NONE', #620 ) ;
#272 = LINE ( 'NONE', #2279, #792 ) ;
#273 = CARTESIAN_POINT ( 'NONE',  ( 38.57515136844514100, 24.67504310857018300, -2.799999999999995800 ) ) ;
#274 = CARTESIAN_POINT ( 'NONE',  ( 38.80076106038166000, 25.09999999999999800, 16.30000000000000100 ) ) ;
#275 = LINE ( 'NONE', #2480, #2338 ) ;
#276 = EDGE_CURVE ( 'NONE', #1984, #587, #1972, .T. ) ;
#277 = CARTESIAN_POINT ( 'NONE',  ( -1.299967892550773200, 25.49978348025792100, 16.30000000000000100 ) ) ;
#278 = ORIENTED_EDGE ( 'NONE', *, *, #218, .T. ) ;
#279 = DIRECTION ( 'NONE',  ( -0.0000000000000000000, 1.000000000000000000, 0.0000000000000000000 ) ) ;
#280 =( GEOMETRIC_REPRESENTATION_CONTEXT ( 3 ) GLOBAL_UNCERTAINTY_ASSIGNED_CONTEXT ( ( #1344 ) ) GLOBAL_UNIT_ASSIGNED_CONTEXT ( ( #1524, #340, #1720 ) ) REPRESENTATION_CONTEXT ( 'NONE', 'WORKASPACE' ) );
#281 = CARTESIAN_POINT ( 'NONE',  ( 34.74999999999999300, 1.699999999999990900, 16.30000000000000100 ) ) ;
#282 = ORIENTED_EDGE ( 'NONE', *, *, #1215, .F. ) ;
#283 = CARTESIAN_POINT ( 'NONE',  ( 39.07276802184041000, 24.96654019526999600, -2.595064844444629100 ) ) ;
#284 = CARTESIAN_POINT ( 'NONE',  ( 38.57515136844367700, -1.375243091029248800, -2.304066572323175200 ) ) ;
#285 = ORIENTED_EDGE ( 'NONE', *, *, #1195, .T. ) ;
#286 = DIRECTION ( 'NONE',  ( -0.0000000000000000000, -0.0000000000000000000, 1.000000000000000000 ) ) ;
#287 = ORIENTED_EDGE ( 'NONE', *, *, #1535, .T. ) ;
#288 = ORIENTED_EDGE ( 'NONE', *, *, #266, .F. ) ;
#289 = DIRECTION ( 'NONE',  ( -0.8895552475922488000, 0.0000000000000000000, 0.4568276058658156100 ) ) ;
#290 = CARTESIAN_POINT ( 'NONE',  ( -1.389418008447002500, 8.899891740128961000, 15.69996031380938300 ) ) ;
#291 = PLANE ( 'NONE',  #1619 ) ;
#292 = CARTESIAN_POINT ( 'NONE',  ( 38.99295325591359100, -1.217367222838347400, 15.90249450552424700 ) ) ;
#293 = EDGE_CURVE ( 'NONE', #1275, #1084, #2508, .T. ) ;
#294 = DIRECTION ( 'NONE',  ( 0.0000000000000000000, 0.01745240643728350100, -0.9998476951563911600 ) ) ;
#295 = EDGE_CURVE ( 'NONE', #2112, #1952, #913, .T. ) ;
#296 = DIRECTION ( 'NONE',  ( 1.000000000000000000, 0.0000000000000000000, 0.0000000000000000000 ) ) ;
#297 = CARTESIAN_POINT ( 'NONE',  ( -1.299967892550769800, -1.699999999999996200, 16.30000000000000100 ) ) ;
#298 = EDGE_CURVE ( 'NONE', #1084, #195, #2561, .T. ) ;
#299 = CARTESIAN_POINT ( 'NONE',  ( 18.79999999999999000, 11.89989174012896100, 16.30000000000000100 ) ) ;
#300 = CARTESIAN_POINT ( 'NONE',  ( 34.79999999999999700, 14.40000000000000600, 22.30000000000000100 ) ) ;
#301 = VECTOR ( 'NONE', #1420, 1000.000000000000000 ) ;
#302 = CARTESIAN_POINT ( 'NONE',  ( 15.79999999999999200, -0.8999999999999973600, 16.30000000000000100 ) ) ;
#303 = LINE ( 'NONE', #2046, #229 ) ;
#304 = DIRECTION ( 'NONE',  ( -1.899065700016720100E-016, -1.000000000000000000, 0.0000000000000000000 ) ) ;
#305 = ADVANCED_FACE ( 'NONE', ( #452 ), #1632, .F. ) ;
#306 = CIRCLE ( 'NONE', #249, 0.5000000000000000000 ) ;
#307 = VECTOR ( 'NONE', #1770, 1000.000000000000000 ) ;
#308 = ADVANCED_FACE ( 'NONE', ( #1916 ), #642, .F. ) ;
#309 = DIRECTION ( 'NONE',  ( 7.923123530743372200E-015, 0.8895552475922518000, 0.4568276058658095100 ) ) ;
#310 = CYLINDRICAL_SURFACE ( 'NONE', #1004, 0.4999999999999999400 ) ;
#311 = CARTESIAN_POINT ( 'NONE',  ( 38.57515136844217800, -1.375183475891390600, -2.308726203218641100 ) ) ;
#312 = EDGE_CURVE ( 'NONE', #2493, #823, #338, .T. ) ;
#313 = CARTESIAN_POINT ( 'NONE',  ( -1.200761060381659600, 25.09999999999999400, 16.30000000000000100 ) ) ;
#314 = EDGE_LOOP ( 'NONE', ( #352, #22, #1153 ) ) ;
#315 = ORIENTED_EDGE ( 'NONE', *, *, #1587, .T. ) ;
#316 = DIRECTION ( 'NONE',  ( 1.736128127787049900E-016, -1.000000000000000000, 0.0000000000000000000 ) ) ;
#317 = ADVANCED_FACE ( 'NONE', ( #2445 ), #522, .F. ) ;
#318 = VERTEX_POINT ( 'NONE', #1910 ) ;
#319 = VERTEX_POINT ( 'NONE', #132 ) ;
#320 = ORIENTED_EDGE ( 'NONE', *, *, #94, .T. ) ;
#321 = ADVANCED_FACE ( 'NONE', ( #847 ), #1718, .F. ) ;
#322 = ORIENTED_EDGE ( 'NONE', *, *, #1665, .T. ) ;
#323 = CARTESIAN_POINT ( 'NONE',  ( 18.79999999999999000, 24.99603359355454700, 16.30000000000000100 ) ) ;
#324 = EDGE_CURVE ( 'NONE', #2146, #1312, #1328, .T. ) ;
#325 = CARTESIAN_POINT ( 'NONE',  ( -0.9751513684421677700, 24.67504310857115600, -2.800000000000000700 ) ) ;
#326 = EDGE_LOOP ( 'NONE', ( #1046, #1560, #1931, #1601 ) ) ;
#327 = DIRECTION ( 'NONE',  ( -1.000000000000000000, -0.0000000000000000000, -0.0000000000000000000 ) ) ;
#328 = DIRECTION ( 'NONE',  ( 0.7071067811865431300, 0.0000000000000000000, -0.7071067811865520100 ) ) ;
#329 = EDGE_CURVE ( 'NONE', #367, #241, #789, .T. ) ;
#330 = CARTESIAN_POINT ( 'NONE',  ( 0.0000000000000000000, 0.0000000000000000000, 0.0000000000000000000 ) ) ;
#331 = EDGE_LOOP ( 'NONE', ( #215, #422, #1550, #1831 ) ) ;
#332 = ADVANCED_FACE ( 'NONE', ( #1852 ), #1532, .T. ) ;
#333 = CIRCLE ( 'NONE', #1802, 0.5000000000000000000 ) ;
#334 = ADVANCED_FACE ( 'NONE', ( #1784 ), #2331, .T. ) ;
#335 = CARTESIAN_POINT ( 'NONE',  ( -0.9751513684421695400, 24.96605100565594200, -2.800000000000005200 ) ) ;
#336 = LINE ( 'NONE', #2388, #733 ) ;
#337 = VECTOR ( 'NONE', #861, 1000.000000000000100 ) ;
#338 = LINE ( 'NONE', #720, #1383 ) ;
#339 = DIRECTION ( 'NONE',  ( -1.000000000000000000, 3.892437792519730000E-031, -0.0000000000000000000 ) ) ;
#340 =( NAMED_UNIT ( * ) PLANE_ANGLE_UNIT ( ) SI_UNIT ( $, .RADIAN. ) );
#341 = VECTOR ( 'NONE', #1140, 1000.000000000000000 ) ;
#342 = ORIENTED_EDGE ( 'NONE', *, *, #2282, .F. ) ;
#343 = VECTOR ( 'NONE', #657, 1000.000000000000000 ) ;
#344 = AXIS2_PLACEMENT_3D ( 'NONE', #1148, #2142, #1345 ) ;
#345 = FACE_OUTER_BOUND ( 'NONE', #1652, .T. ) ;
#346 = ADVANCED_FACE ( 'NONE', ( #736 ), #2528, .F. ) ;
#347 = ORIENTED_EDGE ( 'NONE', *, *, #2571, .T. ) ;
#348 = DIRECTION ( 'NONE',  ( -1.000000000000000000, 2.337311630789800200E-016, 0.0000000000000000000 ) ) ;
#349 = CARTESIAN_POINT ( 'NONE',  ( 37.79999999999999000, 23.89989174012896100, -2.799999999999999800 ) ) ;
#350 = ORIENTED_EDGE ( 'NONE', *, *, #1195, .F. ) ;
#351 = ORIENTED_EDGE ( 'NONE', *, *, #769, .T. ) ;
#352 = ORIENTED_EDGE ( 'NONE', *, *, #583, .T. ) ;
#353 = CARTESIAN_POINT ( 'NONE',  ( 35.29999999999999700, 14.40000000000000600, 1.000000000000000000 ) ) ;
#354 = CARTESIAN_POINT ( 'NONE',  ( -0.7999999999999913800, 15.40000000000000000, 15.90000000000000000 ) ) ;
#355 = CARTESIAN_POINT ( 'NONE',  ( -0.7999999999999951600, 11.89999999999999500, 16.30000000000000100 ) ) ;
#356 = DIRECTION ( 'NONE',  ( -1.000000000000000000, 0.0000000000000000000, 0.0000000000000000000 ) ) ;
#357 = VERTEX_POINT ( 'NONE', #1539 ) ;
#358 = DIRECTION ( 'NONE',  ( -0.0000000000000000000, -0.0000000000000000000, -1.000000000000000000 ) ) ;
#359 = EDGE_CURVE ( 'NONE', #2240, #2045, #201, .T. ) ;
#360 = CIRCLE ( 'NONE', #1317, 0.5000000000000000000 ) ;
#361 = CYLINDRICAL_SURFACE ( 'NONE', #381, 0.5000000000000000000 ) ;
#362 = CARTESIAN_POINT ( 'NONE',  ( 38.59989174012898900, 14.89989174012895900, 15.90000000000000000 ) ) ;
#363 = VECTOR ( 'NONE', #172, 1000.000000000000000 ) ;
#364 = SURFACE_STYLE_FILL_AREA ( #2515 ) ;
#365 = FACE_OUTER_BOUND ( 'NONE', #1716, .T. ) ;
#366 = DIRECTION ( 'NONE',  ( 0.0000000000000000000, -1.000000000000000000, -0.0000000000000000000 ) ) ;
#367 = VERTEX_POINT ( 'NONE', #1341 ) ;
#368 = DIRECTION ( 'NONE',  ( 1.000000000000000000, -2.337311630789800200E-016, 0.0000000000000000000 ) ) ;
#369 = ORIENTED_EDGE ( 'NONE', *, *, #758, .T. ) ;
#370 = EDGE_CURVE ( 'NONE', #1905, #1739, #1258, .T. ) ;
#371 = ORIENTED_EDGE ( 'NONE', *, *, #454, .T. ) ;
#372 = VERTEX_POINT ( 'NONE', #403 ) ;
#373 = ORIENTED_EDGE ( 'NONE', *, *, #964, .T. ) ;
#374 = PLANE ( 'NONE',  #120 ) ;
#375 = ORIENTED_EDGE ( 'NONE', *, *, #1747, .T. ) ;
#376 = ORIENTED_EDGE ( 'NONE', *, *, #593, .F. ) ;
#377 = CARTESIAN_POINT ( 'NONE',  ( -0.7999999999999951600, 8.400000000000000400, 16.30000000000000100 ) ) ;
#378 = AXIS2_PLACEMENT_3D ( 'NONE', #2430, #1235, #46 ) ;
#379 = ORIENTED_EDGE ( 'NONE', *, *, #998, .F. ) ;
#380 = CARTESIAN_POINT ( 'NONE',  ( 39.39989174012895000, 25.29272671283798200, 16.30000000000000100 ) ) ;
#381 = AXIS2_PLACEMENT_3D ( 'NONE', #2564, #192, #586 ) ;
#382 = CARTESIAN_POINT ( 'NONE',  ( 18.79999999999999000, -0.8752596283131945900, -2.799999999999999800 ) ) ;
#383 = VERTEX_POINT ( 'NONE', #354 ) ;
#384 = DIRECTION ( 'NONE',  ( 0.0000000000000000000, -0.7071067811865450200, 0.7071067811865500200 ) ) ;
#385 = FACE_OUTER_BOUND ( 'NONE', #612, .T. ) ;
#386 = CARTESIAN_POINT ( 'NONE',  ( 2.868736098310407400E-014, 6.271444196507042600E-030, 15.89999999999999700 ) ) ;
#387 = FACE_OUTER_BOUND ( 'NONE', #2522, .T. ) ;
#388 = DIRECTION ( 'NONE',  ( 0.0006942417207291673800, 0.9992084967678176400, -0.03977308154306381100 ) ) ;
#389 = LINE ( 'NONE', #1650, #1381 ) ;
#390 = VECTOR ( 'NONE', #629, 1000.000000000000100 ) ;
#391 = LINE ( 'NONE', #732, #1854 ) ;
#392 = ORIENTED_EDGE ( 'NONE', *, *, #191, .F. ) ;
#393 = LINE ( 'NONE', #82, #1332 ) ;
#394 = FACE_OUTER_BOUND ( 'NONE', #1261, .T. ) ;
#395 = DIRECTION ( 'NONE',  ( -0.9997301964409260900, -0.0004053823704636951800, 0.02322434044964388400 ) ) ;
#396 = EDGE_CURVE ( 'NONE', #2369, #607, #268, .T. ) ;
#397 = EDGE_LOOP ( 'NONE', ( #1090, #1428, #1114 ) ) ;
#398 = EDGE_LOOP ( 'NONE', ( #1999, #1552, #373, #54 ) ) ;
#399 = ORIENTED_EDGE ( 'NONE', *, *, #454, .F. ) ;
#400 = CARTESIAN_POINT ( 'NONE',  ( 35.79999999999999700, 14.40000000000000600, 22.30000000000000100 ) ) ;
#401 = ORIENTED_EDGE ( 'NONE', *, *, #2094, .T. ) ;
#402 = EDGE_CURVE ( 'NONE', #1120, #125, #1196, .T. ) ;
#403 = CARTESIAN_POINT ( 'NONE',  ( -0.2000000000000095300, 0.3998917401289699400, -2.600000000000000500 ) ) ;
#404 = CARTESIAN_POINT ( 'NONE',  ( 2.299999999999999800, 1.700000000000000000, 1.000000000000000000 ) ) ;
#405 = CARTESIAN_POINT ( 'NONE',  ( 35.29999999999999700, 14.40000000000000600, 22.30000000000000100 ) ) ;
#406 = DIRECTION ( 'NONE',  ( 1.000000000000000000, -2.337311630789800200E-016, 0.0000000000000000000 ) ) ;
#407 = CARTESIAN_POINT ( 'NONE',  ( 35.29999999999999700, 14.40000000000000600, 22.30000000000000100 ) ) ;
#408 = FACE_OUTER_BOUND ( 'NONE', #859, .T. ) ;
#409 = CYLINDRICAL_SURFACE ( 'NONE', #655, 0.5500000000000018200 ) ;
#410 = EDGE_CURVE ( 'NONE', #1336, #1855, #2262, .T. ) ;
#411 = EDGE_CURVE ( 'NONE', #271, #1555, #141, .T. ) ;
#412 = DIRECTION ( 'NONE',  ( 0.0000000000000000000, 0.0000000000000000000, 1.000000000000000000 ) ) ;
#413 = FACE_OUTER_BOUND ( 'NONE', #1183, .T. ) ;
#414 = FACE_OUTER_BOUND ( 'NONE', #1362, .T. ) ;
#415 = CIRCLE ( 'NONE', #1748, 0.5000000000000000000 ) ;
#416 = CARTESIAN_POINT ( 'NONE',  ( -1.399999999999991500, 15.40000000000000000, 16.30000000000000100 ) ) ;
#417 = EDGE_CURVE ( 'NONE', #559, #1243, #2195, .T. ) ;
#418 = VECTOR ( 'NONE', #1623, 1000.000000000000000 ) ;
#419 = PLANE ( 'NONE',  #698 ) ;
#420 = AXIS2_PLACEMENT_3D ( 'NONE', #70, #2257, #1058 ) ;
#421 = DIRECTION ( 'NONE',  ( 0.0000000000000000000, -1.000000000000000000, 0.0000000000000000000 ) ) ;
#422 = ORIENTED_EDGE ( 'NONE', *, *, #794, .T. ) ;
#423 = CARTESIAN_POINT ( 'NONE',  ( -1.592834972709022700, -1.699999999999994800, 16.30000000000000100 ) ) ;
#424 = EDGE_LOOP ( 'NONE', ( #1796, #933, #243, #1829 ) ) ;
#425 = AXIS2_PLACEMENT_3D ( 'NONE', #618, #1019, #2411 ) ;
#426 = DIRECTION ( 'NONE',  ( 2.337311630789800200E-016, 1.000000000000000000, 0.0000000000000000000 ) ) ;
#427 = VERTEX_POINT ( 'NONE', #19 ) ;
#428 = EDGE_LOOP ( 'NONE', ( #609, #2498, #2183, #56 ) ) ;
#429 = ORIENTED_EDGE ( 'NONE', *, *, #1144, .F. ) ;
#430 = EDGE_LOOP ( 'NONE', ( #2008, #2091, #773, #585 ) ) ;
#431 = CARTESIAN_POINT ( 'NONE',  ( 37.29999999999999000, -0.1001082598710404900, -2.799999999999999800 ) ) ;
#432 = ORIENTED_EDGE ( 'NONE', *, *, #2474, .T. ) ;
#433 = PLANE ( 'NONE',  #591 ) ;
#434 = ORIENTED_EDGE ( 'NONE', *, *, #1137, .F. ) ;
#435 = DIRECTION ( 'NONE',  ( 0.0000000000000000000, 1.000000000000000000, 0.0000000000000000000 ) ) ;
#436 = EDGE_CURVE ( 'NONE', #2569, #1084, #81, .T. ) ;
#437 = CARTESIAN_POINT ( 'NONE',  ( -0.9751513684421701000, 25.17496695614931200, -2.308726203218639700 ) ) ;
#438 = DIRECTION ( 'NONE',  ( 0.0000000000000000000, -1.000000000000000000, 0.0000000000000000000 ) ) ;
#439 = VERTEX_POINT ( 'NONE', #416 ) ;
#440 = CARTESIAN_POINT ( 'NONE',  ( -0.2000000000000098400, 23.39989174012896100, -2.799999999999999800 ) ) ;
#441 = CARTESIAN_POINT ( 'NONE',  ( -0.9751513684420863900, -1.161576294687530800, -2.805046101215514100 ) ) ;
#442 = DIRECTION ( 'NONE',  ( 0.01744974916068252300, 0.01744974916068233900, 0.9996954598818874600 ) ) ;
#443 = VERTEX_POINT ( 'NONE', #616 ) ;
#444 = DIRECTION ( 'NONE',  ( 5.551115123125780300E-015, -1.000000000000000000, 0.0000000000000000000 ) ) ;
#445 = EDGE_CURVE ( 'NONE', #1521, #2569, #2069, .T. ) ;
#446 = FACE_OUTER_BOUND ( 'NONE', #526, .T. ) ;
#447 = CARTESIAN_POINT ( 'NONE',  ( -1.399999999999984600, 24.90076106038163700, 16.30000000000000100 ) ) ;
#448 = DIRECTION ( 'NONE',  ( -0.01744974916068269300, -0.01744974916068269300, 0.9996954598818875700 ) ) ;
#449 = LINE ( 'NONE', #147, #2558 ) ;
#450 = DIRECTION ( 'NONE',  ( 0.0000000000000000000, 1.000000000000000000, 0.0000000000000000000 ) ) ;
#451 = LINE ( 'NONE', #849, #2559 ) ;
#452 = FACE_OUTER_BOUND ( 'NONE', #2485, .T. ) ;
#453 = CARTESIAN_POINT ( 'NONE',  ( 35.30000000000000400, 14.39999999999999000, 16.30000000000000100 ) ) ;
#454 = EDGE_CURVE ( 'NONE', #153, #1979, #1139, .T. ) ;
#455 = FACE_OUTER_BOUND ( 'NONE', #1920, .T. ) ;
#456 = LINE ( 'NONE', #1443, #2511 ) ;
#457 = CARTESIAN_POINT ( 'NONE',  ( 2.299999999999996300, 1.699999999999998600, 15.90000000000000000 ) ) ;
#458 = CARTESIAN_POINT ( 'NONE',  ( 39.00000000000000000, -1.100761060381662000, 16.30000000000000100 ) ) ;
#459 = ORIENTED_EDGE ( 'NONE', *, *, #134, .T. ) ;
#460 = CARTESIAN_POINT ( 'NONE',  ( 2.299999999999999800, 20.69999999999999900, 1.000000000000000000 ) ) ;
#461 = OPEN_SHELL ( 'NONE', ( #2130, #2517, #305 ) ) ;
#462 = ORIENTED_EDGE ( 'NONE', *, *, #1210, .T. ) ;
#463 = VERTEX_POINT ( 'NONE', #32 ) ;
#464 = PLANE ( 'NONE',  #1284 ) ;
#465 = AXIS2_PLACEMENT_3D ( 'NONE', #2151, #948, #1941 ) ;
#466 = EDGE_LOOP ( 'NONE', ( #1980, #505 ) ) ;
#467 = AXIS2_PLACEMENT_3D ( 'NONE', #2289, #2089, #1220 ) ;
#468 = ORIENTED_EDGE ( 'NONE', *, *, #2239, .F. ) ;
#469 = CARTESIAN_POINT ( 'NONE',  ( 37.79999999999999000, 0.3998917401289605000, -2.600000000000000500 ) ) ;
#470 = VERTEX_POINT ( 'NONE', #2003 ) ;
#471 = CARTESIAN_POINT ( 'NONE',  ( 0.2999999999999889400, -0.1001082598710329300, -2.799999999999999800 ) ) ;
#472 = CARTESIAN_POINT ( 'NONE',  ( 38.57515136844219200, 24.67504310857108200, -2.299999999999999800 ) ) ;
#473 = DIRECTION ( 'NONE',  ( 1.000000000000000000, -0.0000000000000000000, 0.0000000000000000000 ) ) ;
#474 = CARTESIAN_POINT ( 'NONE',  ( -1.299891740128966000, 11.89989174012896100, 16.30000000000000100 ) ) ;
#475 = PLANE ( 'NONE',  #815 ) ;
#476 = AXIS2_PLACEMENT_3D ( 'NONE', #386, #2566, #1382 ) ;
#477 = CARTESIAN_POINT ( 'NONE',  ( 38.57515136843673500, 25.17502657128723300, -2.304066572323173900 ) ) ;
#478 = CARTESIAN_POINT ( 'NONE',  ( 38.74686958109044400, -1.372843485327635400, -2.599097146537979100 ) ) ;
#479 = VECTOR ( 'NONE', #1047, 1000.000000000000000 ) ;
#480 = CARTESIAN_POINT ( 'NONE',  ( 15.79999999999999200, -0.8999999999999971400, 15.90000000000000000 ) ) ;
#481 = CIRCLE ( 'NONE', #991, 0.5000000000000000000 ) ;
#482 = LINE ( 'NONE', #227, #2532 ) ;
#483 = DIRECTION ( 'NONE',  ( 0.01744974916068266900, -0.01744974916068140300, -0.9996954598818874600 ) ) ;
#484 = FACE_BOUND ( 'NONE', #2310, .T. ) ;
#485 = ORIENTED_EDGE ( 'NONE', *, *, #359, .F. ) ;
#486 = DIRECTION ( 'NONE',  ( -0.0000000000000000000, -0.0000000000000000000, -1.000000000000000000 ) ) ;
#487 = EDGE_CURVE ( 'NONE', #1243, #957, #482, .T. ) ;
#488 = LINE ( 'NONE', #914, #418 ) ;
#489 = EDGE_CURVE ( 'NONE', #1203, #944, #544, .T. ) ;
#490 = CARTESIAN_POINT ( 'NONE',  ( 37.79999999999999000, 0.3998917401289605000, -2.799999999999999800 ) ) ;
#491 = ORIENTED_EDGE ( 'NONE', *, *, #295, .T. ) ;
#492 = ADVANCED_FACE ( 'NONE', ( #1996 ), #1615, .T. ) ;
#493 = DIRECTION ( 'NONE',  ( 0.0000000000000000000, 0.0000000000000000000, 1.000000000000000000 ) ) ;
#494 = VERTEX_POINT ( 'NONE', #1357 ) ;
#495 = DIRECTION ( 'NONE',  ( -0.0000000000000000000, -0.0000000000000000000, -1.000000000000000000 ) ) ;
#496 = VERTEX_POINT ( 'NONE', #1957 ) ;
#497 = CARTESIAN_POINT ( 'NONE',  ( 39.00000000000000700, 15.39999999999999000, 16.30000000000000100 ) ) ;
#498 = ORIENTED_EDGE ( 'NONE', *, *, #293, .F. ) ;
#499 = ORIENTED_EDGE ( 'NONE', *, *, #1103, .T. ) ;
#500 = VERTEX_POINT ( 'NONE', #2408 ) ;
#501 = CARTESIAN_POINT ( 'NONE',  ( 35.79999999999999700, 14.40000000000000600, 1.000000000000000000 ) ) ;
#502 = EDGE_CURVE ( 'NONE', #153, #1593, #1480, .T. ) ;
#503 = CARTESIAN_POINT ( 'NONE',  ( 38.99989174012898700, 8.899891740128961000, 16.30000000000000100 ) ) ;
#504 = ADVANCED_FACE ( 'NONE', ( #413 ), #2364, .F. ) ;
#505 = ORIENTED_EDGE ( 'NONE', *, *, #2359, .T. ) ;
#506 = ADVANCED_FACE ( 'NONE', ( #1942 ), #573, .T. ) ;
#507 = CARTESIAN_POINT ( 'NONE',  ( 2.299999999999999800, 1.700000000000000000, 1.000000000000000000 ) ) ;
#508 = ORIENTED_EDGE ( 'NONE', *, *, #105, .T. ) ;
#509 = AXIS2_PLACEMENT_3D ( 'NONE', #244, #1039, #2436 ) ;
#510 = AXIS2_PLACEMENT_3D ( 'NONE', #2438, #1244, #55 ) ;
#511 = FACE_OUTER_BOUND ( 'NONE', #782, .T. ) ;
#512 = AXIS2_PLACEMENT_3D ( 'NONE', #2166, #177, #1561 ) ;
#513 = CYLINDRICAL_SURFACE ( 'NONE', #1579, 0.5000000000000000000 ) ;
#514 = LINE ( 'NONE', #2401, #1512 ) ;
#515 = AXIS2_PLACEMENT_3D ( 'NONE', #784, #983, #1976 ) ;
#516 = DIRECTION ( 'NONE',  ( -0.9998476951563912700, -3.048468566060670500E-016, -0.01745240643728350500 ) ) ;
#517 = ADVANCED_FACE ( 'NONE', ( #1412 ), #2403, .T. ) ;
#518 = CIRCLE ( 'NONE', #2483, 0.4999999999999988300 ) ;
#519 = CYLINDRICAL_SURFACE ( 'NONE', #1134, 0.5500000000000018200 ) ;
#520 = ADVANCED_FACE ( 'NONE', ( #2475 ), #1374, .F. ) ;
#521 = CARTESIAN_POINT ( 'NONE',  ( 39.07507521602033100, 24.67504310857108200, -2.308726203220429400 ) ) ;
#522 = PLANE ( 'NONE',  #1035 ) ;
#523 = PLANE ( 'NONE',  #1363 ) ;
#524 = FILL_AREA_STYLE_COLOUR ( '', #1005 ) ;
#525 = ORIENTED_EDGE ( 'NONE', *, *, #1094, .T. ) ;
#526 = EDGE_LOOP ( 'NONE', ( #2155, #827, #126, #852 ) ) ;
#527 = CARTESIAN_POINT ( 'NONE',  ( -1.472768021838002600, 24.96654019526772200, -2.595064844447529900 ) ) ;
#528 = ORIENTED_EDGE ( 'NONE', *, *, #630, .T. ) ;
#529 = EDGE_LOOP ( 'NONE', ( #121, #625, #990, #1735 ) ) ;
#530 = VERTEX_POINT ( 'NONE', #1968 ) ;
#531 = VERTEX_POINT ( 'NONE', #781 ) ;
#532 = DIRECTION ( 'NONE',  ( -1.095456968180021100E-016, 0.9998476951563912700, -0.01745240643728340400 ) ) ;
#533 = CARTESIAN_POINT ( 'NONE',  ( 18.80000000000000400, 8.400000000000000400, 16.30000000000000100 ) ) ;
#534 = ADVANCED_FACE ( 'NONE', ( #1882 ), #1774, .T. ) ;
#535 = EDGE_CURVE ( 'NONE', #896, #1749, #360, .T. ) ;
#536 =( BOUNDED_SURFACE ( )  B_SPLINE_SURFACE ( 3, 3, ( 
 ( #1218, #2019, #824, #2226 ),
 ( #1027, #2425, #1230, #42 ),
 ( #1433, #242, #1629, #441 ),
 ( #1828, #639, #2030, #834 ) ),
 .UNSPECIFIED., .F., .F., .F. ) 
 B_SPLINE_SURFACE_WITH_KNOTS ( ( 4, 4 ),
 ( 4, 4 ),
 ( 0.0000000000000000000, 1.000000000000000000 ),
 ( 0.0000000000000000000, 1.000000000000000000 ),
 .UNSPECIFIED. ) 
 GEOMETRIC_REPRESENTATION_ITEM ( )  RATIONAL_B_SPLINE_SURFACE ( (
 ( 1.000000000000000000, 0.8066508363690104700, 0.8066508363690104700, 1.000000000000000000),
 ( 0.8025582421823115300, 0.6473842772912044000, 0.6473842772912044000, 0.8025582421823115300),
 ( 0.8025582421823115300, 0.6473842772912044000, 0.6473842772912044000, 0.8025582421823115300),
 ( 1.000000000000000000, 0.8066508363690104700, 0.8066508363690104700, 1.000000000000000000) ) ) 
 REPRESENTATION_ITEM ( '' )  SURFACE ( )  );
#537 = ORIENTED_EDGE ( 'NONE', *, *, #445, .T. ) ;
#538 = CARTESIAN_POINT ( 'NONE',  ( -1.392879260147639200, 24.99281668477162900, 15.89825529093298700 ) ) ;
#539 = EDGE_CURVE ( 'NONE', #1930, #2281, #880, .T. ) ;
#540 = LINE ( 'NONE', #2037, #479 ) ;
#541 = LINE ( 'NONE', #2287, #1135 ) ;
#542 = CARTESIAN_POINT ( 'NONE',  ( -0.9998917401289669800, 8.899891740128962800, 16.30000000000000100 ) ) ;
#543 = DIRECTION ( 'NONE',  ( 1.000000000000000000, 0.0000000000000000000, 0.0000000000000000000 ) ) ;
#544 = LINE ( 'NONE', #1014, #1001 ) ;
#545 = CARTESIAN_POINT ( 'NONE',  ( 15.79884679069835600, -1.262004286198927800, 16.06763168788514300 ) ) ;
#546 = VECTOR ( 'NONE', #967, 1000.000000000000000 ) ;
#547 = ORIENTED_EDGE ( 'NONE', *, *, #670, .T. ) ;
#548 = LINE ( 'NONE', #2506, #2073 ) ;
#549 = VECTOR ( 'NONE', #1903, 1000.000000000000000 ) ;
#550 = CARTESIAN_POINT ( 'NONE',  ( 37.79999999999999000, -0.1001082598710400600, -2.799999999999999800 ) ) ;
#551 = EDGE_CURVE ( 'NONE', #1489, #1304, #1351, .T. ) ;
#552 = EDGE_CURVE ( 'NONE', #1897, #318, #942, .T. ) ;
#553 = CARTESIAN_POINT ( 'NONE',  ( 1.800000000000000000, 1.700000000000000000, 1.000000000000000000 ) ) ;
#554 = DIRECTION ( 'NONE',  ( 1.000000000000000000, 0.0000000000000000000, 0.0000000000000000000 ) ) ;
#555 = ORIENTED_EDGE ( 'NONE', *, *, #1008, .T. ) ;
#556 = EDGE_LOOP ( 'NONE', ( #1907, #752, #953, #2086 ) ) ;
#557 = DIRECTION ( 'NONE',  ( -0.0000000000000000000, -0.0000000000000000000, 1.000000000000000000 ) ) ;
#558 = EDGE_CURVE ( 'NONE', #2457, #1092, #303, .T. ) ;
#559 = VERTEX_POINT ( 'NONE', #469 ) ;
#560 = VERTEX_POINT ( 'NONE', #664 ) ;
#561 = ORIENTED_EDGE ( 'NONE', *, *, #691, .F. ) ;
#562 = VERTEX_POINT ( 'NONE', #1862 ) ;
#563 = CARTESIAN_POINT ( 'NONE',  ( 38.99989174012898700, 8.899891740128961000, 16.30000000000000100 ) ) ;
#564 = DIRECTION ( 'NONE',  ( -0.0000000000000000000, -0.0000000000000000000, 1.000000000000000000 ) ) ;
#565 = CARTESIAN_POINT ( 'NONE',  ( 22.30000000000000100, -0.7000000000000062800, 15.90000000000000000 ) ) ;
#566 = EDGE_CURVE ( 'NONE', #649, #60, #1754, .T. ) ;
#567 = VERTEX_POINT ( 'NONE', #2452 ) ;
#568 = DIRECTION ( 'NONE',  ( -1.000000000000000000, 0.0000000000000000000, 0.0000000000000000000 ) ) ;
#569 = CARTESIAN_POINT ( 'NONE',  ( 38.40000000000000600, 8.399999999999991500, 16.30000000000000100 ) ) ;
#570 = VECTOR ( 'NONE', #250, 1000.000000000000100 ) ;
#571 = DIRECTION ( 'NONE',  ( 0.9999597511338702600, 0.0001565823372447336800, -0.008970596092798141500 ) ) ;
#572 = VECTOR ( 'NONE', #2546, 1000.000000000000000 ) ;
#573 = PLANE ( 'NONE',  #780 ) ;
#574 = FACE_OUTER_BOUND ( 'NONE', #64, .T. ) ;
#575 = CARTESIAN_POINT ( 'NONE',  ( 38.96500453458963200, 8.399999999999991500, 15.90000000000000000 ) ) ;
#576 = VECTOR ( 'NONE', #934, 1000.000000000000000 ) ;
#577 = LINE ( 'NONE', #2549, #50 ) ;
#578 = FACE_OUTER_BOUND ( 'NONE', #1822, .T. ) ;
#579 = EDGE_CURVE ( 'NONE', #2281, #649, #762, .T. ) ;
#580 = ORIENTED_EDGE ( 'NONE', *, *, #2504, .F. ) ;
#581 = CARTESIAN_POINT ( 'NONE',  ( 39.39989174012895000, -1.492943232580060700, 16.30000000000000100 ) ) ;
#582 = ORIENTED_EDGE ( 'NONE', *, *, #182, .T. ) ;
#583 = EDGE_CURVE ( 'NONE', #613, #2024, #1811, .T. ) ;
#584 = ORIENTED_EDGE ( 'NONE', *, *, #2094, .F. ) ;
#585 = ORIENTED_EDGE ( 'NONE', *, *, #1436, .T. ) ;
#586 = DIRECTION ( 'NONE',  ( 1.000000000000000000, 0.0000000000000000000, 0.0000000000000000000 ) ) ;
#587 = VERTEX_POINT ( 'NONE', #1467 ) ;
#588 = ORIENTED_EDGE ( 'NONE', *, *, #1069, .T. ) ;
#589 = DIRECTION ( 'NONE',  ( -0.01745240643728350100, 0.0000000000000000000, 0.9998476951563911600 ) ) ;
#590 = AXIS2_PLACEMENT_3D ( 'NONE', #1186, #1388, #554 ) ;
#591 = AXIS2_PLACEMENT_3D ( 'NONE', #233, #628, #2021 ) ;
#592 = ORIENTED_EDGE ( 'NONE', *, *, #826, .T. ) ;
#593 = EDGE_CURVE ( 'NONE', #319, #2458, #171, .T. ) ;
#594 = VECTOR ( 'NONE', #1432, 1000.000000000000100 ) ;
#595 = DIRECTION ( 'NONE',  ( 0.0000000000000000000, 0.0000000000000000000, 1.000000000000000000 ) ) ;
#596 = CIRCLE ( 'NONE', #858, 0.5000000000000000000 ) ;
#597 = DIRECTION ( 'NONE',  ( 1.000000000000000000, 0.0000000000000000000, 0.0000000000000000000 ) ) ;
#598 = VECTOR ( 'NONE', #805, 1000.000000000000000 ) ;
#599 = AXIS2_PLACEMENT_3D ( 'NONE', #1191, #1, #1391 ) ;
#600 = FACE_OUTER_BOUND ( 'NONE', #2266, .T. ) ;
#601 = EDGE_LOOP ( 'NONE', ( #468, #681, #749, #1159 ) ) ;
#602 = FACE_OUTER_BOUND ( 'NONE', #833, .T. ) ;
#603 = LINE ( 'NONE', #1113, #2076 ) ;
#604 = CARTESIAN_POINT ( 'NONE',  ( 38.99989174012898700, -1.299999999999994300, 16.30000000000000100 ) ) ;
#605 = DIRECTION ( 'NONE',  ( 1.000000000000000000, 0.0000000000000000000, 0.0000000000000000000 ) ) ;
#606 = DIRECTION ( 'NONE',  ( -0.0000000000000000000, -0.0000000000000000000, -1.000000000000000000 ) ) ;
#607 = VERTEX_POINT ( 'NONE', #1075 ) ;
#608 = CARTESIAN_POINT ( 'NONE',  ( 38.99989174012898700, -1.299999999999994300, 16.30000000000000100 ) ) ;
#609 = ORIENTED_EDGE ( 'NONE', *, *, #1343, .F. ) ;
#610 = ORIENTED_EDGE ( 'NONE', *, *, #329, .F. ) ;
#611 = EDGE_CURVE ( 'NONE', #1399, #684, #699, .T. ) ;
#612 = EDGE_LOOP ( 'NONE', ( #1056, #745, #800, #2158 ) ) ;
#613 = VERTEX_POINT ( 'NONE', #2466 ) ;
#614 = EDGE_CURVE ( 'NONE', #1593, #2115, #110, .T. ) ;
#615 = CARTESIAN_POINT ( 'NONE',  ( -0.2000000000000092000, 11.89989174012896100, -2.600000000000000500 ) ) ;
#616 = CARTESIAN_POINT ( 'NONE',  ( 22.30000000000000800, 25.06500453458961500, 15.90000000000000000 ) ) ;
#617 = CARTESIAN_POINT ( 'NONE',  ( 38.97901855562442800, -1.203790657562756800, 16.30000000000000400 ) ) ;
#618 = CARTESIAN_POINT ( 'NONE',  ( 37.79999999999999000, 23.89989174012896100, -2.799999999999999800 ) ) ;
#619 = DIRECTION ( 'NONE',  ( -0.0000000000000000000, -0.0000000000000000000, 1.000000000000000000 ) ) ;
#620 = CARTESIAN_POINT ( 'NONE',  ( -1.365004534589625600, 8.400000000000000400, 15.90000000000000000 ) ) ;
#621 = CARTESIAN_POINT ( 'NONE',  ( 15.30000000000000100, -1.000000000000005600, 15.90000000000000000 ) ) ;
#622 = CARTESIAN_POINT ( 'NONE',  ( -1.799891740128964200, -1.200076152421800900, 16.29999999999999700 ) ) ;
#623 = CARTESIAN_POINT ( 'NONE',  ( 37.79999999999999000, 23.39989174012896100, -2.799999999999999800 ) ) ;
#624 = CARTESIAN_POINT ( 'NONE',  ( 39.06649999999999100, -1.366608259871040100, -2.799999999999999800 ) ) ;
#625 = ORIENTED_EDGE ( 'NONE', *, *, #436, .F. ) ;
#626 = DIRECTION ( 'NONE',  ( -0.0000000000000000000, -0.0000000000000000000, -1.000000000000000000 ) ) ;
#627 = VECTOR ( 'NONE', #831, 1000.000000000000000 ) ;
#628 = DIRECTION ( 'NONE',  ( 0.0000000000000000000, 0.0000000000000000000, -1.000000000000000000 ) ) ;
#629 = DIRECTION ( 'NONE',  ( -0.7071067811865474600, 0.0000000000000000000, -0.7071067811865474600 ) ) ;
#630 = EDGE_CURVE ( 'NONE', #2428, #560, #631, .T. ) ;
#631 = LINE ( 'NONE', #550, #1691 ) ;
#632 = CARTESIAN_POINT ( 'NONE',  ( 1.800000000000000000, 1.700000000000000000, 1.000000000000000000 ) ) ;
#633 = VECTOR ( 'NONE', #1616, 1000.000000000000000 ) ;
#634 = CYLINDRICAL_SURFACE ( 'NONE', #2018, 0.5500000000000001600 ) ;
#635 = CARTESIAN_POINT ( 'NONE',  ( 28.93324999999999400, -0.8752596283131940400, -2.299999999999999800 ) ) ;
#636 = LINE ( 'NONE', #382, #1516 ) ;
#637 = VECTOR ( 'NONE', #1021, 1000.000000000000000 ) ;
#638 = DIRECTION ( 'NONE',  ( -0.0000000000000000000, -0.0000000000000000000, -1.000000000000000000 ) ) ;
#639 = CARTESIAN_POINT ( 'NONE',  ( -1.472747013580573100, -0.8682471131573222800, -2.595004855321968200 ) ) ;
#640 = AXIS2_PLACEMENT_3D ( 'NONE', #829, #444, #1833 ) ;
#641 = CARTESIAN_POINT ( 'NONE',  ( 37.29999999999999000, 0.3998917401289599500, -2.799999999999999800 ) ) ;
#642 = PLANE ( 'NONE',  #776 ) ;
#643 = ORIENTED_EDGE ( 'NONE', *, *, #1767, .F. ) ;
#644 = VERTEX_POINT ( 'NONE', #2350 ) ;
#645 = AXIS2_PLACEMENT_3D ( 'NONE', #1995, #806, #2207 ) ;
#646 = DIRECTION ( 'NONE',  ( 0.0000000000000000000, 1.000000000000000000, 0.0000000000000000000 ) ) ;
#647 = VERTEX_POINT ( 'NONE', #2537 ) ;
#648 = VERTEX_POINT ( 'NONE', #1348 ) ;
#649 = VERTEX_POINT ( 'NONE', #1156 ) ;
#650 = DIRECTION ( 'NONE',  ( -1.000000000000000000, 0.0000000000000000000, 0.0000000000000000000 ) ) ;
#651 = VERTEX_POINT ( 'NONE', #163 ) ;
#652 = CARTESIAN_POINT ( 'NONE',  ( 38.90379065756274500, 25.07901855562495200, 16.30000000000000400 ) ) ;
#653 = DIRECTION ( 'NONE',  ( -1.000000000000000000, 0.0000000000000000000, 0.0000000000000000000 ) ) ;
#654 = CARTESIAN_POINT ( 'NONE',  ( 35.29999999999999700, 1.700000000000000000, 1.000000000000000000 ) ) ;
#655 = AXIS2_PLACEMENT_3D ( 'NONE', #1300, #892, #109 ) ;
#656 = DIRECTION ( 'NONE',  ( 1.000000000000000000, 0.0000000000000000000, 0.0000000000000000000 ) ) ;
#657 = DIRECTION ( 'NONE',  ( -0.0000000000000000000, -1.000000000000000000, -0.0000000000000000000 ) ) ;
#658 = VERTEX_POINT ( 'NONE', #1940 ) ;
#659 = DIRECTION ( 'NONE',  ( 1.000000000000000000, 0.0000000000000000000, 0.0000000000000000000 ) ) ;
#660 = EDGE_CURVE ( 'NONE', #203, #2534, #2104, .T. ) ;
#661 = VECTOR ( 'NONE', #626, 1000.000000000000000 ) ;
#662 = CARTESIAN_POINT ( 'NONE',  ( 38.74989174012898700, 14.89989174012896300, 16.14999999999999900 ) ) ;
#663 = VECTOR ( 'NONE', #473, 1000.000000000000000 ) ;
#664 = CARTESIAN_POINT ( 'NONE',  ( 37.29999999999999000, -0.1001082598710402300, -2.799999999999999800 ) ) ;
#665 = CARTESIAN_POINT ( 'NONE',  ( -1.399891740128963900, -1.299999999999999800, 16.30000000000000100 ) ) ;
#666 = VECTOR ( 'NONE', #1790, 1000.000000000000000 ) ;
#667 = DIRECTION ( 'NONE',  ( 0.0000000000000000000, -0.0000000000000000000, -1.000000000000000000 ) ) ;
#668 = FACE_OUTER_BOUND ( 'NONE', #1016, .T. ) ;
#669 = VERTEX_POINT ( 'NONE', #1746 ) ;
#670 = EDGE_CURVE ( 'NONE', #95, #2343, #2224, .T. ) ;
#671 = DIRECTION ( 'NONE',  ( 0.0000000000000000000, 0.0000000000000000000, 1.000000000000000000 ) ) ;
#672 = CYLINDRICAL_SURFACE ( 'NONE', #1128, 0.5000000000000004400 ) ;
#673 = VECTOR ( 'NONE', #1690, 1000.000000000000000 ) ;
#674 = DIRECTION ( 'NONE',  ( 0.0000000000000000000, -0.0000000000000000000, -1.000000000000000000 ) ) ;
#675 = AXIS2_PLACEMENT_3D ( 'NONE', #330, #1925, #734 ) ;
#676 = DIRECTION ( 'NONE',  ( -1.000000000000000000, 2.337311630789800200E-016, 0.0000000000000000000 ) ) ;
#677 = CARTESIAN_POINT ( 'NONE',  ( -0.9751513684421658800, -0.8752596283131945900, -2.299999999999999800 ) ) ;
#678 = CARTESIAN_POINT ( 'NONE',  ( 39.07513483115833700, 24.96792664007049100, -2.304066572319805500 ) ) ;
#679 = CARTESIAN_POINT ( 'NONE',  ( 38.87018194399616500, -1.375223576081302300, -2.306465927366552200 ) ) ;
#680 = CARTESIAN_POINT ( 'NONE',  ( -1.393037951168343100, -1.217639179713473100, 15.90734669342069900 ) ) ;
#681 = ORIENTED_EDGE ( 'NONE', *, *, #945, .F. ) ;
#682 = ORIENTED_EDGE ( 'NONE', *, *, #864, .F. ) ;
#683 = CARTESIAN_POINT ( 'NONE',  ( 18.80000000000000400, 25.09999999999999100, 16.30000000000000100 ) ) ;
#684 = VERTEX_POINT ( 'NONE', #169 ) ;
#685 = DIRECTION ( 'NONE',  ( 0.0000000000000000000, 0.0000000000000000000, 1.000000000000000000 ) ) ;
#686 = VERTEX_POINT ( 'NONE', #362 ) ;
#687 = DIRECTION ( 'NONE',  ( 2.337311630789800200E-016, 1.000000000000000000, -0.0000000000000000000 ) ) ;
#688 = ORIENTED_EDGE ( 'NONE', *, *, #1617, .F. ) ;
#689 = EDGE_CURVE ( 'NONE', #2389, #1399, #1104, .T. ) ;
#690 = CARTESIAN_POINT ( 'NONE',  ( 15.30000000000000800, 25.06500453458960800, 15.90000000000000000 ) ) ;
#691 = EDGE_CURVE ( 'NONE', #1050, #925, #1565, .T. ) ;
#692 = CARTESIAN_POINT ( 'NONE',  ( 37.29999999999999000, 23.39989174012896100, -2.799999999999999800 ) ) ;
#693 = CARTESIAN_POINT ( 'NONE',  ( 38.89996789255076200, 25.49978348025791800, 16.30000000000000100 ) ) ;
#694 = EDGE_CURVE ( 'NONE', #1091, #1952, #45, .T. ) ;
#695 = CARTESIAN_POINT ( 'NONE',  ( 18.80000000000000100, -1.265004534589636600, 15.90000000000000000 ) ) ;
#696 = ORIENTED_EDGE ( 'NONE', *, *, #660, .T. ) ;
#697 = VECTOR ( 'NONE', #2223, 1000.000000000000000 ) ;
#698 = AXIS2_PLACEMENT_3D ( 'NONE', #1608, #230, #1620 ) ;
#699 = LINE ( 'NONE', #292, #1164 ) ;
#700 = ADVANCED_FACE ( 'NONE', ( #511 ), #2552, .F. ) ;
#701 = LINE ( 'NONE', #1421, #633 ) ;
#702 = LINE ( 'NONE', #939, #576 ) ;
#703 = ADVANCED_FACE ( 'NONE', ( #1509 ), #1967, .T. ) ;
#704 = EDGE_CURVE ( 'NONE', #2045, #241, #449, .T. ) ;
#705 = LINE ( 'NONE', #165, #1170 ) ;
#706 = FACE_BOUND ( 'NONE', #1301, .T. ) ;
#707 = DIRECTION ( 'NONE',  ( 0.0000000000000000000, 0.0000000000000000000, 1.000000000000000000 ) ) ;
#708 = VERTEX_POINT ( 'NONE', #1963 ) ;
#709 = ORIENTED_EDGE ( 'NONE', *, *, #2161, .F. ) ;
#710 = CARTESIAN_POINT ( 'NONE',  ( 2.299999999999999800, 1.700000000000000000, 1.000000000000000000 ) ) ;
#711 = DIRECTION ( 'NONE',  ( -0.0000000000000000000, -1.000000000000000000, -0.0000000000000000000 ) ) ;
#712 = ADVANCED_FACE ( 'NONE', ( #973 ), #2442, .T. ) ;
#713 = VERTEX_POINT ( 'NONE', #751 ) ;
#714 = ORIENTED_EDGE ( 'NONE', *, *, #1267, .T. ) ;
#715 = EDGE_CURVE ( 'NONE', #2458, #319, #1444, .T. ) ;
#716 = ORIENTED_EDGE ( 'NONE', *, *, #1801, .F. ) ;
#717 = ADVANCED_FACE ( 'NONE', ( #387 ), #845, .T. ) ;
#718 = CARTESIAN_POINT ( 'NONE',  ( 35.85000000000000100, 1.699999999999990900, 15.90000000000000000 ) ) ;
#719 = ORIENTED_EDGE ( 'NONE', *, *, #1061, .T. ) ;
#720 = CARTESIAN_POINT ( 'NONE',  ( 18.79999999999999000, -0.1001082598710324700, -2.600000000000000500 ) ) ;
#721 = EDGE_CURVE ( 'NONE', #1312, #893, #1380, .T. ) ;
#722 = CARTESIAN_POINT ( 'NONE',  ( 15.30000000000000800, 25.09999999999999800, 16.30000000000000100 ) ) ;
#723 =( NAMED_UNIT ( * ) SI_UNIT ( $, .STERADIAN. ) SOLID_ANGLE_UNIT ( ) );
#724 = CARTESIAN_POINT ( 'NONE',  ( -0.9751513684421695400, 25.17265976196699000, -2.595064844447534400 ) ) ;
#725 =( BOUNDED_CURVE ( )  B_SPLINE_CURVE ( 3, ( #1574, #1775, #581, #1971 ),
 .UNSPECIFIED., .F., .F. ) 
 B_SPLINE_CURVE_WITH_KNOTS ( ( 4, 4 ),
 ( 5.497939437029704600, 7.068431177329459900 ),
 .UNSPECIFIED. ) 
 CURVE ( )  GEOMETRIC_REPRESENTATION_ITEM ( )  RATIONAL_B_SPLINE_CURVE ( ( 1.000000000000000000, 0.8048096403827808000, 0.8048096403827808000, 1.000000000000000000 ) ) 
 REPRESENTATION_ITEM ( '' )  );
#726 = ORIENTED_EDGE ( 'NONE', *, *, #1288, .F. ) ;
#727 = ADVANCED_FACE ( 'NONE', ( #2505 ), #1325, .T. ) ;
#728 = DIRECTION ( 'NONE',  ( 0.9998476951563912700, 0.0000000000000000000, -0.01745240643728344200 ) ) ;
#729 = LINE ( 'NONE', #621, #198 ) ;
#730 = ADVANCED_FACE ( 'NONE', ( #1911 ), #264, .T. ) ;
#731 = CARTESIAN_POINT ( 'NONE',  ( -1.392909714157681800, 14.89989174012896100, 15.90000000000000000 ) ) ;
#732 = CARTESIAN_POINT ( 'NONE',  ( -1.392879260147639400, 24.99281668477099000, 15.89825529093299200 ) ) ;
#733 = VECTOR ( 'NONE', #3, 1000.000000000000000 ) ;
#734 = DIRECTION ( 'NONE',  ( 1.000000000000000000, 0.0000000000000000000, 0.0000000000000000000 ) ) ;
#735 = AXIS2_PLACEMENT_3D ( 'NONE', #1285, #96, #1483 ) ;
#736 = FACE_OUTER_BOUND ( 'NONE', #2051, .T. ) ;
#737 = AXIS2_PLACEMENT_3D ( 'NONE', #453, #1839, #650 ) ;
#738 = VECTOR ( 'NONE', #150, 1000.000000000000100 ) ;
#739 = ORIENTED_EDGE ( 'NONE', *, *, #1136, .T. ) ;
#740 = VECTOR ( 'NONE', #92, 1000.000000000000000 ) ;
#741 = EDGE_CURVE ( 'NONE', #658, #1776, #786, .T. ) ;
#742 = DIRECTION ( 'NONE',  ( -0.0000000000000000000, -0.0000000000000000000, 1.000000000000000000 ) ) ;
#743 = LINE ( 'NONE', #302, #207 ) ;
#744 = DIRECTION ( 'NONE',  ( 0.0000000000000000000, 0.0000000000000000000, -1.000000000000000000 ) ) ;
#745 = ORIENTED_EDGE ( 'NONE', *, *, #2145, .F. ) ;
#746 = AXIS2_PLACEMENT_3D ( 'NONE', #1184, #1781, #589 ) ;
#747 = ORIENTED_EDGE ( 'NONE', *, *, #1094, .F. ) ;
#748 = DIRECTION ( 'NONE',  ( -0.0000000000000000000, -0.0000000000000000000, -1.000000000000000000 ) ) ;
#749 = ORIENTED_EDGE ( 'NONE', *, *, #1215, .T. ) ;
#750 = PRODUCT_DEFINITION_CONTEXT ( 'detailed design', #927, 'design' ) ;
#751 = CARTESIAN_POINT ( 'NONE',  ( 1.749999999999996400, 1.699999999999998600, 15.90000000000000000 ) ) ;
#752 = ORIENTED_EDGE ( 'NONE', *, *, #1665, .F. ) ;
#753 = DIRECTION ( 'NONE',  ( 1.000000000000000000, 1.095623836997170000E-016, -0.0000000000000000000 ) ) ;
#754 = OPEN_SHELL ( 'NONE', ( #1888, #712, #1122 ) ) ;
#755 = DIRECTION ( 'NONE',  ( 0.0000000000000000000, -0.0000000000000000000, -1.000000000000000000 ) ) ;
#756 = CARTESIAN_POINT ( 'NONE',  ( -0.9998917401289688600, 14.89989174012895900, 16.30000000000000100 ) ) ;
#757 = EDGE_CURVE ( 'NONE', #2312, #427, #2378, .T. ) ;
#758 = EDGE_CURVE ( 'NONE', #443, #2115, #336, .T. ) ;
#759 = CARTESIAN_POINT ( 'NONE',  ( -1.292924944642046100, 24.99281668477099000, 16.30000000000000100 ) ) ;
#760 = LINE ( 'NONE', #226, #2290 ) ;
#761 = CARTESIAN_POINT ( 'NONE',  ( 34.74999999999999300, 1.699999999999990900, 16.30000000000000100 ) ) ;
#762 = LINE ( 'NONE', #2461, #2293 ) ;
#763 = VECTOR ( 'NONE', #2199, 1000.000000000000000 ) ;
#764 = VECTOR ( 'NONE', #483, 1000.000000000000100 ) ;
#765 = VECTOR ( 'NONE', #1262, 1000.000000000000000 ) ;
#766 = CARTESIAN_POINT ( 'NONE',  ( 18.80000000000000400, 24.49999999999999600, 16.30000000000000100 ) ) ;
#767 = VECTOR ( 'NONE', #674, 1000.000000000000000 ) ;
#768 = DIRECTION ( 'NONE',  ( -1.000000000000000000, 2.337311630789800200E-016, 0.0000000000000000000 ) ) ;
#769 = EDGE_CURVE ( 'NONE', #1422, #1012, #2326, .T. ) ;
#770 = ORIENTED_EDGE ( 'NONE', *, *, #502, .F. ) ;
#771 = CARTESIAN_POINT ( 'NONE',  ( 39.19283497270900800, 25.49978348025791800, 16.30000000000000100 ) ) ;
#772 = ORIENTED_EDGE ( 'NONE', *, *, #2419, .T. ) ;
#773 = ORIENTED_EDGE ( 'NONE', *, *, #1992, .T. ) ;
#774 = DIRECTION ( 'NONE',  ( 2.337311630789800200E-016, 1.000000000000000000, 0.0000000000000000000 ) ) ;
#775 = ORIENTED_EDGE ( 'NONE', *, *, #1343, .T. ) ;
#776 = AXIS2_PLACEMENT_3D ( 'NONE', #1808, #1515, #328 ) ;
#777 = ORIENTED_EDGE ( 'NONE', *, *, #2013, .F. ) ;
#778 = PLANE ( 'NONE',  #746 ) ;
#779 = ORIENTED_EDGE ( 'NONE', *, *, #1832, .F. ) ;
#780 = AXIS2_PLACEMENT_3D ( 'NONE', #377, #1366, #774 ) ;
#781 = CARTESIAN_POINT ( 'NONE',  ( 22.30000000000000100, -1.265004534589636600, 15.90000000000000000 ) ) ;
#782 = EDGE_LOOP ( 'NONE', ( #2148, #101, #894, #2241, #392 ) ) ;
#783 = ORIENTED_EDGE ( 'NONE', *, *, #1233, .T. ) ;
#784 = CARTESIAN_POINT ( 'NONE',  ( 38.57515136844219200, 18.53314174012896100, -2.299999999999999800 ) ) ;
#785 = CYLINDRICAL_SURFACE ( 'NONE', #2349, 0.5500000000000001600 ) ;
#786 = LINE ( 'NONE', #1584, #1847 ) ;
#787 = VECTOR ( 'NONE', #76, 1000.000000000000000 ) ;
#788 = PLANE ( 'NONE',  #1146 ) ;
#789 = LINE ( 'NONE', #2127, #2330 ) ;
#790 = VECTOR ( 'NONE', #138, 1000.000000000000000 ) ;
#791 = VERTEX_POINT ( 'NONE', #575 ) ;
#792 = VECTOR ( 'NONE', #1283, 1000.000000000000000 ) ;
#793 = CARTESIAN_POINT ( 'NONE',  ( 15.30000000000000100, 11.89999999999999500, 16.30000000000000100 ) ) ;
#794 = EDGE_CURVE ( 'NONE', #463, #1711, #1723, .T. ) ;
#795 = DIRECTION ( 'NONE',  ( 1.000000000000000000, -2.337311630789800200E-016, 0.0000000000000000000 ) ) ;
#796 = ORIENTED_EDGE ( 'NONE', *, *, #566, .F. ) ;
#797 = EDGE_CURVE ( 'NONE', #2516, #193, #199, .T. ) ;
#798 = VERTEX_POINT ( 'NONE', #1193 ) ;
#799 = CARTESIAN_POINT ( 'NONE',  ( 37.79999999999999000, 11.89989174012896100, -2.600000000000000500 ) ) ;
#800 = ORIENTED_EDGE ( 'NONE', *, *, #1306, .T. ) ;
#801 = ORIENTED_EDGE ( 'NONE', *, *, #826, .F. ) ;
#802 = PRODUCT_DEFINITION ( 'UNKNOWN', '', #938, #750 ) ;
#803 = DIRECTION ( 'NONE',  ( 0.0000000000000000000, 0.0000000000000000000, -1.000000000000000000 ) ) ;
#804 = PLANE ( 'NONE',  #1986 ) ;
#805 = DIRECTION ( 'NONE',  ( 0.0000000000000000000, 1.000000000000000000, 0.0000000000000000000 ) ) ;
#806 = DIRECTION ( 'NONE',  ( -0.01744974916068269300, -0.01744974916068269300, 0.9996954598818875700 ) ) ;
#807 = DIRECTION ( 'NONE',  ( 0.9998476951563912700, 0.0000000000000000000, -0.01745240643728380300 ) ) ;
#808 = EDGE_CURVE ( 'NONE', #427, #686, #1192, .T. ) ;
#809 = EDGE_CURVE ( 'NONE', #1249, #1787, #2193, .T. ) ;
#810 = CIRCLE ( 'NONE', #1861, 0.5000000000000004400 ) ;
#811 = DIRECTION ( 'NONE',  ( 0.0000000000000000000, 0.0000000000000000000, 1.000000000000000000 ) ) ;
#812 = CARTESIAN_POINT ( 'NONE',  ( 38.85746138795176600, -1.299102265886234600, 16.30000000000000100 ) ) ;
#813 = EDGE_CURVE ( 'NONE', #1243, #1769, #139, .T. ) ;
#814 = VECTOR ( 'NONE', #851, 1000.000000000000000 ) ;
#815 = AXIS2_PLACEMENT_3D ( 'NONE', #1658, #676, #2062 ) ;
#816 = DIRECTION ( 'NONE',  ( 0.01744974916068259300, 0.01744974916068259300, 0.9996954598818875700 ) ) ;
#817 = CIRCLE ( 'NONE', #1899, 0.5000000000000004400 ) ;
#818 = LINE ( 'NONE', #2460, #1814 ) ;
#819 = CARTESIAN_POINT ( 'NONE',  ( 35.85000000000000100, 1.699999999999990900, 16.30000000000000100 ) ) ;
#820 = FACE_OUTER_BOUND ( 'NONE', #326, .T. ) ;
#821 = DIRECTION ( 'NONE',  ( 0.0000000000000000000, 0.0000000000000000000, 1.000000000000000000 ) ) ;
#822 = PLANE ( 'NONE',  #1044 ) ;
#823 = VERTEX_POINT ( 'NONE', #1472 ) ;
#824 = CARTESIAN_POINT ( 'NONE',  ( -0.9751513684421595500, -1.375243091029252600, -2.304066572323177000 ) ) ;
#825 = ORIENTED_EDGE ( 'NONE', *, *, #551, .T. ) ;
#826 = EDGE_CURVE ( 'NONE', #2458, #647, #78, .T. ) ;
#827 = ORIENTED_EDGE ( 'NONE', *, *, #558, .T. ) ;
#828 = ORIENTED_EDGE ( 'NONE', *, *, #1371, .T. ) ;
#829 = CARTESIAN_POINT ( 'NONE',  ( -1.399891740128967400, 8.899891740128961000, 16.30000000000000100 ) ) ;
#830 = VERTEX_POINT ( 'NONE', #490 ) ;
#831 = DIRECTION ( 'NONE',  ( -0.0000000000000000000, -1.000000000000000000, 0.0000000000000000000 ) ) ;
#832 = DIRECTION ( 'NONE',  ( -1.000000000000000000, 3.891252208553212000E-031, 6.792205995236635700E-033 ) ) ;
#833 = EDGE_LOOP ( 'NONE', ( #342, #1840, #1206, #888 ) ) ;
#834 = CARTESIAN_POINT ( 'NONE',  ( -0.9751513684420868300, -0.8665804155741990700, -2.799924665590958700 ) ) ;
#835 = DIRECTION ( 'NONE',  ( 0.0000000000000000000, 0.0000000000000000000, 1.000000000000000000 ) ) ;
#836 = DIRECTION ( 'NONE',  ( 0.0000000000000000000, 1.000000000000000000, 0.0000000000000000000 ) ) ;
#837 = ORIENTED_EDGE ( 'NONE', *, *, #2371, .T. ) ;
#838 = EDGE_CURVE ( 'NONE', #1277, #1154, #1655, .T. ) ;
#839 = CARTESIAN_POINT ( 'NONE',  ( 18.80000000000000800, 24.80000000000000400, 15.90000000000000000 ) ) ;
#840 = VERTEX_POINT ( 'NONE', #297 ) ;
#841 = DIRECTION ( 'NONE',  ( -0.0000000000000000000, -1.000000000000000000, -0.0000000000000000000 ) ) ;
#842 = LINE ( 'NONE', #1009, #1843 ) ;
#843 = DIRECTION ( 'NONE',  ( 0.08715574274767468000, 0.0000000000000000000, -0.9961946980917439900 ) ) ;
#844 = EDGE_CURVE ( 'NONE', #567, #470, #1589, .T. ) ;
#845 = CYLINDRICAL_SURFACE ( 'NONE', #344, 0.5000000000000000000 ) ;
#846 = LINE ( 'NONE', #2052, #787 ) ;
#847 = FACE_OUTER_BOUND ( 'NONE', #2488, .T. ) ;
#848 = CARTESIAN_POINT ( 'NONE',  ( 22.30000000000000100, 11.89999999999999500, 16.30000000000000100 ) ) ;
#849 = CARTESIAN_POINT ( 'NONE',  ( -1.475075216020360400, -0.8752596283131949300, -2.308726203218641500 ) ) ;
#850 = VECTOR ( 'NONE', #1324, 1000.000000000000000 ) ;
#851 = DIRECTION ( 'NONE',  ( -1.000000000000000000, 0.0000000000000000000, -0.0000000000000000000 ) ) ;
#852 = ORIENTED_EDGE ( 'NONE', *, *, #998, .T. ) ;
#853 = LINE ( 'NONE', #1464, #343 ) ;
#854 = CARTESIAN_POINT ( 'NONE',  ( 21.79999999999999400, -1.299999999999997200, 16.30000000000000100 ) ) ;
#855 = CARTESIAN_POINT ( 'NONE',  ( 35.29999999999999700, 1.699999999999990900, 16.30000000000000100 ) ) ;
#856 = FACE_OUTER_BOUND ( 'NONE', #1207, .T. ) ;
#857 = DIRECTION ( 'NONE',  ( 1.000000000000000000, 0.0000000000000000000, 0.0000000000000000000 ) ) ;
#858 = AXIS2_PLACEMENT_3D ( 'NONE', #2297, #1099, #2496 ) ;
#859 = EDGE_LOOP ( 'NONE', ( #2083, #610, #1431, #1116, #1708 ) ) ;
#860 = AXIS2_PLACEMENT_3D ( 'NONE', #1028, #1231, #43 ) ;
#861 = DIRECTION ( 'NONE',  ( -0.7071067811865474600, -0.0000000000000000000, -0.7071067811865474600 ) ) ;
#862 = CARTESIAN_POINT ( 'NONE',  ( 38.40000000000000600, 8.399999999999991500, 15.90000000000000000 ) ) ;
#863 = ORIENTED_EDGE ( 'NONE', *, *, #2067, .T. ) ;
#864 = EDGE_CURVE ( 'NONE', #1012, #496, #541, .T. ) ;
#865 = CARTESIAN_POINT ( 'NONE',  ( 38.57515136844514800, 24.67504310857019000, -2.799999999999995800 ) ) ;
#866 = EDGE_CURVE ( 'NONE', #1017, #367, #2063, .T. ) ;
#867 = CARTESIAN_POINT ( 'NONE',  ( 2.299999999999999800, 1.700000000000000000, 22.30000000000000100 ) ) ;
#868 = EDGE_LOOP ( 'NONE', ( #2420, #2184, #796, #1397 ) ) ;
#869 = ORIENTED_EDGE ( 'NONE', *, *, #660, .F. ) ;
#870 = CARTESIAN_POINT ( 'NONE',  ( 35.29999999999999700, 14.40000000000000600, 1.000000000000000000 ) ) ;
#871 = DIRECTION ( 'NONE',  ( 0.0000000000000000000, 0.0000000000000000000, 1.000000000000000000 ) ) ;
#872 = DIRECTION ( 'NONE',  ( 1.000000000000000000, 2.168404344971008900E-016, 8.673617379884035500E-016 ) ) ;
#873 = CARTESIAN_POINT ( 'NONE',  ( 38.86773127510534200, -1.161576294686706100, -2.805046101309186700 ) ) ;
#874 = DIRECTION ( 'NONE',  ( -0.0000000000000000000, -0.0000000000000000000, 1.000000000000000000 ) ) ;
#875 = DIRECTION ( 'NONE',  ( -0.0000000000000000000, -0.0000000000000000000, -1.000000000000000000 ) ) ;
#876 = FACE_OUTER_BOUND ( 'NONE', #1176, .T. ) ;
#877 = CARTESIAN_POINT ( 'NONE',  ( -1.399891740128968800, 14.89989174012896100, 16.30000000000000100 ) ) ;
#878 = DIRECTION ( 'NONE',  ( -1.000000000000000000, 0.0000000000000000000, -0.0000000000000000000 ) ) ;
#879 = EDGE_CURVE ( 'NONE', #372, #2493, #596, .T. ) ;
#880 = LINE ( 'NONE', #1648, #814 ) ;
#881 = DIRECTION ( 'NONE',  ( 0.0000000000000000000, 0.0000000000000000000, 1.000000000000000000 ) ) ;
#882 = LINE ( 'NONE', #1777, #1481 ) ;
#883 = FACE_OUTER_BOUND ( 'NONE', #2011, .T. ) ;
#884 = EDGE_CURVE ( 'NONE', #2534, #1154, #481, .T. ) ;
#885 = FACE_OUTER_BOUND ( 'NONE', #994, .T. ) ;
#886 = DIRECTION ( 'NONE',  ( -0.0000000000000000000, -0.0000000000000000000, 1.000000000000000000 ) ) ;
#887 = DIRECTION ( 'NONE',  ( -1.000000000000000000, 0.0000000000000000000, -0.0000000000000000000 ) ) ;
#888 = ORIENTED_EDGE ( 'NONE', *, *, #2345, .T. ) ;
#889 = ADVANCED_FACE ( 'NONE', ( #1540 ), #409, .T. ) ;
#890 = ADVANCED_FACE ( 'NONE', ( #2530 ), #1938, .T. ) ;
#891 = ORIENTED_EDGE ( 'NONE', *, *, #1633, .T. ) ;
#892 = DIRECTION ( 'NONE',  ( 0.0000000000000000000, 0.0000000000000000000, -1.000000000000000000 ) ) ;
#893 = VERTEX_POINT ( 'NONE', #1110 ) ;
#894 = ORIENTED_EDGE ( 'NONE', *, *, #324, .F. ) ;
#895 = ORIENTED_EDGE ( 'NONE', *, *, #1335, .F. ) ;
#896 = VERTEX_POINT ( 'NONE', #901 ) ;
#897 = ORIENTED_EDGE ( 'NONE', *, *, #35, .T. ) ;
#898 = CARTESIAN_POINT ( 'NONE',  ( -1.299967892550773200, 25.49978348025792100, 16.30000000000000100 ) ) ;
#899 = EDGE_CURVE ( 'NONE', #127, #2240, #1476, .T. ) ;
#900 = CARTESIAN_POINT ( 'NONE',  ( 34.79999999999999700, 1.700000000000000000, 1.000000000000000000 ) ) ;
#901 = CARTESIAN_POINT ( 'NONE',  ( 2.799999999999999800, 20.69999999999999900, 1.000000000000000000 ) ) ;
#902 = ADVANCED_FACE ( 'NONE', ( #941 ), #1705, .T. ) ;
#903 = VERTEX_POINT ( 'NONE', #2309 ) ;
#904 = AXIS2_PLACEMENT_3D ( 'NONE', #2082, #881, #2285 ) ;
#905 = ADVANCED_FACE ( 'NONE', ( #2400 ), #1646, .F. ) ;
#906 = DIRECTION ( 'NONE',  ( 1.000000000000000000, 0.0000000000000000000, 0.0000000000000000000 ) ) ;
#907 = DIRECTION ( 'NONE',  ( 1.000000000000000000, 0.0000000000000000000, -0.0000000000000000000 ) ) ;
#908 = VERTEX_POINT ( 'NONE', #718 ) ;
#909 = FACE_BOUND ( 'NONE', #2392, .T. ) ;
#910 = CARTESIAN_POINT ( 'NONE',  ( -0.9751513684421677700, 24.67504310857115300, -2.800000000000000300 ) ) ;
#911 = VECTOR ( 'NONE', #940, 1000.000000000000100 ) ;
#912 = CYLINDRICAL_SURFACE ( 'NONE', #2252, 0.5000000000000004400 ) ;
#913 = LINE ( 'NONE', #2429, #390 ) ;
#914 = CARTESIAN_POINT ( 'NONE',  ( -1.399891740128971900, 25.09978348025796200, 16.30000000000000100 ) ) ;
#915 = DIRECTION ( 'NONE',  ( -2.337311630789800200E-016, -1.000000000000000000, 0.0000000000000000000 ) ) ;
#916 = APPLICATION_PROTOCOL_DEFINITION ( 'draft international standard', 'automotive_design', 1998, #1127 ) ;
#917 = ADVANCED_FACE ( 'NONE', ( #876 ), #1403, .T. ) ;
#918 = LINE ( 'NONE', #533, #850 ) ;
#919 = ORIENTED_EDGE ( 'NONE', *, *, #809, .F. ) ;
#920 = LINE ( 'NONE', #1654, #1572 ) ;
#921 = ADVANCED_FACE ( 'NONE', ( #1880 ), #804, .T. ) ;
#922 = CARTESIAN_POINT ( 'NONE',  ( -1.475134831158227300, 24.96792664006796500, -2.304066572323185500 ) ) ;
#923 = LINE ( 'NONE', #90, #1858 ) ;
#924 = AXIS2_PLACEMENT_3D ( 'NONE', #507, #707, #2096 ) ;
#925 = VERTEX_POINT ( 'NONE', #1993 ) ;
#926 = CARTESIAN_POINT ( 'NONE',  ( 1.749999999999996400, 1.699999999999998600, 16.30000000000000100 ) ) ;
#927 = APPLICATION_CONTEXT ( 'automotive_design' ) ;
#928 = ORIENTED_EDGE ( 'NONE', *, *, #1371, .F. ) ;
#929 = ORIENTED_EDGE ( 'NONE', *, *, #1670, .T. ) ;
#930 = EDGE_CURVE ( 'NONE', #1661, #1930, #1347, .T. ) ;
#931 = EDGE_LOOP ( 'NONE', ( #1605, #1900, #1578, #1644, #965 ) ) ;
#932 = ORIENTED_EDGE ( 'NONE', *, *, #14, .F. ) ;
#933 = ORIENTED_EDGE ( 'NONE', *, *, #2009, .F. ) ;
#934 = DIRECTION ( 'NONE',  ( 2.337311630789800200E-016, 1.000000000000000000, 0.0000000000000000000 ) ) ;
#935 = DIRECTION ( 'NONE',  ( 1.000000000000000000, -2.084102870787569900E-015, 0.0000000000000000000 ) ) ;
#936 = CARTESIAN_POINT ( 'NONE',  ( -0.2000000000000098400, 23.89989174012896100, -2.799999999999999800 ) ) ;
#937 = EDGE_CURVE ( 'NONE', #560, #830, #810, .T. ) ;
#938 = PRODUCT_DEFINITION_FORMATION_WITH_SPECIFIED_SOURCE ( 'ANY', '', #2157, .NOT_KNOWN. ) ;
#939 = CARTESIAN_POINT ( 'NONE',  ( 22.30000000000000100, -1.300000000000006300, 15.90000000000000000 ) ) ;
#940 = DIRECTION ( 'NONE',  ( 0.01059760071837117200, 0.9999438438527505900, 0.0000000000000000000 ) ) ;
#941 = FACE_OUTER_BOUND ( 'NONE', #2433, .T. ) ;
#942 = LINE ( 'NONE', #259, #1294 ) ;
#943 = VECTOR ( 'NONE', #388, 1000.000000000000100 ) ;
#944 = VERTEX_POINT ( 'NONE', #18 ) ;
#945 = EDGE_CURVE ( 'NONE', #500, #372, #1806, .T. ) ;
#946 = EDGE_CURVE ( 'NONE', #1930, #2312, #1991, .T. ) ;
#947 = CARTESIAN_POINT ( 'NONE',  ( 15.30000000000000800, 25.09999999999999400, 16.30000000000000100 ) ) ;
#948 = DIRECTION ( 'NONE',  ( 0.0000000000000000000, 0.0000000000000000000, -1.000000000000000000 ) ) ;
#949 = LINE ( 'NONE', #632, #1419 ) ;
#950 = PLANE ( 'NONE',  #2025 ) ;
#951 = DIRECTION ( 'NONE',  ( 0.0000000000000000000, 0.0000000000000000000, -1.000000000000000000 ) ) ;
#952 = EDGE_CURVE ( 'NONE', #1528, #383, #760, .T. ) ;
#953 = ORIENTED_EDGE ( 'NONE', *, *, #2202, .T. ) ;
#954 = AXIS2_PLACEMENT_3D ( 'NONE', #665, #1478, #294 ) ;
#955 = DIRECTION ( 'NONE',  ( -0.01744974916068269300, 0.01744974916068259300, 0.9996954598818875700 ) ) ;
#956 = EDGE_LOOP ( 'NONE', ( #1462, #84, #592, #499 ) ) ;
#957 = VERTEX_POINT ( 'NONE', #623 ) ;
#958 = ORIENTED_EDGE ( 'NONE', *, *, #1534, .F. ) ;
#959 = ORIENTED_EDGE ( 'NONE', *, *, #1008, .F. ) ;
#960 = CARTESIAN_POINT ( 'NONE',  ( 37.29999999999999000, 23.89989174012896500, -2.799999999999999800 ) ) ;
#961 = VERTEX_POINT ( 'NONE', #1013 ) ;
#962 = AXIS2_PLACEMENT_3D ( 'NONE', #1523, #339, #1719 ) ;
#963 = ORIENTED_EDGE ( 'NONE', *, *, #1541, .F. ) ;
#964 = EDGE_CURVE ( 'NONE', #195, #1277, #1217, .T. ) ;
#965 = ORIENTED_EDGE ( 'NONE', *, *, #15, .T. ) ;
#966 = DIRECTION ( 'NONE',  ( -0.0000000000000000000, -0.0000000000000000000, 1.000000000000000000 ) ) ;
#967 = DIRECTION ( 'NONE',  ( 0.0000000000000000000, 0.0000000000000000000, -1.000000000000000000 ) ) ;
#968 = CARTESIAN_POINT ( 'NONE',  ( -1.149891740128967200, 8.899891740128961000, 16.14999999999999900 ) ) ;
#969 = ORIENTED_EDGE ( 'NONE', *, *, #715, .T. ) ;
#970 = CARTESIAN_POINT ( 'NONE',  ( 35.29999999999999700, 1.699999999999990900, 16.30000000000000100 ) ) ;
#971 = FACE_OUTER_BOUND ( 'NONE', #398, .T. ) ;
#972 = DIRECTION ( 'NONE',  ( 1.000000000000000000, 1.095290124777802200E-016, -1.911836024323195800E-018 ) ) ;
#973 = FACE_OUTER_BOUND ( 'NONE', #331, .T. ) ;
#974 = CARTESIAN_POINT ( 'NONE',  ( 18.80000000000000400, 11.89999999999999500, 16.30000000000000100 ) ) ;
#975 = EDGE_CURVE ( 'NONE', #713, #944, #225, .T. ) ;
#976 = FACE_OUTER_BOUND ( 'NONE', #2416, .T. ) ;
#977 = CIRCLE ( 'NONE', #2424, 0.5000000000000000000 ) ;
#978 = FACE_OUTER_BOUND ( 'NONE', #187, .T. ) ;
#979 = DIRECTION ( 'NONE',  ( -1.000000000000000000, 0.0000000000000000000, 0.0000000000000000000 ) ) ;
#980 = CYLINDRICAL_SURFACE ( 'NONE', #1264, 0.5000000000000004400 ) ;
#981 = EDGE_CURVE ( 'NONE', #1123, #1639, #2352, .T. ) ;
#982 = ORIENTED_EDGE ( 'NONE', *, *, #704, .F. ) ;
#983 = DIRECTION ( 'NONE',  ( 0.0000000000000000000, 1.000000000000000000, 0.0000000000000000000 ) ) ;
#984 = EDGE_LOOP ( 'NONE', ( #2313, #1457, #2049, #1375 ) ) ;
#985 = ORIENTED_EDGE ( 'NONE', *, *, #2371, .F. ) ;
#986 = ORIENTED_EDGE ( 'NONE', *, *, #539, .T. ) ;
#987 = VERTEX_POINT ( 'NONE', #37 ) ;
#988 = PLANE ( 'NONE',  #1407 ) ;
#989 =( BOUNDED_CURVE ( )  B_SPLINE_CURVE ( 3, ( #277, #1656, #2464, #1273 ),
 .UNSPECIFIED., .F., .F. ) 
 B_SPLINE_CURVE_WITH_KNOTS ( ( 4, 4 ),
 ( 5.497939437029710800, 7.068431177329447500 ),
 .UNSPECIFIED. ) 
 CURVE ( )  GEOMETRIC_REPRESENTATION_ITEM ( )  RATIONAL_B_SPLINE_CURVE ( ( 1.000000000000000000, 0.8048096403827851300, 0.8048096403827851300, 1.000000000000000000 ) ) 
 REPRESENTATION_ITEM ( '' )  );
#990 = ORIENTED_EDGE ( 'NONE', *, *, #445, .F. ) ;
#991 = AXIS2_PLACEMENT_3D ( 'NONE', #1502, #316, #1695 ) ;
#992 = AXIS2_PLACEMENT_3D ( 'NONE', #63, #1454, #262 ) ;
#993 = EDGE_CURVE ( 'NONE', #1187, #2005, #1163, .T. ) ;
#994 = EDGE_LOOP ( 'NONE', ( #1424, #432, #1706, #1527 ) ) ;
#995 = EDGE_CURVE ( 'NONE', #193, #1308, #1751, .T. ) ;
#996 = CARTESIAN_POINT ( 'NONE',  ( -1.466500000000009900, -1.366608259871040100, -2.799999999999999800 ) ) ;
#997 = CARTESIAN_POINT ( 'NONE',  ( -1.799891740128964200, -1.200076152421800900, 16.29999999999999700 ) ) ;
#998 = EDGE_CURVE ( 'NONE', #1897, #2276, #168, .T. ) ;
#999 = VECTOR ( 'NONE', #254, 1000.000000000000000 ) ;
#1000 = VECTOR ( 'NONE', #309, 1000.000000000000100 ) ;
#1001 = VECTOR ( 'NONE', #1160, 1000.000000000000000 ) ;
#1002 = CYLINDRICAL_SURFACE ( 'NONE', #2556, 0.5000000000000000000 ) ;
#1003 = ORIENTED_EDGE ( 'NONE', *, *, #1747, .F. ) ;
#1004 = AXIS2_PLACEMENT_3D ( 'NONE', #1642, #1635, #1041 ) ;
#1005 = COLOUR_RGB ( '',0.7921568627450980000, 0.8196078431372548800, 0.9333333333333333500 ) ;
#1006 = DIRECTION ( 'NONE',  ( -0.01745240643728380000, 0.0000000000000000000, -0.9998476951563911600 ) ) ;
#1007 = LINE ( 'NONE', #1909, #1080 ) ;
#1008 = EDGE_CURVE ( 'NONE', #203, #1386, #108, .T. ) ;
#1009 = CARTESIAN_POINT ( 'NONE',  ( 38.40000000000000600, 8.399999999999991500, 16.30000000000000100 ) ) ;
#1010 = ORIENTED_EDGE ( 'NONE', *, *, #1551, .T. ) ;
#1011 = EDGE_CURVE ( 'NONE', #1749, #896, #2168, .T. ) ;
#1012 = VERTEX_POINT ( 'NONE', #1834 ) ;
#1013 = CARTESIAN_POINT ( 'NONE',  ( 15.80000004476872500, 24.99603359355876000, 16.30000000000000100 ) ) ;
#1014 = CARTESIAN_POINT ( 'NONE',  ( 2.849999999999996500, 1.699999999999998600, 16.30000000000000100 ) ) ;
#1015 = CARTESIAN_POINT ( 'NONE',  ( 21.79999999999999400, -1.199999999999997100, 16.30000000000000100 ) ) ;
#1016 = EDGE_LOOP ( 'NONE', ( #1826, #1641, #2384, #783 ) ) ;
#1017 = VERTEX_POINT ( 'NONE', #1439 ) ;
#1018 = EDGE_LOOP ( 'NONE', ( #322, #2567, #2122, #379, #2084 ) ) ;
#1019 = DIRECTION ( 'NONE',  ( 1.000000000000000000, -0.0000000000000000000, 0.0000000000000000000 ) ) ;
#1020 = EDGE_LOOP ( 'NONE', ( #2206, #2572 ) ) ;
#1021 = DIRECTION ( 'NONE',  ( 0.0000000000000000000, 0.0000000000000000000, -1.000000000000000000 ) ) ;
#1022 = DIRECTION ( 'NONE',  ( 0.0000000000000000000, 0.0000000000000000000, 1.000000000000000000 ) ) ;
#1023 = CARTESIAN_POINT ( 'NONE',  ( 2.849999999999996500, 1.699999999999998600, 16.30000000000000100 ) ) ;
#1024 = DIRECTION ( 'NONE',  ( -3.891844955390492700E-031, -0.9998476951563912700, -0.01745240643728350500 ) ) ;
#1025 = VERTEX_POINT ( 'NONE', #1246 ) ;
#1026 = CARTESIAN_POINT ( 'NONE',  ( 38.84700132207422700, -1.258683611419180400, 16.30000000000000400 ) ) ;
#1027 = CARTESIAN_POINT ( 'NONE',  ( -1.270181943995344600, -1.375223576082173600, -2.306465927367139300 ) ) ;
#1028 = CARTESIAN_POINT ( 'NONE',  ( 38.99989174012898700, 14.89989174012895900, 16.30000000000000100 ) ) ;
#1029 = EDGE_CURVE ( 'NONE', #944, #713, #1562, .T. ) ;
#1030 = EDGE_LOOP ( 'NONE', ( #1189, #1607, #770, #371 ) ) ;
#1031 = VECTOR ( 'NONE', #2560, 1000.000000000000100 ) ;
#1032 = CARTESIAN_POINT ( 'NONE',  ( 8.666749999999989700, 24.67504310857116000, -2.299999999999999800 ) ) ;
#1033 = VECTOR ( 'NONE', #1758, 1000.000000000000100 ) ;
#1034 = CARTESIAN_POINT ( 'NONE',  ( 37.79999999999999000, 23.39989174012896100, -2.600000000000000500 ) ) ;
#1035 = AXIS2_PLACEMENT_3D ( 'NONE', #2320, #1125, #2513 ) ;
#1036 = AXIS2_PLACEMENT_3D ( 'NONE', #2242, #1445, #255 ) ;
#1037 = FACE_OUTER_BOUND ( 'NONE', #424, .T. ) ;
#1038 = VECTOR ( 'NONE', #2531, 1000.000000000000000 ) ;
#1039 = DIRECTION ( 'NONE',  ( 0.0000000000000000000, 0.0000000000000000000, -1.000000000000000000 ) ) ;
#1040 = VECTOR ( 'NONE', #1173, 1000.000000000000000 ) ;
#1041 = DIRECTION ( 'NONE',  ( 0.9998476951563912700, 0.0000000000000000000, 0.01745240643728340400 ) ) ;
#1042 = CIRCLE ( 'NONE', #992, 0.5000000000000004400 ) ;
#1043 = AXIS2_PLACEMENT_3D ( 'NONE', #970, #2370, #2177 ) ;
#1044 = AXIS2_PLACEMENT_3D ( 'NONE', #624, #1024, #2418 ) ;
#1045 = DIRECTION ( 'NONE',  ( 0.0000000000000000000, 0.0000000000000000000, 1.000000000000000000 ) ) ;
#1046 = ORIENTED_EDGE ( 'NONE', *, *, #1610, .F. ) ;
#1047 = DIRECTION ( 'NONE',  ( 0.0000000000000000000, 0.0000000000000000000, -1.000000000000000000 ) ) ;
#1048 = CARTESIAN_POINT ( 'NONE',  ( 18.80000000000000400, -1.300000000000004300, 16.30000000000000100 ) ) ;
#1049 = ORIENTED_EDGE ( 'NONE', *, *, #2291, .F. ) ;
#1050 = VERTEX_POINT ( 'NONE', #1449 ) ;
#1051 = EDGE_LOOP ( 'NONE', ( #1339, #1316, #315, #1898 ) ) ;
#1052 = CARTESIAN_POINT ( 'NONE',  ( 0.0000000000000000000, 0.0000000000000000000, 15.90000000000000000 ) ) ;
#1053 = ORIENTED_EDGE ( 'NONE', *, *, #1400, .T. ) ;
#1054 = CARTESIAN_POINT ( 'NONE',  ( -1.304452952514218600, 25.07968085057600000, 16.29999999999999700 ) ) ;
#1055 = CARTESIAN_POINT ( 'NONE',  ( -1.391809265711711400, 14.90066880497281000, 15.83695535075373500 ) ) ;
#1056 = ORIENTED_EDGE ( 'NONE', *, *, #276, .F. ) ;
#1057 = AXIS2_PLACEMENT_3D ( 'NONE', #2103, #516, #1906 ) ;
#1058 = DIRECTION ( 'NONE',  ( -1.000000000000000000, 0.0000000000000000000, 0.0000000000000000000 ) ) ;
#1059 = DIRECTION ( 'NONE',  ( -1.000000000000000000, 0.0000000000000000000, 0.0000000000000000000 ) ) ;
#1060 = ORIENTED_EDGE ( 'NONE', *, *, #1126, .F. ) ;
#1061 = EDGE_CURVE ( 'NONE', #1025, #2516, #1185, .T. ) ;
#1062 = CARTESIAN_POINT ( 'NONE',  ( 37.29999999999999000, 23.89989174012896500, -2.799999999999999800 ) ) ;
#1063 = DIRECTION ( 'NONE',  ( -0.0000000000000000000, -0.0000000000000000000, -1.000000000000000000 ) ) ;
#1064 = DIRECTION ( 'NONE',  ( -2.337311630789800200E-016, -1.000000000000000000, 0.0000000000000000000 ) ) ;
#1065 = CARTESIAN_POINT ( 'NONE',  ( 38.74561984779831600, 24.96605100565730200, -2.799999999999567700 ) ) ;
#1066 = DIRECTION ( 'NONE',  ( -1.000000000000000000, 0.0000000000000000000, -0.0000000000000000000 ) ) ;
#1067 = VECTOR ( 'NONE', #450, 1000.000000000000000 ) ;
#1068 = VECTOR ( 'NONE', #2085, 1000.000000000000000 ) ;
#1069 = EDGE_CURVE ( 'NONE', #127, #1928, #2101, .T. ) ;
#1070 = DIRECTION ( 'NONE',  ( 1.000000000000000000, 0.0000000000000000000, 0.0000000000000000000 ) ) ;
#1071 = VECTOR ( 'NONE', #220, 1000.000000000000100 ) ;
#1072 = PRODUCT_RELATED_PRODUCT_CATEGORY ( 'part', '', ( #2157 ) ) ;
#1073 = PLANE ( 'NONE',  #1358 ) ;
#1074 = FACE_OUTER_BOUND ( 'NONE', #1239, .T. ) ;
#1075 = CARTESIAN_POINT ( 'NONE',  ( 35.85000000000000900, 14.39999999999999000, 15.90000000000000000 ) ) ;
#1076 = ORIENTED_EDGE ( 'NONE', *, *, #2489, .T. ) ;
#1077 = VECTOR ( 'NONE', #711, 1000.000000000000000 ) ;
#1078 = CARTESIAN_POINT ( 'NONE',  ( 39.07783548637778600, -1.165631582240788800, -2.306450096424335100 ) ) ;
#1079 = CARTESIAN_POINT ( 'NONE',  ( -1.100000000000003600, 15.40000000000000000, 15.90000000000000000 ) ) ;
#1080 = VECTOR ( 'NONE', #1222, 1000.000000000000200 ) ;
#1081 = EDGE_LOOP ( 'NONE', ( #2341, #1581, #739, #726 ) ) ;
#1082 = CARTESIAN_POINT ( 'NONE',  ( 38.40000000000000600, 15.39999999999999000, 16.30000000000000100 ) ) ;
#1083 = CARTESIAN_POINT ( 'NONE',  ( 38.56055735360809000, 24.66044909373706100, -3.136090549882270200 ) ) ;
#1084 = VERTEX_POINT ( 'NONE', #1458 ) ;
#1085 = EDGE_CURVE ( 'NONE', #1386, #567, #2555, .T. ) ;
#1086 = EDGE_CURVE ( 'NONE', #2276, #1321, #41, .T. ) ;
#1087 = DIRECTION ( 'NONE',  ( 1.000000000000000000, 0.0000000000000000000, -0.0000000000000000000 ) ) ;
#1088 = ORIENTED_EDGE ( 'NONE', *, *, #2450, .F. ) ;
#1089 = DIRECTION ( 'NONE',  ( 0.0000000000000000000, 0.0000000000000000000, -1.000000000000000000 ) ) ;
#1090 = ORIENTED_EDGE ( 'NONE', *, *, #1157, .F. ) ;
#1091 = VERTEX_POINT ( 'NONE', #189 ) ;
#1092 = VERTEX_POINT ( 'NONE', #1376 ) ;
#1093 = CARTESIAN_POINT ( 'NONE',  ( 21.79999999999999400, -1.289526268318032400, 15.69996031380938300 ) ) ;
#1094 = EDGE_CURVE ( 'NONE', #798, #2569, #725, .T. ) ;
#1095 = ADVANCED_FACE ( 'NONE', ( #2501 ), #2377, .F. ) ;
#1096 = AXIS2_PLACEMENT_3D ( 'NONE', #1872, #2465, #1278 ) ;
#1097 = ADVANCED_FACE ( 'NONE', ( #446 ), #778, .T. ) ;
#1098 = DIRECTION ( 'NONE',  ( 0.01744974916067991400, -0.01744974916068267600, 0.9996954598818874600 ) ) ;
#1099 = DIRECTION ( 'NONE',  ( 0.0000000000000000000, 0.0000000000000000000, 1.000000000000000000 ) ) ;
#1100 = ORIENTED_EDGE ( 'NONE', *, *, #1384, .F. ) ;
#1101 = VECTOR ( 'NONE', #2317, 1000.000000000000000 ) ;
#1102 = CARTESIAN_POINT ( 'NONE',  ( 18.79999999999999000, 8.899891740128961000, 16.30000000000000100 ) ) ;
#1103 = EDGE_CURVE ( 'NONE', #647, #357, #1507, .T. ) ;
#1104 = LINE ( 'NONE', #563, #1033 ) ;
#1105 = PLANE ( 'NONE',  #2192 ) ;
#1106 = ADVANCED_FACE ( 'NONE', ( #971, #909 ), #788, .T. ) ;
#1107 = FACE_OUTER_BOUND ( 'NONE', #2545, .T. ) ;
#1108 = LINE ( 'NONE', #2346, #2106 ) ;
#1109 = ADVANCED_FACE ( 'NONE', ( #1966 ), #988, .T. ) ;
#1110 = CARTESIAN_POINT ( 'NONE',  ( -1.292924944642046100, 24.99281668477099000, 16.30000000000000100 ) ) ;
#1111 = LINE ( 'NONE', #1559, #2176 ) ;
#1112 = FACE_OUTER_BOUND ( 'NONE', #428, .T. ) ;
#1113 = CARTESIAN_POINT ( 'NONE',  ( 20.29999999999999000, -0.8999999999999973600, 15.99999999999999600 ) ) ;
#1114 = ORIENTED_EDGE ( 'NONE', *, *, #2469, .T. ) ;
#1115 = EDGE_CURVE ( 'NONE', #1749, #644, #1442, .T. ) ;
#1116 = ORIENTED_EDGE ( 'NONE', *, *, #1795, .F. ) ;
#1117 = CARTESIAN_POINT ( 'NONE',  ( -0.9751513684421661000, 24.67504310857115600, -2.800000000000001200 ) ) ;
#1118 = ADVANCED_FACE ( 'NONE', ( #385 ), #1402, .F. ) ;
#1119 = ORIENTED_EDGE ( 'NONE', *, *, #1809, .T. ) ;
#1120 = VERTEX_POINT ( 'NONE', #400 ) ;
#1121 = OPEN_SHELL ( 'NONE', ( #2316, #1292, #2299, #727, #1913, #131, #1132, #889, #517, #2519, #506, #334, #103, #116, #917, #104, #332, #2502, #492, #1109, #1717, #1499, #2304, #2500, #2114, #1329, #1510, #2491, #1702, #2327, #2495, #717, #534, #703, #1106, #2100, #1529, #2102, #1927, #1318, #1715, #2087, #905, #1118, #1302, #321, #2092, #2113, #2286, #1901, #1513, #130, #1887, #520, #1290, #119, #504, #2315, #700, #308, #1500, #1097, #1303, #921, #1687, #902, #1525, #1095, #1689, #317 ) ) ;
#1122 = ADVANCED_FACE ( 'NONE', ( #1908 ), #1990, .F. ) ;
#1123 = VERTEX_POINT ( 'NONE', #1797 ) ;
#1124 = CARTESIAN_POINT ( 'NONE',  ( 2.299999999999999800, 20.69999999999999900, 22.30000000000000100 ) ) ;
#1125 = DIRECTION ( 'NONE',  ( -3.608473079635731100E-015, 7.888609052210118100E-031, 1.000000000000000000 ) ) ;
#1126 = EDGE_CURVE ( 'NONE', #2005, #2428, #333, .T. ) ;
#1127 = APPLICATION_CONTEXT ( 'automotive_design' ) ;
#1128 = AXIS2_PLACEMENT_3D ( 'NONE', #692, #1678, #296 ) ;
#1129 = DIRECTION ( 'NONE',  ( -0.0000000000000000000, 0.0000000000000000000, 1.000000000000000000 ) ) ;
#1130 = CARTESIAN_POINT ( 'NONE',  ( 18.80000000000000400, 15.40000000000000000, 16.30000000000000100 ) ) ;
#1131 = ORIENTED_EDGE ( 'NONE', *, *, #2201, .T. ) ;
#1132 = ADVANCED_FACE ( 'NONE', ( #2376 ), #785, .T. ) ;
#1133 = LINE ( 'NONE', #440, #2134 ) ;
#1134 = AXIS2_PLACEMENT_3D ( 'NONE', #1434, #2427, #1423 ) ;
#1135 = VECTOR ( 'NONE', #1293, 1000.000000000000100 ) ;
#1136 = EDGE_CURVE ( 'NONE', #1905, #60, #842, .T. ) ;
#1137 = EDGE_CURVE ( 'NONE', #470, #1277, #1379, .T. ) ;
#1138 = CARTESIAN_POINT ( 'NONE',  ( 2.299999999999999800, 20.69999999999999900, 22.30000000000000100 ) ) ;
#1139 = LINE ( 'NONE', #2215, #11 ) ;
#1140 = DIRECTION ( 'NONE',  ( -1.000000000000000000, -1.168655815394900100E-016, 0.0000000000000000000 ) ) ;
#1141 = FACE_OUTER_BOUND ( 'NONE', #24, .T. ) ;
#1142 = ORIENTED_EDGE ( 'NONE', *, *, #2298, .T. ) ;
#1143 = LINE ( 'NONE', #1505, #1077 ) ;
#1144 = EDGE_CURVE ( 'NONE', #494, #684, #1322, .T. ) ;
#1145 = VECTOR ( 'NONE', #1894, 1000.000000000000000 ) ;
#1146 = AXIS2_PLACEMENT_3D ( 'NONE', #2386, #200, #1585 ) ;
#1147 = DIRECTION ( 'NONE',  ( 0.7071067811865381400, -4.088782444488982700E-015, -0.7071067811865570100 ) ) ;
#1148 = CARTESIAN_POINT ( 'NONE',  ( 0.2999999999999901600, 0.3998917401289700500, -2.799999999999999800 ) ) ;
#1149 = ORIENTED_EDGE ( 'NONE', *, *, #1794, .F. ) ;
#1150 = CARTESIAN_POINT ( 'NONE',  ( 1.800000000000000000, 1.700000000000000000, 22.30000000000000100 ) ) ;
#1151 = ORIENTED_EDGE ( 'NONE', *, *, #324, .T. ) ;
#1152 = AXIS2_PLACEMENT_3D ( 'NONE', #2072, #557, #1947 ) ;
#1153 = ORIENTED_EDGE ( 'NONE', *, *, #266, .T. ) ;
#1154 = VERTEX_POINT ( 'NONE', #217 ) ;
#1155 = ORIENTED_EDGE ( 'NONE', *, *, #1587, .F. ) ;
#1156 = CARTESIAN_POINT ( 'NONE',  ( 38.40000000000000600, 15.39999999999999000, 15.90000000000000000 ) ) ;
#1157 = EDGE_CURVE ( 'NONE', #1012, #925, #729, .T. ) ;
#1158 = CARTESIAN_POINT ( 'NONE',  ( 15.79999999999999200, -0.8999999999999971400, 16.30000000000000100 ) ) ;
#1159 = ORIENTED_EDGE ( 'NONE', *, *, #993, .T. ) ;
#1160 = DIRECTION ( 'NONE',  ( 0.0000000000000000000, 0.0000000000000000000, -1.000000000000000000 ) ) ;
#1161 = ORIENTED_EDGE ( 'NONE', *, *, #1406, .T. ) ;
#1162 = CARTESIAN_POINT ( 'NONE',  ( -1.399891740128966300, 8.899891740128961000, 16.30000000000000100 ) ) ;
#1163 = LINE ( 'NONE', #1824, #627 ) ;
#1164 = VECTOR ( 'NONE', #1675, 999.9999999999998900 ) ;
#1165 = DIRECTION ( 'NONE',  ( 1.000000000000000000, -0.0000000000000000000, 0.0000000000000000000 ) ) ;
#1166 = FACE_OUTER_BOUND ( 'NONE', #1686, .T. ) ;
#1167 = DIRECTION ( 'NONE',  ( 1.000000000000000000, 0.0000000000000000000, 0.0000000000000000000 ) ) ;
#1168 = CIRCLE ( 'NONE', #1494, 0.5500000000000001600 ) ;
#1169 = EDGE_CURVE ( 'NONE', #1979, #2115, #261, .T. ) ;
#1170 = VECTOR ( 'NONE', #366, 1000.000000000000000 ) ;
#1171 = FACE_OUTER_BOUND ( 'NONE', #931, .T. ) ;
#1172 = CARTESIAN_POINT ( 'NONE',  ( 1.749999999999996400, 1.699999999999998600, 16.30000000000000100 ) ) ;
#1173 = DIRECTION ( 'NONE',  ( 0.7071067811865431300, 0.0000000000000000000, -0.7071067811865520100 ) ) ;
#1174 = ORIENTED_EDGE ( 'NONE', *, *, #1778, .T. ) ;
#1175 = CARTESIAN_POINT ( 'NONE',  ( 20.29999999999999000, -1.049999999999997200, 16.14999999999999900 ) ) ;
#1176 = EDGE_LOOP ( 'NONE', ( #929, #1236, #777, #2568 ) ) ;
#1177 = ORIENTED_EDGE ( 'NONE', *, *, #930, .T. ) ;
#1178 = EDGE_LOOP ( 'NONE', ( #1503, #1602 ) ) ;
#1179 = AXIS2_PLACEMENT_3D ( 'NONE', #1175, #1571, #384 ) ;
#1180 = DIRECTION ( 'NONE',  ( -1.000000000000000000, 0.0000000000000000000, -0.0000000000000000000 ) ) ;
#1181 = ORIENTED_EDGE ( 'NONE', *, *, #946, .T. ) ;
#1182 = AXIS2_PLACEMENT_3D ( 'NONE', #1878, #685, #2077 ) ;
#1183 = EDGE_LOOP ( 'NONE', ( #1974, #2499, #287, #491 ) ) ;
#1184 = CARTESIAN_POINT ( 'NONE',  ( -1.399891740128971900, 25.09978348025796200, 16.30000000000000100 ) ) ;
#1185 = B_SPLINE_CURVE_WITH_KNOTS ( 'NONE', 3,
 ( #447, #1645, #2253, #1054, #2451, #1252 ),
 .UNSPECIFIED., .F., .F.,
 ( 4, 2, 4 ),
 ( 0.0000000000000000000, 0.5000000000000000000, 1.000000000000000000 ),
 .UNSPECIFIED. ) ;
#1186 = CARTESIAN_POINT ( 'NONE',  ( 2.299999999999999800, 20.69999999999999900, 1.000000000000000000 ) ) ;
#1187 = VERTEX_POINT ( 'NONE', #1618 ) ;
#1188 = CARTESIAN_POINT ( 'NONE',  ( 22.30000000000000100, -0.7000000000000058400, 16.30000000000000100 ) ) ;
#1189 = ORIENTED_EDGE ( 'NONE', *, *, #1169, .T. ) ;
#1190 = LINE ( 'NONE', #431, #661 ) ;
#1191 = CARTESIAN_POINT ( 'NONE',  ( 2.300000000000003400, 20.69999999999999600, 15.90000000000000000 ) ) ;
#1192 = LINE ( 'NONE', #86, #1255 ) ;
#1193 = CARTESIAN_POINT ( 'NONE',  ( 38.89996789255074800, -1.699999999999997500, 16.30000000000000100 ) ) ;
#1194 = CARTESIAN_POINT ( 'NONE',  ( 37.29999999999999000, 0.3998917401289599500, -2.600000000000000500 ) ) ;
#1195 = EDGE_CURVE ( 'NONE', #823, #560, #1190, .T. ) ;
#1196 = CIRCLE ( 'NONE', #2431, 0.5000000000000004400 ) ;
#1197 = LINE ( 'NONE', #1346, #143 ) ;
#1198 = ORIENTED_EDGE ( 'NONE', *, *, #1350, .T. ) ;
#1199 = FACE_OUTER_BOUND ( 'NONE', #1234, .T. ) ;
#1200 = LINE ( 'NONE', #1102, #87 ) ;
#1201 = EDGE_CURVE ( 'NONE', #2045, #1012, #2324, .T. ) ;
#1202 = CARTESIAN_POINT ( 'NONE',  ( 35.30000000000000400, 14.39999999999999000, 15.90000000000000000 ) ) ;
#1203 = VERTEX_POINT ( 'NONE', #1023 ) ;
#1204 = ORIENTED_EDGE ( 'NONE', *, *, #298, .F. ) ;
#1205 = ORIENTED_EDGE ( 'NONE', *, *, #276, .T. ) ;
#1206 = ORIENTED_EDGE ( 'NONE', *, *, #981, .T. ) ;
#1207 = EDGE_LOOP ( 'NONE', ( #2367, #1520, #2553 ) ) ;
#1208 = CARTESIAN_POINT ( 'NONE',  ( 39.00000000000000700, 11.89999999999999500, 16.30000000000000100 ) ) ;
#1209 = CARTESIAN_POINT ( 'NONE',  ( 2.799999999999999800, 1.700000000000000000, 1.000000000000000000 ) ) ;
#1210 = EDGE_CURVE ( 'NONE', #271, #1528, #136, .T. ) ;
#1211 = EDGE_CURVE ( 'NONE', #684, #2389, #2190, .T. ) ;
#1212 = CARTESIAN_POINT ( 'NONE',  ( 38.57515136844219200, -0.8752596283131970400, -2.799999999999999800 ) ) ;
#1213 = DIRECTION ( 'NONE',  ( -0.0000000000000000000, -0.0000000000000000000, -1.000000000000000000 ) ) ;
#1214 = CARTESIAN_POINT ( 'NONE',  ( -1.389418008447002300, 8.899891740128961000, 15.69996031380938300 ) ) ;
#1215 = EDGE_CURVE ( 'NONE', #500, #1187, #1133, .T. ) ;
#1216 = EDGE_LOOP ( 'NONE', ( #59, #2456, #1076, #1869 ) ) ;
#1217 = LINE ( 'NONE', #1815, #697 ) ;
#1218 = CARTESIAN_POINT ( 'NONE',  ( -0.9751513684421591100, -1.375243091029252600, -2.304066572323177000 ) ) ;
#1219 = AXIS2_PLACEMENT_3D ( 'NONE', #867, #2269, #1066 ) ;
#1220 = DIRECTION ( 'NONE',  ( -1.000000000000000000, 0.0000000000000000000, 0.0000000000000000000 ) ) ;
#1221 = VECTOR ( 'NONE', #1064, 1000.000000000000000 ) ;
#1222 = DIRECTION ( 'NONE',  ( 0.0000000000000000000, 0.08715574274765754100, 0.9961946980917455500 ) ) ;
#1223 = VECTOR ( 'NONE', #606, 1000.000000000000000 ) ;
#1224 = LINE ( 'NONE', #756, #2034 ) ;
#1225 = CARTESIAN_POINT ( 'NONE',  ( -1.399891740128966100, 8.899891740128961000, 16.30000000000000100 ) ) ;
#1226 = DIRECTION ( 'NONE',  ( 1.000000000000000000, -3.892437792519730000E-031, 0.0000000000000000000 ) ) ;
#1227 = VECTOR ( 'NONE', #2156, 1000.000000000000000 ) ;
#1228 = LINE ( 'NONE', #2476, #178 ) ;
#1229 = CARTESIAN_POINT ( 'NONE',  ( 38.99290971415769700, 8.899891740128961000, 15.90000000000000000 ) ) ;
#1230 = CARTESIAN_POINT ( 'NONE',  ( -1.146869581140266000, -1.372843485328590500, -2.599097146483212200 ) ) ;
#1231 = DIRECTION ( 'NONE',  ( 0.0000000000000000000, 1.000000000000000000, 0.0000000000000000000 ) ) ;
#1232 = CARTESIAN_POINT ( 'NONE',  ( 38.57515136844215700, -0.8752596283131983700, -2.299999999999998900 ) ) ;
#1233 = EDGE_CURVE ( 'NONE', #708, #1827, #75, .T. ) ;
#1234 = EDGE_LOOP ( 'NONE', ( #320, #528, #350, #1544 ) ) ;
#1235 = DIRECTION ( 'NONE',  ( 0.0000000000000000000, 0.0000000000000000000, -1.000000000000000000 ) ) ;
#1236 = ORIENTED_EDGE ( 'NONE', *, *, #161, .T. ) ;
#1237 = DIRECTION ( 'NONE',  ( 0.01745240643728174900, 0.0000000000000000000, -0.9998476951563912700 ) ) ;
#1238 = DIRECTION ( 'NONE',  ( -1.000000000000000000, -1.095623836997170000E-016, 0.0000000000000000000 ) ) ;
#1239 = EDGE_LOOP ( 'NONE', ( #1742, #498, #828, #525 ) ) ;
#1240 = VERTEX_POINT ( 'NONE', #1026 ) ;
#1241 = DIRECTION ( 'NONE',  ( -0.0000000000000000000, -0.0000000000000000000, -1.000000000000000000 ) ) ;
#1242 = ORIENTED_EDGE ( 'NONE', *, *, #21, .F. ) ;
#1243 = VERTEX_POINT ( 'NONE', #1034 ) ;
#1244 = DIRECTION ( 'NONE',  ( -0.0000000000000000000, -0.0000000000000000000, -1.000000000000000000 ) ) ;
#1245 = EDGE_CURVE ( 'NONE', #840, #151, #1588, .T. ) ;
#1246 = CARTESIAN_POINT ( 'NONE',  ( -1.399999999999984600, 24.90076106038163700, 16.30000000000000100 ) ) ;
#1247 = ORIENTED_EDGE ( 'NONE', *, *, #2348, .T. ) ;
#1248 = EDGE_CURVE ( 'NONE', #669, #1092, #1653, .T. ) ;
#1249 = VERTEX_POINT ( 'NONE', #1837 ) ;
#1250 = CARTESIAN_POINT ( 'NONE',  ( 38.99910226588623600, 24.95746138795126600, 16.30000000000000100 ) ) ;
#1251 = VECTOR ( 'NONE', #2000, 1000.000000000000000 ) ;
#1252 = CARTESIAN_POINT ( 'NONE',  ( -1.200761060381659600, 25.09999999999999400, 16.30000000000000100 ) ) ;
#1253 = CARTESIAN_POINT ( 'NONE',  ( 34.79999999999999700, 14.40000000000000600, 1.000000000000000000 ) ) ;
#1254 = AXIS2_PLACEMENT_3D ( 'NONE', #2481, #304, #1685 ) ;
#1255 = VECTOR ( 'NONE', #289, 999.9999999999998900 ) ;
#1256 = DIRECTION ( 'NONE',  ( 1.000000000000000000, 0.0000000000000000000, -0.0000000000000000000 ) ) ;
#1257 = DIRECTION ( 'NONE',  ( 1.110223024625160000E-014, 1.000000000000000000, 0.0000000000000000000 ) ) ;
#1258 = LINE ( 'NONE', #205, #666 ) ;
#1259 = DIRECTION ( 'NONE',  ( -1.000000000000000000, 0.0000000000000000000, -0.0000000000000000000 ) ) ;
#1260 = CIRCLE ( 'NONE', #1501, 0.5000000000000004400 ) ;
#1261 = EDGE_LOOP ( 'NONE', ( #2365, #1368, #1580 ) ) ;
#1262 = DIRECTION ( 'NONE',  ( 0.0000000000000000000, -1.000000000000000000, -0.0000000000000000000 ) ) ;
#1263 = CIRCLE ( 'NONE', #904, 0.5000000000000004400 ) ;
#1264 = AXIS2_PLACEMENT_3D ( 'NONE', #641, #835, #2236 ) ;
#1265 = LINE ( 'NONE', #695, #1733 ) ;
#1266 = SHELL_BASED_SURFACE_MODEL ( 'NONE', ( #1121, #216, #754, #461, #1954, #1679 ) );
#1267 = EDGE_CURVE ( 'NONE', #1249, #607, #540, .T. ) ;
#1268 = CARTESIAN_POINT ( 'NONE',  ( 38.86615926553039200, 24.67504310857014700, -2.799999999998275000 ) ) ;
#1269 = EDGE_CURVE ( 'NONE', #183, #1312, #2060, .T. ) ;
#1270 = CARTESIAN_POINT ( 'NONE',  ( -0.9998917401289669800, 8.899891740128962800, 15.90000000000000000 ) ) ;
#1271 = ORIENTED_EDGE ( 'NONE', *, *, #975, .T. ) ;
#1272 = ORIENTED_EDGE ( 'NONE', *, *, #1684, .F. ) ;
#1273 = CARTESIAN_POINT ( 'NONE',  ( -1.799891740128970200, 24.99985963267973300, 16.30000000000000100 ) ) ;
#1274 = EDGE_CURVE ( 'NONE', #2288, #791, #1537, .T. ) ;
#1275 = VERTEX_POINT ( 'NONE', #1649 ) ;
#1276 = CARTESIAN_POINT ( 'NONE',  ( -0.2000000000000098400, 0.3998917401289698900, -2.799999999999999800 ) ) ;
#1277 = VERTEX_POINT ( 'NONE', #1849 ) ;
#1278 = DIRECTION ( 'NONE',  ( 1.000000000000000000, -2.337311630789800200E-016, 0.0000000000000000000 ) ) ;
#1279 = EDGE_LOOP ( 'NONE', ( #2311, #1452 ) ) ;
#1280 = CARTESIAN_POINT ( 'NONE',  ( 2.300000000000003400, 20.69999999999999600, 16.30000000000000100 ) ) ;
#1281 = PLANE ( 'NONE',  #954 ) ;
#1282 = CARTESIAN_POINT ( 'NONE',  ( 38.86614701453124400, -0.8665804155740648400, -2.799924665685009200 ) ) ;
#1283 = DIRECTION ( 'NONE',  ( -0.0000000000000000000, -0.0000000000000000000, -1.000000000000000000 ) ) ;
#1284 = AXIS2_PLACEMENT_3D ( 'NONE', #1052, #1856, #659 ) ;
#1285 = CARTESIAN_POINT ( 'NONE',  ( 37.29999999999999000, 23.39989174012896100, -2.600000000000000500 ) ) ;
#1286 = CARTESIAN_POINT ( 'NONE',  ( 38.96500453458963200, 15.39999999999999000, 15.90000000000000000 ) ) ;
#1287 = DIRECTION ( 'NONE',  ( 0.0000000000000000000, -0.0000000000000000000, -1.000000000000000000 ) ) ;
#1288 = EDGE_CURVE ( 'NONE', #791, #60, #2512, .T. ) ;
#1289 = CARTESIAN_POINT ( 'NONE',  ( 0.2999999999999889400, -0.1001082598710327000, -2.600000000000000500 ) ) ;
#1290 = ADVANCED_FACE ( 'NONE', ( #408 ), #2048, .F. ) ;
#1291 = VECTOR ( 'NONE', #2407, 1000.000000000000000 ) ;
#1292 = ADVANCED_FACE ( 'NONE', ( #1455 ), #1390, .T. ) ;
#1293 = DIRECTION ( 'NONE',  ( 0.0000000000000000000, 0.7071067811865401300, -0.7071067811865550100 ) ) ;
#1294 = VECTOR ( 'NONE', #1256, 1000.000000000000000 ) ;
#1295 = LINE ( 'NONE', #2189, #763 ) ;
#1296 = FACE_OUTER_BOUND ( 'NONE', #397, .T. ) ;
#1297 = DIRECTION ( 'NONE',  ( 2.337311630789800200E-016, 1.000000000000000000, -0.0000000000000000000 ) ) ;
#1298 = CYLINDRICAL_SURFACE ( 'NONE', #1547, 0.5000000000000000000 ) ;
#1299 = CIRCLE ( 'NONE', #1182, 0.5000000000000004400 ) ;
#1300 = CARTESIAN_POINT ( 'NONE',  ( 35.30000000000000400, 14.39999999999999000, 16.30000000000000100 ) ) ;
#1301 = EDGE_LOOP ( 'NONE', ( #985, #1337, #485, #28, #895, #580, #1100, #1985, #1671, #2278, #2171, #709, #248, #4, #1793, #1482, #2088, #2422, #1575, #2099 ) ) ;
#1302 = ADVANCED_FACE ( 'NONE', ( #394 ), #263, .F. ) ;
#1303 = ADVANCED_FACE ( 'NONE', ( #2387 ), #1281, .T. ) ;
#1304 = VERTEX_POINT ( 'NONE', #2468 ) ;
#1305 = DIRECTION ( 'NONE',  ( 1.000000000000000000, 0.0000000000000000000, -0.0000000000000000000 ) ) ;
#1306 = EDGE_CURVE ( 'NONE', #2024, #2534, #923, .T. ) ;
#1307 = DIRECTION ( 'NONE',  ( -3.467012252338210400E-015, 1.000000000000000000, 0.0000000000000000000 ) ) ;
#1308 = VERTEX_POINT ( 'NONE', #690 ) ;
#1309 = ORIENTED_EDGE ( 'NONE', *, *, #1417, .F. ) ;
#1310 = ORIENTED_EDGE ( 'NONE', *, *, #551, .F. ) ;
#1311 = CARTESIAN_POINT ( 'NONE',  ( -1.399891740128963900, -1.299999999999999800, 16.30000000000000100 ) ) ;
#1312 = VERTEX_POINT ( 'NONE', #877 ) ;
#1313 = AXIS2_PLACEMENT_3D ( 'NONE', #1710, #532, #1924 ) ;
#1314 = DIRECTION ( 'NONE',  ( 0.0000000000000000000, 0.0000000000000000000, 1.000000000000000000 ) ) ;
#1315 = ADVANCED_FACE ( 'NONE', ( #1922 ), #1864, .F. ) ;
#1316 = ORIENTED_EDGE ( 'NONE', *, *, #2336, .F. ) ;
#1317 = AXIS2_PLACEMENT_3D ( 'NONE', #460, #1848, #656 ) ;
#1318 = ADVANCED_FACE ( 'NONE', ( #856 ), #2382, .F. ) ;
#1319 = AXIS2_PLACEMENT_3D ( 'NONE', #38, #1816, #1627 ) ;
#1320 = CARTESIAN_POINT ( 'NONE',  ( -1.266159265526959100, 24.67504310857115300, -2.800000000000000300 ) ) ;
#1321 = VERTEX_POINT ( 'NONE', #1270 ) ;
#1322 = LINE ( 'NONE', #27, #1780 ) ;
#1323 = DIRECTION ( 'NONE',  ( -0.01745240643728329300, 0.0000000000000000000, 0.9998476951563911600 ) ) ;
#1324 = DIRECTION ( 'NONE',  ( 1.000000000000000000, -0.0000000000000000000, 0.0000000000000000000 ) ) ;
#1325 = CYLINDRICAL_SURFACE ( 'NONE', #465, 0.5500000000000001600 ) ;
#1326 = SURFACE_SIDE_STYLE ('',( #364 ) ) ;
#1327 = LINE ( 'NONE', #474, #1818 ) ;
#1328 = LINE ( 'NONE', #731, #2381 ) ;
#1329 = ADVANCED_FACE ( 'NONE', ( #345 ), #2081, .T. ) ;
#1330 = LINE ( 'NONE', #355, #1730 ) ;
#1331 = ORIENTED_EDGE ( 'NONE', *, *, #1436, .F. ) ;
#1332 = VECTOR ( 'NONE', #2058, 1000.000000000000000 ) ;
#1333 = CIRCLE ( 'NONE', #1496, 0.5500000000000001600 ) ;
#1334 = CARTESIAN_POINT ( 'NONE',  ( 34.79999999999999700, 1.700000000000000000, 22.30000000000000100 ) ) ;
#1335 = EDGE_CURVE ( 'NONE', #1240, #127, #275, .T. ) ;
#1336 = VERTEX_POINT ( 'NONE', #1879 ) ;
#1337 = ORIENTED_EDGE ( 'NONE', *, *, #1201, .F. ) ;
#1338 = DIRECTION ( 'NONE',  ( 1.000000000000000000, 0.0000000000000000000, 0.0000000000000000000 ) ) ;
#1339 = ORIENTED_EDGE ( 'NONE', *, *, #1267, .F. ) ;
#1340 = ORIENTED_EDGE ( 'NONE', *, *, #1211, .T. ) ;
#1341 = CARTESIAN_POINT ( 'NONE',  ( 21.79999999999999700, -0.8999999999999971400, 15.90000000000000000 ) ) ;
#1342 = DIRECTION ( 'NONE',  ( 0.0000000000000000000, 1.000000000000000000, 0.0000000000000000000 ) ) ;
#1343 = EDGE_CURVE ( 'NONE', #1203, #1766, #1333, .T. ) ;
#1344 = UNCERTAINTY_MEASURE_WITH_UNIT (LENGTH_MEASURE( 1.000000000000000100E-005 ), #1524, 'distance_accuracy_value', 'NONE');
#1345 = DIRECTION ( 'NONE',  ( 1.000000000000000000, 0.0000000000000000000, 0.0000000000000000000 ) ) ;
#1346 = CARTESIAN_POINT ( 'NONE',  ( -1.365004534589622000, 15.39999999999999900, 15.90000000000000000 ) ) ;
#1347 = LINE ( 'NONE', #1208, #2472 ) ;
#1348 = CARTESIAN_POINT ( 'NONE',  ( 21.79999998206076100, 24.99603359355607400, 16.30000000000000100 ) ) ;
#1349 = EDGE_CURVE ( 'NONE', #496, #1850, #743, .T. ) ;
#1350 = EDGE_CURVE ( 'NONE', #531, #1012, #1265, .T. ) ;
#1351 = LINE ( 'NONE', #1451, #2354 ) ;
#1352 = DIRECTION ( 'NONE',  ( -1.000000000000000000, 0.0000000000000000000, 0.0000000000000000000 ) ) ;
#1353 = VECTOR ( 'NONE', #1983, 1000.000000000000000 ) ;
#1354 = LINE ( 'NONE', #1172, #307 ) ;
#1355 = EDGE_CURVE ( 'NONE', #791, #1739, #2271, .T. ) ;
#1356 = FACE_OUTER_BOUND ( 'NONE', #1279, .T. ) ;
#1357 = CARTESIAN_POINT ( 'NONE',  ( 38.59989174012898900, 8.899891740128961000, 15.90000000000000000 ) ) ;
#1358 = AXIS2_PLACEMENT_3D ( 'NONE', #1475, #687, #2078 ) ;
#1359 = CARTESIAN_POINT ( 'NONE',  ( -0.9998917401289688600, 14.89989174012895900, 16.30000000000000100 ) ) ;
#1360 = EDGE_LOOP ( 'NONE', ( #2454, #1491, #719, #1926, #190, #107, #2372, #891, #2494, #1177, #986, #2197, #2186, #29, #1764, #2399, #588, #278, #351, #837, #1893, #375, #1119 ) ) ;
#1361 = CARTESIAN_POINT ( 'NONE',  ( 2.299999999999999800, 1.700000000000000000, 1.000000000000000000 ) ) ;
#1362 = EDGE_LOOP ( 'NONE', ( #253, #1204, #688, #958 ) ) ;
#1363 = AXIS2_PLACEMENT_3D ( 'NONE', #722, #2118, #915 ) ;
#1364 = CARTESIAN_POINT ( 'NONE',  ( 35.79999999999999700, 1.700000000000000000, 22.30000000000000100 ) ) ;
#1365 = EDGE_LOOP ( 'NONE', ( #2374, #1741, #1950, #1506 ) ) ;
#1366 = DIRECTION ( 'NONE',  ( 1.000000000000000000, -2.337311630789800200E-016, 0.0000000000000000000 ) ) ;
#1367 = ORIENTED_EDGE ( 'NONE', *, *, #1738, .F. ) ;
#1368 = ORIENTED_EDGE ( 'NONE', *, *, #1534, .T. ) ;
#1369 = DIRECTION ( 'NONE',  ( 5.551115123125780300E-015, 1.000000000000000000, -0.0000000000000000000 ) ) ;
#1370 = ORIENTED_EDGE ( 'NONE', *, *, #2, .F. ) ;
#1371 = EDGE_CURVE ( 'NONE', #1275, #798, #1789, .T. ) ;
#1372 = CARTESIAN_POINT ( 'NONE',  ( 0.2999999999999901600, 23.39989174012896100, -2.799999999999999800 ) ) ;
#1373 = DIRECTION ( 'NONE',  ( 1.000000000000000000, 0.0000000000000000000, -0.0000000000000000000 ) ) ;
#1374 = PLANE ( 'NONE',  #1179 ) ;
#1375 = ORIENTED_EDGE ( 'NONE', *, *, #1992, .F. ) ;
#1376 = CARTESIAN_POINT ( 'NONE',  ( -1.399252214989771700, 8.400375577830441600, 16.29087828760874900 ) ) ;
#1377 = ORIENTED_EDGE ( 'NONE', *, *, #1378, .F. ) ;
#1378 = EDGE_CURVE ( 'NONE', #1711, #1120, #148, .T. ) ;
#1379 = CIRCLE ( 'NONE', #2213, 0.5000000000000004400 ) ;
#1380 = LINE ( 'NONE', #1744, #911 ) ;
#1381 = VECTOR ( 'NONE', #1859, 1000.000000000000000 ) ;
#1382 = DIRECTION ( 'NONE',  ( 1.000000000000000000, 0.0000000000000000000, -1.804236539817866400E-015 ) ) ;
#1383 = VECTOR ( 'NONE', #2117, 1000.000000000000000 ) ;
#1384 = EDGE_CURVE ( 'NONE', #2112, #2389, #1200, .T. ) ;
#1385 = FACE_OUTER_BOUND ( 'NONE', #2250, .T. ) ;
#1386 = VERTEX_POINT ( 'NONE', #898 ) ;
#1387 = LINE ( 'NONE', #1079, #740 ) ;
#1388 = DIRECTION ( 'NONE',  ( 0.0000000000000000000, 0.0000000000000000000, 1.000000000000000000 ) ) ;
#1389 = CARTESIAN_POINT ( 'NONE',  ( 38.59989174012898900, 8.899891740128961000, 16.00000000000000000 ) ) ;
#1390 = CYLINDRICAL_SURFACE ( 'NONE', #420, 0.5500000000000018200 ) ;
#1391 = DIRECTION ( 'NONE',  ( -1.000000000000000000, 0.0000000000000000000, 0.0000000000000000000 ) ) ;
#1392 = EDGE_LOOP ( 'NONE', ( #376, #2150, #1010, #801 ) ) ;
#1393 = ORIENTED_EDGE ( 'NONE', *, *, #1594, .F. ) ;
#1394 = DIRECTION ( 'NONE',  ( -0.0000000000000000000, -1.000000000000000000, -0.0000000000000000000 ) ) ;
#1395 = DIRECTION ( 'NONE',  ( -0.0000000000000000000, 1.000000000000000000, 0.0000000000000000000 ) ) ;
#1396 = DIRECTION ( 'NONE',  ( 1.000000000000000000, 0.0000000000000000000, 0.0000000000000000000 ) ) ;
#1397 = ORIENTED_EDGE ( 'NONE', *, *, #2187, .F. ) ;
#1398 = AXIS2_PLACEMENT_3D ( 'NONE', #855, #2259, #1059 ) ;
#1399 = VERTEX_POINT ( 'NONE', #114 ) ;
#1400 = EDGE_CURVE ( 'NONE', #2039, #188, #2143, .T. ) ;
#1401 = EDGE_CURVE ( 'NONE', #2520, #1123, #1599, .T. ) ;
#1402 = PLANE ( 'NONE',  #1674 ) ;
#1403 = PLANE ( 'NONE',  #1724 ) ;
#1404 = DIRECTION ( 'NONE',  ( -1.000000000000000000, 0.0000000000000000000, 0.0000000000000000000 ) ) ;
#1405 = CARTESIAN_POINT ( 'NONE',  ( -0.2000000000000098400, 0.3998917401289699400, -2.799999999999999800 ) ) ;
#1406 = EDGE_CURVE ( 'NONE', #903, #383, #1668, .T. ) ;
#1407 = AXIS2_PLACEMENT_3D ( 'NONE', #194, #1988, #795 ) ;
#1408 = CARTESIAN_POINT ( 'NONE',  ( 2.299999999999996300, 1.699999999999998600, 16.30000000000000100 ) ) ;
#1409 = VECTOR ( 'NONE', #1508, 1000.000000000000000 ) ;
#1410 = AXIS2_PLACEMENT_3D ( 'NONE', #472, #1867, #671 ) ;
#1411 = DIRECTION ( 'NONE',  ( -0.0000000000000000000, -1.000000000000000000, -0.0000000000000000000 ) ) ;
#1412 = FACE_OUTER_BOUND ( 'NONE', #1427, .T. ) ;
#1413 = DIRECTION ( 'NONE',  ( 1.000000000000000000, 0.0000000000000000000, 0.0000000000000000000 ) ) ;
#1414 = FACE_OUTER_BOUND ( 'NONE', #430, .T. ) ;
#1415 = LINE ( 'NONE', #2554, #363 ) ;
#1416 = DIRECTION ( 'NONE',  ( -1.000000000000000000, 0.0000000000000000000, -0.0000000000000000000 ) ) ;
#1417 = EDGE_CURVE ( 'NONE', #241, #496, #603, .T. ) ;
#1418 = DIRECTION ( 'NONE',  ( 1.000000000000000000, 0.0000000000000000000, 0.0000000000000000000 ) ) ;
#1419 = VECTOR ( 'NONE', #2231, 1000.000000000000000 ) ;
#1420 = DIRECTION ( 'NONE',  ( 0.0000000000000000000, -1.000000000000000000, 0.0000000000000000000 ) ) ;
#1421 = CARTESIAN_POINT ( 'NONE',  ( 8.666749999999989700, 25.17496695614935500, -2.308726203218640600 ) ) ;
#1422 = VERTEX_POINT ( 'NONE', #1514 ) ;
#1423 = DIRECTION ( 'NONE',  ( -1.000000000000000000, 0.0000000000000000000, 0.0000000000000000000 ) ) ;
#1424 = ORIENTED_EDGE ( 'NONE', *, *, #411, .T. ) ;
#1425 = CARTESIAN_POINT ( 'NONE',  ( -1.799891740128965600, -1.366608259871040100, 16.29999999999999700 ) ) ;
#1426 = EDGE_LOOP ( 'NONE', ( #1493, #643, #1161, #1530 ) ) ;
#1427 = EDGE_LOOP ( 'NONE', ( #2119, #1393, #547, #2152 ) ) ;
#1428 = ORIENTED_EDGE ( 'NONE', *, *, #769, .F. ) ;
#1429 = ORIENTED_EDGE ( 'NONE', *, *, #1169, .F. ) ;
#1430 = CARTESIAN_POINT ( 'NONE',  ( 2.299999999999996300, 1.699999999999998600, 15.90000000000000000 ) ) ;
#1431 = ORIENTED_EDGE ( 'NONE', *, *, #866, .F. ) ;
#1432 = DIRECTION ( 'NONE',  ( 0.01745240643729142200, 0.0000000000000000000, 0.9998476951563910500 ) ) ;
#1433 = CARTESIAN_POINT ( 'NONE',  ( -1.477835486377751600, -1.165631582241466700, -2.306450096425327200 ) ) ;
#1434 = CARTESIAN_POINT ( 'NONE',  ( 35.29999999999999700, 1.699999999999990900, 16.30000000000000100 ) ) ;
#1435 = DIRECTION ( 'NONE',  ( 0.0000000000000000000, -0.9998476951563912700, -0.01745240643728340400 ) ) ;
#1436 = EDGE_CURVE ( 'NONE', #987, #644, #17, .T. ) ;
#1437 = PLANE ( 'NONE',  #1036 ) ;
#1438 = ORIENTED_EDGE ( 'NONE', *, *, #1490, .T. ) ;
#1439 = CARTESIAN_POINT ( 'NONE',  ( 21.79999999999402500, -1.289526268318033300, 15.69996031380943600 ) ) ;
#1440 = CARTESIAN_POINT ( 'NONE',  ( -0.9605573536080979100, -0.8606656134791311800, -3.136090549882272000 ) ) ;
#1441 = ORIENTED_EDGE ( 'NONE', *, *, #670, .F. ) ;
#1442 = LINE ( 'NONE', #2194, #2439 ) ;
#1443 = CARTESIAN_POINT ( 'NONE',  ( -1.400000000000001900, 8.400000000000000400, 16.30000000000000100 ) ) ;
#1444 = CIRCLE ( 'NONE', #2121, 0.5500000000000001600 ) ;
#1445 = DIRECTION ( 'NONE',  ( -1.168655815394900100E-016, 1.000000000000000000, 0.0000000000000000000 ) ) ;
#1446 = AXIS2_PLACEMENT_3D ( 'NONE', #186, #979, #2375 ) ;
#1447 = LINE ( 'NONE', #1253, #1511 ) ;
#1448 = VECTOR ( 'NONE', #2022, 1000.000000000000000 ) ;
#1449 = CARTESIAN_POINT ( 'NONE',  ( 22.30000000000000100, -0.7000000000000055100, 15.90000000000000000 ) ) ;
#1450 = DIRECTION ( 'NONE',  ( -1.000000000000000000, 0.0000000000000000000, -0.0000000000000000000 ) ) ;
#1451 = CARTESIAN_POINT ( 'NONE',  ( 0.2999999999999901600, 23.89989174012896100, -2.799999999999999800 ) ) ;
#1452 = ORIENTED_EDGE ( 'NONE', *, *, #1551, .F. ) ;
#1453 = VECTOR ( 'NONE', #2248, 1000.000000000000000 ) ;
#1454 = DIRECTION ( 'NONE',  ( -0.0000000000000000000, -0.0000000000000000000, -1.000000000000000000 ) ) ;
#1455 = FACE_OUTER_BOUND ( 'NONE', #1768, .T. ) ;
#1456 = DIRECTION ( 'NONE',  ( 1.736128127787049900E-016, -1.000000000000000000, 0.0000000000000000000 ) ) ;
#1457 = ORIENTED_EDGE ( 'NONE', *, *, #1115, .T. ) ;
#1458 = CARTESIAN_POINT ( 'NONE',  ( 39.07507521602036600, -0.8752596283131998100, -2.308726203218640200 ) ) ;
#1459 = B_SPLINE_CURVE_WITH_KNOTS ( 'NONE', 3,
 ( #2249, #2040, #652, #2448, #1250, #65 ),
 .UNSPECIFIED., .F., .F.,
 ( 4, 2, 4 ),
 ( 0.0000000000000000000, 0.5000000000000000000, 1.000000000000000000 ),
 .UNSPECIFIED. ) ;
#1460 = DIRECTION ( 'NONE',  ( 0.0000000000000000000, 0.0000000000000000000, 1.000000000000000000 ) ) ;
#1461 = CARTESIAN_POINT ( 'NONE',  ( 38.89996789255076200, 25.49978348025792100, 16.30000000000000100 ) ) ;
#1462 = ORIENTED_EDGE ( 'NONE', *, *, #1486, .F. ) ;
#1463 = ORIENTED_EDGE ( 'NONE', *, *, #2187, .T. ) ;
#1464 = CARTESIAN_POINT ( 'NONE',  ( 38.40000000000000600, 11.89999999999999500, 16.30000000000000100 ) ) ;
#1465 = VERTEX_POINT ( 'NONE', #521 ) ;
#1466 = EDGE_CURVE ( 'NONE', #840, #1984, #1923, .T. ) ;
#1467 = CARTESIAN_POINT ( 'NONE',  ( -1.799891740128970200, 24.99985963267973300, 16.30000000000000100 ) ) ;
#1468 = CARTESIAN_POINT ( 'NONE',  ( 38.86664845513796300, 25.17265976197020200, -2.595064844446257600 ) ) ;
#1469 = CARTESIAN_POINT ( 'NONE',  ( 18.79999999999999000, 11.89989174012896100, -2.600000000000000500 ) ) ;
#1470 = CARTESIAN_POINT ( 'NONE',  ( 35.30000000000000400, 14.39999999999999000, 15.90000000000000000 ) ) ;
#1471 = EDGE_CURVE ( 'NONE', #443, #258, #1007, .T. ) ;
#1472 = CARTESIAN_POINT ( 'NONE',  ( 37.29999999999999000, -0.1001082598710364800, -2.600000000000000500 ) ) ;
#1473 = VECTOR ( 'NONE', #841, 1000.000000000000000 ) ;
#1474 = CARTESIAN_POINT ( 'NONE',  ( 21.79999999999999400, -1.299999999999996000, 16.30000000000000100 ) ) ;
#1475 = CARTESIAN_POINT ( 'NONE',  ( 22.30000000000000100, -0.7000000000000062800, 16.30000000000000100 ) ) ;
#1476 = LINE ( 'NONE', #1311, #1409 ) ;
#1477 = DIRECTION ( 'NONE',  ( -1.000000000000000000, 0.0000000000000000000, 0.0000000000000000000 ) ) ;
#1478 = DIRECTION ( 'NONE',  ( 1.223573121277870000E-016, -0.9998476951563912700, -0.01745240643728350500 ) ) ;
#1479 = CARTESIAN_POINT ( 'NONE',  ( 39.07511355431427100, -0.8706137445724205800, -2.304028456563703000 ) ) ;
#1480 = LINE ( 'NONE', #766, #1591 ) ;
#1481 = VECTOR ( 'NONE', #395, 1000.000000000000200 ) ;
#1482 = ORIENTED_EDGE ( 'NONE', *, *, #1269, .F. ) ;
#1483 = DIRECTION ( 'NONE',  ( 1.000000000000000000, 0.0000000000000000000, 0.0000000000000000000 ) ) ;
#1484 = VECTOR ( 'NONE', #36, 1000.000000000000000 ) ;
#1485 = DIRECTION ( 'NONE',  ( 0.0000000000000000000, 0.0000000000000000000, 1.000000000000000000 ) ) ;
#1486 = EDGE_CURVE ( 'NONE', #319, #357, #2536, .T. ) ;
#1487 = EDGE_CURVE ( 'NONE', #1092, #1897, #488, .T. ) ;
#1488 = EDGE_LOOP ( 'NONE', ( #2210, #1890 ) ) ;
#1489 = VERTEX_POINT ( 'NONE', #237 ) ;
#1490 = EDGE_CURVE ( 'NONE', #188, #1827, #949, .T. ) ;
#1491 = ORIENTED_EDGE ( 'NONE', *, *, #1643, .T. ) ;
#1492 = ORIENTED_EDGE ( 'NONE', *, *, #1349, .F. ) ;
#1493 = ORIENTED_EDGE ( 'NONE', *, *, #1876, .T. ) ;
#1494 = AXIS2_PLACEMENT_3D ( 'NONE', #1929, #742, #2133 ) ;
#1495 = ORIENTED_EDGE ( 'NONE', *, *, #1471, .T. ) ;
#1496 = AXIS2_PLACEMENT_3D ( 'NONE', #2093, #886, #2292 ) ;
#1497 = CARTESIAN_POINT ( 'NONE',  ( 38.96500453458963200, 8.399999999999991500, 15.90000000000000000 ) ) ;
#1498 = CARTESIAN_POINT ( 'NONE',  ( 35.29999999999999700, 1.700000000000000000, 1.000000000000000000 ) ) ;
#1499 = ADVANCED_FACE ( 'NONE', ( #885 ), #2023, .T. ) ;
#1500 = ADVANCED_FACE ( 'NONE', ( #2482 ), #2415, .F. ) ;
#1501 = AXIS2_PLACEMENT_3D ( 'NONE', #1936, #753, #2144 ) ;
#1502 = CARTESIAN_POINT ( 'NONE',  ( -0.9751513684421703200, 24.67504310857116000, -2.299999999999999800 ) ) ;
#1503 = ORIENTED_EDGE ( 'NONE', *, *, #410, .T. ) ;
#1504 = EDGE_CURVE ( 'NONE', #125, #1120, #2001, .T. ) ;
#1505 = CARTESIAN_POINT ( 'NONE',  ( 15.30000000000000800, 11.89999999999999500, 16.30000000000000100 ) ) ;
#1506 = ORIENTED_EDGE ( 'NONE', *, *, #1795, .T. ) ;
#1507 = CIRCLE ( 'NONE', #599, 0.5500000000000001600 ) ;
#1508 = DIRECTION ( 'NONE',  ( -1.000000000000000000, -1.223759505778012400E-016, 0.0000000000000000000 ) ) ;
#1509 = FACE_OUTER_BOUND ( 'NONE', #1959, .T. ) ;
#1510 = ADVANCED_FACE ( 'NONE', ( #2410 ), #1437, .T. ) ;
#1511 = VECTOR ( 'NONE', #1460, 1000.000000000000000 ) ;
#1512 = VECTOR ( 'NONE', #1416, 1000.000000000000000 ) ;
#1513 = ADVANCED_FACE ( 'NONE', ( #365 ), #310, .F. ) ;
#1514 = CARTESIAN_POINT ( 'NONE',  ( 15.30000000000000100, -0.7000000000000050600, 16.30000000000000100 ) ) ;
#1515 = DIRECTION ( 'NONE',  ( 0.7071067811865520100, 2.126166871134291400E-016, 0.7071067811865431300 ) ) ;
#1516 = VECTOR ( 'NONE', #1373, 1000.000000000000000 ) ;
#1517 = CIRCLE ( 'NONE', #737, 0.5500000000000018200 ) ;
#1518 = EDGE_CURVE ( 'NONE', #2393, #1661, #1459, .T. ) ;
#1519 = CARTESIAN_POINT ( 'NONE',  ( -1.145619847796765800, 24.96605100565594900, -2.800000000000004300 ) ) ;
#1520 = ORIENTED_EDGE ( 'NONE', *, *, #293, .T. ) ;
#1521 = VERTEX_POINT ( 'NONE', #265 ) ;
#1522 = CARTESIAN_POINT ( 'NONE',  ( 38.40000000000000600, 15.39999999999999000, 16.30000000000000100 ) ) ;
#1523 = CARTESIAN_POINT ( 'NONE',  ( 38.57515136844219200, -0.8752596283131940400, -2.299999999999999800 ) ) ;
#1524 =( LENGTH_UNIT ( ) NAMED_UNIT ( * ) SI_UNIT ( .MILLI., .METRE. ) );
#1525 = ADVANCED_FACE ( 'NONE', ( #1356 ), #464, .F. ) ;
#1526 = ORIENTED_EDGE ( 'NONE', *, *, #14, .T. ) ;
#1527 = ORIENTED_EDGE ( 'NONE', *, *, #1210, .F. ) ;
#1528 = VERTEX_POINT ( 'NONE', #2261 ) ;
#1529 = ADVANCED_FACE ( 'NONE', ( #820 ), #1298, .F. ) ;
#1530 = ORIENTED_EDGE ( 'NONE', *, *, #2474, .F. ) ;
#1531 = AXIS2_PLACEMENT_3D ( 'NONE', #1886, #1089, #887 ) ;
#1532 = PLANE ( 'NONE',  #1573 ) ;
#1533 = AXIS2_PLACEMENT_3D ( 'NONE', #1470, #286, #1667 ) ;
#1534 = EDGE_CURVE ( 'NONE', #1277, #1465, #1817, .T. ) ;
#1535 = EDGE_CURVE ( 'NONE', #651, #2112, #2360, .T. ) ;
#1536 = DIRECTION ( 'NONE',  ( -0.0000000000000000000, 0.0000000000000000000, 1.000000000000000000 ) ) ;
#1537 = LINE ( 'NONE', #2247, #1473 ) ;
#1538 = DIRECTION ( 'NONE',  ( -0.0000000000000000000, 0.7071067811865450200, -0.7071067811865500200 ) ) ;
#1539 = CARTESIAN_POINT ( 'NONE',  ( 2.850000000000003600, 20.69999999999999600, 15.90000000000000000 ) ) ;
#1540 = FACE_OUTER_BOUND ( 'NONE', #1051, .T. ) ;
#1541 = EDGE_CURVE ( 'NONE', #1386, #587, #989, .T. ) ;
#1542 = VECTOR ( 'NONE', #1411, 1000.000000000000000 ) ;
#1543 = FACE_BOUND ( 'NONE', #1020, .T. ) ;
#1544 = ORIENTED_EDGE ( 'NONE', *, *, #312, .F. ) ;
#1545 = DIRECTION ( 'NONE',  ( -0.0000000000000000000, -0.0000000000000000000, 1.000000000000000000 ) ) ;
#1546 = CARTESIAN_POINT ( 'NONE',  ( 35.29999999999999700, 1.700000000000000000, 22.30000000000000100 ) ) ;
#1547 = AXIS2_PLACEMENT_3D ( 'NONE', #1841, #1456, #857 ) ;
#1548 = ORIENTED_EDGE ( 'NONE', *, *, #689, .T. ) ;
#1549 = ORIENTED_EDGE ( 'NONE', *, *, #235, .T. ) ;
#1550 = ORIENTED_EDGE ( 'NONE', *, *, #1378, .T. ) ;
#1551 = EDGE_CURVE ( 'NONE', #357, #647, #1948, .T. ) ;
#1552 = ORIENTED_EDGE ( 'NONE', *, *, #1684, .T. ) ;
#1553 = ORIENTED_EDGE ( 'NONE', *, *, #945, .T. ) ;
#1554 = CARTESIAN_POINT ( 'NONE',  ( 35.29999999999999700, 14.40000000000000600, 1.000000000000000000 ) ) ;
#1555 = VERTEX_POINT ( 'NONE', #1669 ) ;
#1556 = CARTESIAN_POINT ( 'NONE',  ( 38.59989174012898900, 13.39989174012896100, 16.00000000000000000 ) ) ;
#1557 = ORIENTED_EDGE ( 'NONE', *, *, #295, .F. ) ;
#1558 = DIRECTION ( 'NONE',  ( 0.0000000000000000000, 0.0000000000000000000, 1.000000000000000000 ) ) ;
#1559 = CARTESIAN_POINT ( 'NONE',  ( -1.317530919842728100, -1.293146211039378800, 15.90734669342069600 ) ) ;
#1560 = ORIENTED_EDGE ( 'NONE', *, *, #884, .F. ) ;
#1561 = DIRECTION ( 'NONE',  ( 0.7071067811865474600, 0.0000000000000000000, 0.7071067811865474600 ) ) ;
#1562 = CIRCLE ( 'NONE', #2390, 0.5500000000000001600 ) ;
#1563 = CARTESIAN_POINT ( 'NONE',  ( 0.2999999999999901600, 23.39989174012896100, -2.799999999999999800 ) ) ;
#1564 = EDGE_CURVE ( 'NONE', #893, #961, #2300, .T. ) ;
#1565 = LINE ( 'NONE', #565, #1628 ) ;
#1566 = DIRECTION ( 'NONE',  ( 1.000000000000000000, 0.0000000000000000000, 0.0000000000000000000 ) ) ;
#1567 = VECTOR ( 'NONE', #646, 1000.000000000000000 ) ;
#1568 = CIRCLE ( 'NONE', #2302, 0.5000000000000004400 ) ;
#1569 = PLANE ( 'NONE',  #31 ) ;
#1570 = LINE ( 'NONE', #2557, #2562 ) ;
#1571 = DIRECTION ( 'NONE',  ( -0.0000000000000000000, 0.7071067811865500200, 0.7071067811865450200 ) ) ;
#1572 = VECTOR ( 'NONE', #667, 1000.000000000000000 ) ;
#1573 = AXIS2_PLACEMENT_3D ( 'NONE', #1522, #348, #1728 ) ;
#1574 = CARTESIAN_POINT ( 'NONE',  ( 38.89996789255074800, -1.699999999999997500, 16.30000000000000100 ) ) ;
#1575 = ORIENTED_EDGE ( 'NONE', *, *, #1487, .F. ) ;
#1576 = AXIS2_PLACEMENT_3D ( 'NONE', #677, #2064, #872 ) ;
#1577 = CARTESIAN_POINT ( 'NONE',  ( -1.399891740128968800, 14.89989174012896100, 16.30000000000000100 ) ) ;
#1578 = ORIENTED_EDGE ( 'NONE', *, *, #808, .F. ) ;
#1579 = AXIS2_PLACEMENT_3D ( 'NONE', #635, #1226, #1825 ) ;
#1580 = ORIENTED_EDGE ( 'NONE', *, *, #1699, .T. ) ;
#1581 = ORIENTED_EDGE ( 'NONE', *, *, #370, .F. ) ;
#1582 = ORIENTED_EDGE ( 'NONE', *, *, #1504, .F. ) ;
#1583 = ORIENTED_EDGE ( 'NONE', *, *, #53, .T. ) ;
#1584 = CARTESIAN_POINT ( 'NONE',  ( -0.9998917401289679800, 10.39989174012896100, 15.99999999999999600 ) ) ;
#1585 = DIRECTION ( 'NONE',  ( 1.000000000000000000, 0.0000000000000000000, -0.0000000000000000000 ) ) ;
#1586 = DIRECTION ( 'NONE',  ( 0.0000000000000000000, 0.0000000000000000000, 1.000000000000000000 ) ) ;
#1587 = EDGE_CURVE ( 'NONE', #1787, #2369, #1760, .T. ) ;
#1588 = LINE ( 'NONE', #2235, #7 ) ;
#1589 = LINE ( 'NONE', #693, #8 ) ;
#1590 = DIRECTION ( 'NONE',  ( -0.01745240643728350100, 0.0000000000000000000, 0.9998476951563911600 ) ) ;
#1591 = VECTOR ( 'NONE', #1165, 1000.000000000000000 ) ;
#1592 = CYLINDRICAL_SURFACE ( 'NONE', #2308, 0.5000000000000004400 ) ;
#1593 = VERTEX_POINT ( 'NONE', #1877 ) ;
#1594 = EDGE_CURVE ( 'NONE', #95, #2071, #1696, .T. ) ;
#1595 = LINE ( 'NONE', #323, #85 ) ;
#1596 = CARTESIAN_POINT ( 'NONE',  ( 22.30000000000000100, -1.300000000000006300, 16.30000000000000100 ) ) ;
#1597 = CARTESIAN_POINT ( 'NONE',  ( 21.79999999999999700, -1.289526268318032400, 15.69996031380938300 ) ) ;
#1598 = CARTESIAN_POINT ( 'NONE',  ( -1.475075216020358800, -0.8752596283131950400, -2.308726203218648600 ) ) ;
#1599 = CIRCLE ( 'NONE', #2169, 0.5000000000000004400 ) ;
#1600 = CARTESIAN_POINT ( 'NONE',  ( 0.2999999999999901600, 0.3998917401289700500, -2.799999999999999800 ) ) ;
#1601 = ORIENTED_EDGE ( 'NONE', *, *, #583, .F. ) ;
#1602 = ORIENTED_EDGE ( 'NONE', *, *, #1662, .T. ) ;
#1603 = CARTESIAN_POINT ( 'NONE',  ( 39.39989174012894300, -1.200076152421802200, 16.30000000000000100 ) ) ;
#1604 = CARTESIAN_POINT ( 'NONE',  ( 39.00000000000000000, -1.100761060381662000, 16.30000000000000100 ) ) ;
#1605 = ORIENTED_EDGE ( 'NONE', *, *, #2164, .T. ) ;
#1606 = ORIENTED_EDGE ( 'NONE', *, *, #879, .F. ) ;
#1607 = ORIENTED_EDGE ( 'NONE', *, *, #614, .F. ) ;
#1608 = CARTESIAN_POINT ( 'NONE',  ( -1.399891740128963900, -1.299999999999999800, 16.30000000000000100 ) ) ;
#1609 = ORIENTED_EDGE ( 'NONE', *, *, #2282, .T. ) ;
#1610 = EDGE_CURVE ( 'NONE', #1154, #613, #705, .T. ) ;
#1611 = AXIS2_PLACEMENT_3D ( 'NONE', #1762, #966, #568 ) ;
#1612 = CARTESIAN_POINT ( 'NONE',  ( 22.30000000000000800, 25.09999999999999100, 16.30000000000000100 ) ) ;
#1613 = DIRECTION ( 'NONE',  ( -1.000000000000000000, -1.095623836997170000E-016, 0.0000000000000000000 ) ) ;
#1614 = CARTESIAN_POINT ( 'NONE',  ( -1.299967892550769800, -1.699999999999996200, 16.30000000000000100 ) ) ;
#1615 = PLANE ( 'NONE',  #247 ) ;
#1616 = DIRECTION ( 'NONE',  ( 1.000000000000000000, 1.095623836997170000E-016, -0.0000000000000000000 ) ) ;
#1617 = EDGE_CURVE ( 'NONE', #1465, #1084, #2230, .T. ) ;
#1618 = CARTESIAN_POINT ( 'NONE',  ( -0.2000000000000098400, 23.39989174012896100, -2.799999999999999800 ) ) ;
#1619 = AXIS2_PLACEMENT_3D ( 'NONE', #88, #2477, #1287 ) ;
#1620 = DIRECTION ( 'NONE',  ( 0.0000000000000000000, 0.01745240643728350100, -0.9998476951563911600 ) ) ;
#1621 = DIRECTION ( 'NONE',  ( 1.000000000000000000, -3.892437792519730000E-031, 0.0000000000000000000 ) ) ;
#1622 = ORIENTED_EDGE ( 'NONE', *, *, #691, .T. ) ;
#1623 = DIRECTION ( 'NONE',  ( -3.048932933314252800E-016, 1.000000000000000000, 0.0000000000000000000 ) ) ;
#1624 = VECTOR ( 'NONE', #1237, 1000.000000000000100 ) ;
#1625 = AXIS2_PLACEMENT_3D ( 'NONE', #1546, #358, #1745 ) ;
#1626 = DIRECTION ( 'NONE',  ( -1.000000000000000000, 0.0000000000000000000, 0.0000000000000000000 ) ) ;
#1627 = DIRECTION ( 'NONE',  ( -0.01745240643728340100, 0.0000000000000000000, -0.9998476951563911600 ) ) ;
#1628 = VECTOR ( 'NONE', #768, 1000.000000000000000 ) ;
#1629 = CARTESIAN_POINT ( 'NONE',  ( -1.267731275191733100, -1.161576294687530500, -2.805046101215556300 ) ) ;
#1630 = VECTOR ( 'NONE', #2015, 1000.000000000000100 ) ;
#1631 = VECTOR ( 'NONE', #1536, 1000.000000000000000 ) ;
#1632 = PLANE ( 'NONE',  #509 ) ;
#1633 = EDGE_CURVE ( 'NONE', #258, #2393, #236, .T. ) ;
#1634 = VECTOR ( 'NONE', #2541, 1000.000000000000000 ) ;
#1635 = DIRECTION ( 'NONE',  ( -0.01744974916068269300, 0.01744974916068259300, 0.9996954598818875700 ) ) ;
#1636 = VECTOR ( 'NONE', #442, 1000.000000000000200 ) ;
#1637 = ORIENTED_EDGE ( 'NONE', *, *, #1126, .T. ) ;
#1638 = DIRECTION ( 'NONE',  ( 0.01744974916068289800, 0.01744974916068267600, -0.9996954598818874600 ) ) ;
#1639 = VERTEX_POINT ( 'NONE', #1364 ) ;
#1640 = EDGE_LOOP ( 'NONE', ( #2012, #1174, #223, #2573 ) ) ;
#1641 = ORIENTED_EDGE ( 'NONE', *, *, #1949, .T. ) ;
#1642 = CARTESIAN_POINT ( 'NONE',  ( -0.9626888098285011400, 24.66258054995746100, -3.013979504798185000 ) ) ;
#1643 = EDGE_CURVE ( 'NONE', #439, #1025, #577, .T. ) ;
#1644 = ORIENTED_EDGE ( 'NONE', *, *, #757, .F. ) ;
#1645 = CARTESIAN_POINT ( 'NONE',  ( -1.399109784433377300, 24.95611738087584900, 16.29999999999999700 ) ) ;
#1646 =( BOUNDED_SURFACE ( )  B_SPLINE_SURFACE ( 3, 3, ( 
 ( #910, #325, #1117, #2509 ),
 ( #1320, #128, #1519, #335 ),
 ( #1714, #527, #1918, #724 ),
 ( #2124, #922, #2325, #1765 ) ),
 .UNSPECIFIED., .F., .F., .F. ) 
 B_SPLINE_SURFACE_WITH_KNOTS ( ( 4, 4 ),
 ( 4, 4 ),
 ( 0.0000000000000000000, 1.000000000000000000 ),
 ( 0.0000000000000000000, 1.000000000000000000 ),
 .UNSPECIFIED. ) 
 GEOMETRIC_REPRESENTATION_ITEM ( )  RATIONAL_B_SPLINE_SURFACE ( (
 ( 1.000000000000000000, 0.8047378541243658300, 0.8047378541243658300, 1.000000000000000000),
 ( 0.8066509726615038700, 0.6491425727669510900, 0.6491425727669510900, 0.8066509726615038700),
 ( 0.8066509726615038700, 0.6491425727669510900, 0.6491425727669510900, 0.8066509726615038700),
 ( 1.000000000000000000, 0.8047378541243658300, 0.8047378541243658300, 1.000000000000000000) ) ) 
 REPRESENTATION_ITEM ( '' )  SURFACE ( )  );
#1647 = EDGE_LOOP ( 'NONE', ( #1198, #135, #561, #2305 ) ) ;
#1648 = CARTESIAN_POINT ( 'NONE',  ( 18.80000000000000400, 15.39999999999999000, 16.30000000000000100 ) ) ;
#1649 = CARTESIAN_POINT ( 'NONE',  ( 38.57515136844217800, -1.375183475891399000, -2.308726203218243600 ) ) ;
#1650 = CARTESIAN_POINT ( 'NONE',  ( 21.79999999999999700, 24.99603359355456400, 16.30000000000000100 ) ) ;
#1651 =( GEOMETRIC_REPRESENTATION_CONTEXT ( 3 ) GLOBAL_UNCERTAINTY_ASSIGNED_CONTEXT ( ( #2191 ) ) GLOBAL_UNIT_ASSIGNED_CONTEXT ( ( #124, #1912, #723 ) ) REPRESENTATION_CONTEXT ( 'NONE', 'WORKASPACE' ) );
#1652 = EDGE_LOOP ( 'NONE', ( #1981, #1142, #1131, #1553, #180, #166, #2125, #1792 ) ) ;
#1653 = LINE ( 'NONE', #40, #1067 ) ;
#1654 = CARTESIAN_POINT ( 'NONE',  ( -0.7999999999999951600, 8.400000000000000400, 16.30000000000000100 ) ) ;
#1655 = LINE ( 'NONE', #1881, #1068 ) ;
#1656 = CARTESIAN_POINT ( 'NONE',  ( -1.592834972709027400, 25.49978348025792800, 16.30000000000000100 ) ) ;
#1657 = VECTOR ( 'NONE', #1989, 1000.000000000000100 ) ;
#1658 = CARTESIAN_POINT ( 'NONE',  ( 15.30000000000000100, -0.7000000000000046200, 16.30000000000000100 ) ) ;
#1659 = VECTOR ( 'NONE', #2351, 1000.000000000000000 ) ;
#1660 = CARTESIAN_POINT ( 'NONE',  ( 22.30000000000000800, 24.49999999999999300, 16.30000000000000100 ) ) ;
#1661 = VERTEX_POINT ( 'NONE', #175 ) ;
#1662 = EDGE_CURVE ( 'NONE', #1855, #1336, #1111, .T. ) ;
#1663 = LINE ( 'NONE', #503, #2267 ) ;
#1664 = CARTESIAN_POINT ( 'NONE',  ( 39.07276802184036800, 24.67504310857051300, -2.595064844444048300 ) ) ;
#1665 = EDGE_CURVE ( 'NONE', #318, #658, #2110, .T. ) ;
#1666 = CARTESIAN_POINT ( 'NONE',  ( 38.57515136834833000, -1.372843485328594500, -2.599097146482491000 ) ) ;
#1667 = DIRECTION ( 'NONE',  ( -1.000000000000000000, 0.0000000000000000000, 0.0000000000000000000 ) ) ;
#1668 = LINE ( 'NONE', #1698, #549 ) ;
#1669 = CARTESIAN_POINT ( 'NONE',  ( -1.365004534589623800, 15.40000000000000000, 15.90000000000000000 ) ) ;
#1670 = EDGE_CURVE ( 'NONE', #127, #531, #1570, .T. ) ;
#1671 = ORIENTED_EDGE ( 'NONE', *, *, #15, .F. ) ;
#1672 = DIRECTION ( 'NONE',  ( -0.0000000000000000000, -0.0000000000000000000, -1.000000000000000000 ) ) ;
#1673 = CARTESIAN_POINT ( 'NONE',  ( -1.799891740128970000, 24.99985963267974000, 16.30000000000000400 ) ) ;
#1674 = AXIS2_PLACEMENT_3D ( 'NONE', #996, #208, #1590 ) ;
#1675 = DIRECTION ( 'NONE',  ( -0.0002193281310571327300, 0.9999210294446921900, -0.01256530021280925100 ) ) ;
#1676 = ORIENTED_EDGE ( 'NONE', *, *, #1384, .T. ) ;
#1677 = ORIENTED_EDGE ( 'NONE', *, *, #1541, .T. ) ;
#1678 = DIRECTION ( 'NONE',  ( 0.0000000000000000000, 0.0000000000000000000, 1.000000000000000000 ) ) ;
#1679 = OPEN_SHELL ( 'NONE', ( #730, #1917, #346 ) ) ;
#1680 = ORIENTED_EDGE ( 'NONE', *, *, #1914, .T. ) ;
#1681 = DIRECTION ( 'NONE',  ( 0.0000000000000000000, 0.0000000000000000000, -1.000000000000000000 ) ) ;
#1682 = PLANE ( 'NONE',  #68 ) ;
#1683 = DIRECTION ( 'NONE',  ( 0.01744974916068259300, 0.01744974916068259300, 0.9996954598818875700 ) ) ;
#1684 = EDGE_CURVE ( 'NONE', #613, #195, #636, .T. ) ;
#1685 = DIRECTION ( 'NONE',  ( 1.000000000000000000, -1.899065700016720100E-016, 0.0000000000000000000 ) ) ;
#1686 = EDGE_LOOP ( 'NONE', ( #1272, #288, #2543, #1367 ) ) ;
#1687 = ADVANCED_FACE ( 'NONE', ( #455 ), #1773, .T. ) ;
#1688 = VECTOR ( 'NONE', #2233, 1000.000000000000200 ) ;
#1689 = ADVANCED_FACE ( 'NONE', ( #978 ), #1569, .F. ) ;
#1690 = DIRECTION ( 'NONE',  ( 0.08715574274766611800, 0.0000000000000000000, 0.9961946980917448800 ) ) ;
#1691 = VECTOR ( 'NONE', #2147, 1000.000000000000000 ) ;
#1692 = DIRECTION ( 'NONE',  ( 0.0000000000000000000, 0.0000000000000000000, 1.000000000000000000 ) ) ;
#1693 = LINE ( 'NONE', #2409, #1757 ) ;
#1694 = CYLINDRICAL_SURFACE ( 'NONE', #1891, 0.4999999999999988300 ) ;
#1695 = DIRECTION ( 'NONE',  ( 1.000000000000000000, 0.0000000000000000000, 0.0000000000000000000 ) ) ;
#1696 = CIRCLE ( 'NONE', #1946, 0.5500000000000018200 ) ;
#1697 = LINE ( 'NONE', #2412, #2178 ) ;
#1698 = CARTESIAN_POINT ( 'NONE',  ( -0.7999999999999927200, 15.40000000000000000, 16.30000000000000100 ) ) ;
#1699 = EDGE_CURVE ( 'NONE', #1465, #470, #518, .T. ) ;
#1700 = CARTESIAN_POINT ( 'NONE',  ( -1.475075216020365300, 24.67504310857116000, -2.308726203218643700 ) ) ;
#1701 = ORIENTED_EDGE ( 'NONE', *, *, #1801, .T. ) ;
#1702 = ADVANCED_FACE ( 'NONE', ( #2510 ), #221, .T. ) ;
#1703 = ADVANCED_FACE ( 'NONE', ( #2035 ), #419, .T. ) ;
#1704 = ORIENTED_EDGE ( 'NONE', *, *, #1085, .T. ) ;
#1705 = PLANE ( 'NONE',  #1057 ) ;
#1706 = ORIENTED_EDGE ( 'NONE', *, *, #952, .F. ) ;
#1707 = ORIENTED_EDGE ( 'NONE', *, *, #2160, .T. ) ;
#1708 = ORIENTED_EDGE ( 'NONE', *, *, #359, .T. ) ;
#1709 = ORIENTED_EDGE ( 'NONE', *, *, #579, .T. ) ;
#1710 = CARTESIAN_POINT ( 'NONE',  ( -1.466500000000014300, 25.16639174012896200, -2.799999999999999800 ) ) ;
#1711 = VERTEX_POINT ( 'NONE', #1820 ) ;
#1712 = AXIS2_PLACEMENT_3D ( 'NONE', #1280, #89, #1477 ) ;
#1713 = AXIS2_PLACEMENT_3D ( 'NONE', #1032, #1238, #438 ) ;
#1714 = CARTESIAN_POINT ( 'NONE',  ( -1.472768021838002600, 24.67504310857115600, -2.595064844447526800 ) ) ;
#1715 = ADVANCED_FACE ( 'NONE', ( #1973 ), #536, .F. ) ;
#1716 = EDGE_LOOP ( 'NONE', ( #508, #869, #555, #1677 ) ) ;
#1717 = ADVANCED_FACE ( 'NONE', ( #1385 ), #523, .T. ) ;
#1718 = PLANE ( 'NONE',  #1313 ) ;
#1719 = DIRECTION ( 'NONE',  ( 0.0000000000000000000, 1.000000000000000000, 0.0000000000000000000 ) ) ;
#1720 =( NAMED_UNIT ( * ) SI_UNIT ( $, .STERADIAN. ) SOLID_ANGLE_UNIT ( ) );
#1721 = EDGE_LOOP ( 'NONE', ( #2234, #2221, #1583, #1271 ) ) ;
#1722 = VECTOR ( 'NONE', #2017, 1000.000000000000000 ) ;
#1723 = CIRCLE ( 'NONE', #197, 0.5000000000000004400 ) ;
#1724 = AXIS2_PLACEMENT_3D ( 'NONE', #1596, #406, #1799 ) ;
#1725 = CARTESIAN_POINT ( 'NONE',  ( -0.9751513684421592200, -1.375183475891390300, -2.308726203218642000 ) ) ;
#1726 = VECTOR ( 'NONE', #1395, 1000.000000000000000 ) ;
#1727 = MANIFOLD_SURFACE_SHAPE_REPRESENTATION ( 'tmf05', ( #1266, #675 ), #1651 ) ;
#1728 = DIRECTION ( 'NONE',  ( -2.337311630789800200E-016, -1.000000000000000000, 0.0000000000000000000 ) ) ;
#1729 = CARTESIAN_POINT ( 'NONE',  ( -0.9998917401289686400, 14.89989174012895900, 15.99999999999999600 ) ) ;
#1730 = VECTOR ( 'NONE', #1342, 1000.000000000000000 ) ;
#1731 = ORIENTED_EDGE ( 'NONE', *, *, #758, .F. ) ;
#1732 = FACE_OUTER_BOUND ( 'NONE', #1426, .T. ) ;
#1733 = VECTOR ( 'NONE', #2487, 1000.000000000000000 ) ;
#1734 = DIRECTION ( 'NONE',  ( 0.0000000000000000000, 0.0000000000000000000, 1.000000000000000000 ) ) ;
#1735 = ORIENTED_EDGE ( 'NONE', *, *, #2323, .F. ) ;
#1736 = CARTESIAN_POINT ( 'NONE',  ( 21.79999999999999700, 11.89989174012896100, 16.30000000000000100 ) ) ;
#1737 = DIRECTION ( 'NONE',  ( -0.08715574274765754100, 0.0000000000000000000, 0.9961946980917455500 ) ) ;
#1738 = EDGE_CURVE ( 'NONE', #195, #1275, #2446, .T. ) ;
#1739 = VERTEX_POINT ( 'NONE', #2321 ) ;
#1740 = ORIENTED_EDGE ( 'NONE', *, *, #2489, .F. ) ;
#1741 = ORIENTED_EDGE ( 'NONE', *, *, #1933, .T. ) ;
#1742 = ORIENTED_EDGE ( 'NONE', *, *, #436, .T. ) ;
#1743 = CARTESIAN_POINT ( 'NONE',  ( -1.299891740128966900, 14.89989174012895900, 16.30000000000000100 ) ) ;
#1744 = CARTESIAN_POINT ( 'NONE',  ( -1.399891740128968800, 14.89989174012896100, 16.30000000000000100 ) ) ;
#1745 = DIRECTION ( 'NONE',  ( 1.000000000000000000, 0.0000000000000000000, 0.0000000000000000000 ) ) ;
#1746 = CARTESIAN_POINT ( 'NONE',  ( -1.300380530190829300, -1.200380530190829700, 16.30000000000000100 ) ) ;
#1747 = EDGE_CURVE ( 'NONE', #1092, #2391, #918, .T. ) ;
#1748 = AXIS2_PLACEMENT_3D ( 'NONE', #1372, #181, #1566 ) ;
#1749 = VERTEX_POINT ( 'NONE', #2514 ) ;
#1750 = CARTESIAN_POINT ( 'NONE',  ( 38.56268880982848700, -0.8627970696995293000, -3.013979504798185900 ) ) ;
#1751 = LINE ( 'NONE', #2026, #1688 ) ;
#1752 = CARTESIAN_POINT ( 'NONE',  ( 35.29999999999999700, 1.699999999999990900, 16.30000000000000100 ) ) ;
#1753 = EDGE_CURVE ( 'NONE', #144, #2146, #391, .T. ) ;
#1754 = LINE ( 'NONE', #2265, #1221 ) ;
#1755 = DIRECTION ( 'NONE',  ( 2.337311630789800200E-016, 1.000000000000000000, 0.0000000000000000000 ) ) ;
#1756 = AXIS2_PLACEMENT_3D ( 'NONE', #1138, #2527, #1338 ) ;
#1757 = VECTOR ( 'NONE', #33, 1000.000000000000000 ) ;
#1758 = DIRECTION ( 'NONE',  ( -0.0006852778371463000700, -0.9992288120520880200, -0.03925954099653600200 ) ) ;
#1759 = FACE_OUTER_BOUND ( 'NONE', #2153, .T. ) ;
#1760 = LINE ( 'NONE', #2272, #176 ) ;
#1761 = VECTOR ( 'NONE', #1672, 1000.000000000000000 ) ;
#1762 = CARTESIAN_POINT ( 'NONE',  ( 35.29999999999999700, 1.699999999999990900, 15.90000000000000000 ) ) ;
#1763 = DIRECTION ( 'NONE',  ( 0.0000000000000000000, 1.000000000000000000, 0.0000000000000000000 ) ) ;
#1764 = ORIENTED_EDGE ( 'NONE', *, *, #2041, .T. ) ;
#1765 = CARTESIAN_POINT ( 'NONE',  ( -0.9751513684421696500, 25.17502657128721900, -2.304066572323189000 ) ) ;
#1766 = VERTEX_POINT ( 'NONE', #926 ) ;
#1767 = EDGE_CURVE ( 'NONE', #903, #439, #2383, .T. ) ;
#1768 = EDGE_LOOP ( 'NONE', ( #919, #714, #2492, #1155 ) ) ;
#1769 = VERTEX_POINT ( 'NONE', #2526 ) ;
#1770 = DIRECTION ( 'NONE',  ( 0.0000000000000000000, 0.0000000000000000000, -1.000000000000000000 ) ) ;
#1771 = ORIENTED_EDGE ( 'NONE', *, *, #630, .F. ) ;
#1772 = VERTEX_POINT ( 'NONE', #1334 ) ;
#1773 = PLANE ( 'NONE',  #2353 ) ;
#1774 = PLANE ( 'NONE',  #1446 ) ;
#1775 = CARTESIAN_POINT ( 'NONE',  ( 39.19283497270900100, -1.700000000000004200, 16.30000000000000100 ) ) ;
#1776 = VERTEX_POINT ( 'NONE', #1729 ) ;
#1777 = CARTESIAN_POINT ( 'NONE',  ( 38.89324158376679500, -1.293068831153837600, 15.90291360274735200 ) ) ;
#1778 = EDGE_CURVE ( 'NONE', #830, #957, #2334, .T. ) ;
#1779 = EDGE_LOOP ( 'NONE', ( #969, #2010 ) ) ;
#1780 = VECTOR ( 'NONE', #1418, 1000.000000000000000 ) ;
#1781 = DIRECTION ( 'NONE',  ( -0.9998476951563912700, -3.048468566060670500E-016, -0.01745240643728350500 ) ) ;
#1782 = VECTOR ( 'NONE', #1982, 1000.000000000000100 ) ;
#1783 = CARTESIAN_POINT ( 'NONE',  ( 15.30000000000000800, 25.09999999999999800, 15.90000000000000000 ) ) ;
#1784 = FACE_OUTER_BOUND ( 'NONE', #2335, .T. ) ;
#1785 = AXIS2_PLACEMENT_3D ( 'NONE', #497, #1297, #106 ) ;
#1786 = VECTOR ( 'NONE', #1932, 1000.000000000000000 ) ;
#1787 = VERTEX_POINT ( 'NONE', #2128 ) ;
#1788 = VECTOR ( 'NONE', #2270, 1000.000000000000000 ) ;
#1789 = LINE ( 'NONE', #311, #2200 ) ;
#1790 = DIRECTION ( 'NONE',  ( 1.000000000000000000, -0.0000000000000000000, 0.0000000000000000000 ) ) ;
#1791 = DIRECTION ( 'NONE',  ( 0.0000000000000000000, 0.0000000000000000000, 1.000000000000000000 ) ) ;
#1792 = ORIENTED_EDGE ( 'NONE', *, *, #417, .T. ) ;
#1793 = ORIENTED_EDGE ( 'NONE', *, *, #721, .F. ) ;
#1794 = EDGE_CURVE ( 'NONE', #2179, #1489, #1919, .T. ) ;
#1795 = EDGE_CURVE ( 'NONE', #2240, #1017, #269, .T. ) ;
#1796 = ORIENTED_EDGE ( 'NONE', *, *, #1245, .T. ) ;
#1797 = CARTESIAN_POINT ( 'NONE',  ( 35.79999999999999700, 1.700000000000000000, 1.000000000000000000 ) ) ;
#1798 = ORIENTED_EDGE ( 'NONE', *, *, #1029, .F. ) ;
#1799 = DIRECTION ( 'NONE',  ( 2.337311630789800200E-016, 1.000000000000000000, 0.0000000000000000000 ) ) ;
#1800 = DIRECTION ( 'NONE',  ( -0.0000000000000000000, -0.0000000000000000000, -1.000000000000000000 ) ) ;
#1801 = EDGE_CURVE ( 'NONE', #1154, #203, #1260, .T. ) ;
#1802 = AXIS2_PLACEMENT_3D ( 'NONE', #1600, #412, #1803 ) ;
#1803 = DIRECTION ( 'NONE',  ( 1.000000000000000000, 0.0000000000000000000, 0.0000000000000000000 ) ) ;
#1804 = CARTESIAN_POINT ( 'NONE',  ( 38.99989174012898700, -1.299999999999994300, 16.30000000000000100 ) ) ;
#1805 = CARTESIAN_POINT ( 'NONE',  ( 38.99910978443340100, -1.156117380875766300, 16.29999999999999700 ) ) ;
#1806 = LINE ( 'NONE', #615, #1291 ) ;
#1807 = CARTESIAN_POINT ( 'NONE',  ( 35.29999999999999700, 1.699999999999990900, 15.90000000000000000 ) ) ;
#1808 = CARTESIAN_POINT ( 'NONE',  ( -1.149891740128967400, 10.39989174012896100, 16.14999999999999900 ) ) ;
#1809 = EDGE_CURVE ( 'NONE', #2391, #903, #1330, .T. ) ;
#1810 = CARTESIAN_POINT ( 'NONE',  ( 15.30000000000000800, 24.49999999999999600, 15.90000000000000000 ) ) ;
#1811 = CIRCLE ( 'NONE', #1576, 0.5000000000000000000 ) ;
#1812 = CARTESIAN_POINT ( 'NONE',  ( -1.799891740128962900, -1.492943232580054000, 16.30000000000000100 ) ) ;
#1813 = VECTOR ( 'NONE', #1586, 1000.000000000000000 ) ;
#1814 = VECTOR ( 'NONE', #1063, 1000.000000000000000 ) ;
#1815 = CARTESIAN_POINT ( 'NONE',  ( 38.57515136844219200, 11.89989174012896100, -2.799999999999999800 ) ) ;
#1816 = DIRECTION ( 'NONE',  ( 0.9998476951563912700, 0.0000000000000000000, -0.01745240643728340400 ) ) ;
#1817 = CIRCLE ( 'NONE', #1410, 0.5000000000000000000 ) ;
#1818 = VECTOR ( 'NONE', #279, 1000.000000000000000 ) ;
#1819 = CARTESIAN_POINT ( 'NONE',  ( 18.79999999999999000, -1.199999999999996200, 16.30000000000000100 ) ) ;
#1820 = CARTESIAN_POINT ( 'NONE',  ( 35.79999999999999700, 14.40000000000000600, 1.000000000000000000 ) ) ;
#1821 = CARTESIAN_POINT ( 'NONE',  ( 38.99989174012897300, 14.89989174012895900, 16.30000000000000100 ) ) ;
#1822 = EDGE_LOOP ( 'NONE', ( #2414, #252, #159, #1441 ) ) ;
#1823 = ORIENTED_EDGE ( 'NONE', *, *, #1904, .F. ) ;
#1824 = CARTESIAN_POINT ( 'NONE',  ( -0.2000000000000098400, -0.1001082598710300900, -2.799999999999999800 ) ) ;
#1825 = DIRECTION ( 'NONE',  ( 0.0000000000000000000, 1.000000000000000000, 0.0000000000000000000 ) ) ;
#1826 = ORIENTED_EDGE ( 'NONE', *, *, #1490, .F. ) ;
#1827 = VERTEX_POINT ( 'NONE', #1150 ) ;
#1828 = CARTESIAN_POINT ( 'NONE',  ( -1.475113554314224000, -0.8706137445724018200, -2.304028456564676900 ) ) ;
#1829 = ORIENTED_EDGE ( 'NONE', *, *, #1466, .F. ) ;
#1830 = CARTESIAN_POINT ( 'NONE',  ( 39.07507521602034500, 24.67504310857114200, -2.308726203218640600 ) ) ;
#1831 = ORIENTED_EDGE ( 'NONE', *, *, #402, .T. ) ;
#1832 = EDGE_CURVE ( 'NONE', #1772, #1639, #202, .T. ) ;
#1833 = DIRECTION ( 'NONE',  ( 1.000000000000000000, 5.551115123125780300E-015, 0.0000000000000000000 ) ) ;
#1834 = CARTESIAN_POINT ( 'NONE',  ( 15.52497825373542600, -1.261282941549905200, 16.13310879962044100 ) ) ;
#1835 = CARTESIAN_POINT ( 'NONE',  ( 22.30000000000000800, 11.89999999999999500, 16.30000000000000100 ) ) ;
#1836 = ORIENTED_EDGE ( 'NONE', *, *, #1794, .T. ) ;
#1837 = CARTESIAN_POINT ( 'NONE',  ( 35.85000000000000900, 14.39999999999999000, 16.30000000000000100 ) ) ;
#1838 = AXIS2_PLACEMENT_3D ( 'NONE', #137, #2135, #935 ) ;
#1839 = DIRECTION ( 'NONE',  ( -0.0000000000000000000, -0.0000000000000000000, 1.000000000000000000 ) ) ;
#1840 = ORIENTED_EDGE ( 'NONE', *, *, #1401, .T. ) ;
#1841 = CARTESIAN_POINT ( 'NONE',  ( -0.9751513684421668800, 5.266641740128960700, -2.299999999999999800 ) ) ;
#1842 = AXIS2_PLACEMENT_3D ( 'NONE', #2159, #955, #2357 ) ;
#1843 = VECTOR ( 'NONE', #2402, 1000.000000000000000 ) ;
#1844 = AXIS2_PLACEMENT_3D ( 'NONE', #1440, #448, #49 ) ;
#1845 = DIRECTION ( 'NONE',  ( -0.0000000000000000000, -0.0000000000000000000, 1.000000000000000000 ) ) ;
#1846 = DIRECTION ( 'NONE',  ( 1.000000000000000000, 0.0000000000000000000, 0.0000000000000000000 ) ) ;
#1847 = VECTOR ( 'NONE', #196, 1000.000000000000000 ) ;
#1848 = DIRECTION ( 'NONE',  ( 0.0000000000000000000, 0.0000000000000000000, 1.000000000000000000 ) ) ;
#1849 = CARTESIAN_POINT ( 'NONE',  ( 38.57515136844237700, 24.67504310857108200, -2.800000000000000300 ) ) ;
#1850 = VERTEX_POINT ( 'NONE', #2347 ) ;
#1851 = VECTOR ( 'NONE', #2254, 1000.000000000000000 ) ;
#1852 = FACE_OUTER_BOUND ( 'NONE', #210, .T. ) ;
#1853 = CARTESIAN_POINT ( 'NONE',  ( 34.75000000000000000, 14.39999999999999000, 15.90000000000000000 ) ) ;
#1854 = VECTOR ( 'NONE', #2332, 1000.000000000000200 ) ;
#1855 = VERTEX_POINT ( 'NONE', #545 ) ;
#1856 = DIRECTION ( 'NONE',  ( -0.0000000000000000000, 0.0000000000000000000, 1.000000000000000000 ) ) ;
#1857 = FACE_OUTER_BOUND ( 'NONE', #1216, .T. ) ;
#1858 = VECTOR ( 'NONE', #2080, 1000.000000000000000 ) ;
#1859 = DIRECTION ( 'NONE',  ( 0.9999999856458226000, -0.0001694353998755922500, 0.0000000000000000000 ) ) ;
#1860 = CARTESIAN_POINT ( 'NONE',  ( 38.98941800844702500, 14.89989174012896100, 15.69996031380938300 ) ) ;
#1861 = AXIS2_PLACEMENT_3D ( 'NONE', #2002, #811, #2214 ) ;
#1862 = CARTESIAN_POINT ( 'NONE',  ( 38.89324158377230100, -1.293068831153837200, 15.90291360274732200 ) ) ;
#1863 = CARTESIAN_POINT ( 'NONE',  ( 38.57515136844514100, 24.67504310857017900, -2.799999999999996300 ) ) ;
#1864 = PLANE ( 'NONE',  #1219 ) ;
#1865 = ORIENTED_EDGE ( 'NONE', *, *, #1934, .T. ) ;
#1866 = ORIENTED_EDGE ( 'NONE', *, *, #2419, .F. ) ;
#1867 = DIRECTION ( 'NONE',  ( -0.0000000000000000000, -1.000000000000000000, -0.0000000000000000000 ) ) ;
#1868 = ORIENTED_EDGE ( 'NONE', *, *, #1889, .T. ) ;
#1869 = ORIENTED_EDGE ( 'NONE', *, *, #1889, .F. ) ;
#1870 = CARTESIAN_POINT ( 'NONE',  ( 38.59989174012898900, 8.899891740128961000, 16.30000000000000100 ) ) ;
#1871 = ORIENTED_EDGE ( 'NONE', *, *, #864, .T. ) ;
#1872 = CARTESIAN_POINT ( 'NONE',  ( 38.40000000000000600, 8.399999999999991500, 16.30000000000000100 ) ) ;
#1873 = CARTESIAN_POINT ( 'NONE',  ( 38.86803489993612700, 25.17502657129044200, -2.304066572321442400 ) ) ;
#1874 = CARTESIAN_POINT ( 'NONE',  ( 38.86878543463114300, -1.373827013204308700, -2.478172782095964700 ) ) ;
#1875 = CARTESIAN_POINT ( 'NONE',  ( 1.750000000000003300, 20.69999999999999600, 16.30000000000000100 ) ) ;
#1876 = EDGE_CURVE ( 'NONE', #1555, #439, #1197, .T. ) ;
#1877 = CARTESIAN_POINT ( 'NONE',  ( 22.30000000000000800, 24.49999999999999300, 16.30000000000000100 ) ) ;
#1878 = CARTESIAN_POINT ( 'NONE',  ( 35.29999999999999700, 14.40000000000000600, 1.000000000000000000 ) ) ;
#1879 = CARTESIAN_POINT ( 'NONE',  ( 21.79999999999402500, -1.289526268318033300, 15.69996031380943600 ) ) ;
#1880 = FACE_OUTER_BOUND ( 'NONE', #26, .T. ) ;
#1881 = CARTESIAN_POINT ( 'NONE',  ( 18.79999999999999000, 24.67504310857108200, -2.799999999999999800 ) ) ;
#1882 = FACE_OUTER_BOUND ( 'NONE', #601, .T. ) ;
#1883 = DIRECTION ( 'NONE',  ( 1.000000000000000000, 0.0000000000000000000, -0.0000000000000000000 ) ) ;
#1884 = CYLINDRICAL_SURFACE ( 'NONE', #515, 0.5000000000000000000 ) ;
#1885 = EDGE_CURVE ( 'NONE', #2039, #708, #2264, .T. ) ;
#1886 = CARTESIAN_POINT ( 'NONE',  ( 38.70000000000000300, 11.89999999999999000, 15.90000000000000000 ) ) ;
#1887 = ADVANCED_FACE ( 'NONE', ( #600 ), #950, .F. ) ;
#1888 = ADVANCED_FACE ( 'NONE', ( #1141 ), #1592, .T. ) ;
#1889 = EDGE_CURVE ( 'NONE', #1769, #2179, #83, .T. ) ;
#1890 = ORIENTED_EDGE ( 'NONE', *, *, #154, .F. ) ;
#1891 = AXIS2_PLACEMENT_3D ( 'NONE', #1083, #1683, #728 ) ;
#1892 = AXIS2_PLACEMENT_3D ( 'NONE', #1469, #2284, #1087 ) ;
#1893 = ORIENTED_EDGE ( 'NONE', *, *, #1248, .T. ) ;
#1894 = DIRECTION ( 'NONE',  ( 0.0000000000000000000, 0.0000000000000000000, 1.000000000000000000 ) ) ;
#1895 = DIRECTION ( 'NONE',  ( -0.01054082253850195500, -0.9999444439868706600, 0.0000000000000000000 ) ) ;
#1896 = EDGE_LOOP ( 'NONE', ( #1549, #1609, #2366, #2182 ) ) ;
#1897 = VERTEX_POINT ( 'NONE', #1162 ) ;
#1898 = ORIENTED_EDGE ( 'NONE', *, *, #396, .T. ) ;
#1899 = AXIS2_PLACEMENT_3D ( 'NONE', #1194, #5, #1396 ) ;
#1900 = ORIENTED_EDGE ( 'NONE', *, *, #2065, .F. ) ;
#1901 = ADVANCED_FACE ( 'NONE', ( #1074 ), #2070, .F. ) ;
#1902 = ADVANCED_FACE ( 'NONE', ( #668 ), #1002, .T. ) ;
#1903 = DIRECTION ( 'NONE',  ( -0.0000000000000000000, -0.0000000000000000000, -1.000000000000000000 ) ) ;
#1904 = EDGE_CURVE ( 'NONE', #559, #830, #2138, .T. ) ;
#1905 = VERTEX_POINT ( 'NONE', #569 ) ;
#1906 = DIRECTION ( 'NONE',  ( -0.01745240643728350100, 0.0000000000000000000, 0.9998476951563911600 ) ) ;
#1907 = ORIENTED_EDGE ( 'NONE', *, *, #741, .F. ) ;
#1908 = FACE_OUTER_BOUND ( 'NONE', #2437, .T. ) ;
#1909 = CARTESIAN_POINT ( 'NONE',  ( 22.30000000000000800, 25.06500453458962200, 15.90000000000000000 ) ) ;
#1910 = CARTESIAN_POINT ( 'NONE',  ( -1.299891740128966700, 8.899891740128961000, 16.30000000000000100 ) ) ;
#1911 = FACE_OUTER_BOUND ( 'NONE', #984, .T. ) ;
#1912 =( NAMED_UNIT ( * ) PLANE_ANGLE_UNIT ( ) SI_UNIT ( $, .RADIAN. ) );
#1913 = ADVANCED_FACE ( 'NONE', ( #12, #484, #1543, #1998, #2533 ), #374, .T. ) ;
#1914 = EDGE_CURVE ( 'NONE', #1312, #144, #2478, .T. ) ;
#1915 = LINE ( 'NONE', #662, #337 ) ;
#1916 = FACE_OUTER_BOUND ( 'NONE', #556, .T. ) ;
#1917 = ADVANCED_FACE ( 'NONE', ( #1414 ), #361, .T. ) ;
#1918 = CARTESIAN_POINT ( 'NONE',  ( -1.266648455138736000, 25.17265976196699000, -2.595064844447533900 ) ) ;
#1919 = LINE ( 'NONE', #936, #341 ) ;
#1920 = EDGE_LOOP ( 'NONE', ( #897, #582, #1181, #2097 ) ) ;
#1921 = VECTOR ( 'NONE', #1259, 1000.000000000000000 ) ;
#1922 = FACE_OUTER_BOUND ( 'NONE', #1488, .T. ) ;
#1923 =( BOUNDED_CURVE ( )  B_SPLINE_CURVE ( 3, ( #1614, #423, #1812, #622 ),
 .UNSPECIFIED., .F., .F. ) 
 B_SPLINE_CURVE_WITH_KNOTS ( ( 4, 4 ),
 ( 5.497939437029723200, 7.068431177329453700 ),
 .UNSPECIFIED. ) 
 CURVE ( )  GEOMETRIC_REPRESENTATION_ITEM ( )  RATIONAL_B_SPLINE_CURVE ( ( 1.000000000000000000, 0.8048096403827865700, 0.8048096403827865700, 1.000000000000000000 ) ) 
 REPRESENTATION_ITEM ( '' )  );
#1924 = DIRECTION ( 'NONE',  ( 0.0000000000000000000, 0.01745240643728340100, 0.9998476951563911600 ) ) ;
#1925 = DIRECTION ( 'NONE',  ( 0.0000000000000000000, 0.0000000000000000000, 1.000000000000000000 ) ) ;
#1926 = ORIENTED_EDGE ( 'NONE', *, *, #797, .T. ) ;
#1927 = ADVANCED_FACE ( 'NONE', ( #414 ), #1884, .F. ) ;
#1928 = VERTEX_POINT ( 'NONE', #1188 ) ;
#1929 = CARTESIAN_POINT ( 'NONE',  ( 2.299999999999996300, 1.699999999999998600, 16.30000000000000100 ) ) ;
#1930 = VERTEX_POINT ( 'NONE', #2570 ) ;
#1931 = ORIENTED_EDGE ( 'NONE', *, *, #1306, .F. ) ;
#1932 = DIRECTION ( 'NONE',  ( 0.0000000000000000000, 1.000000000000000000, 0.0000000000000000000 ) ) ;
#1933 = EDGE_CURVE ( 'NONE', #562, #127, #882, .T. ) ;
#1934 = EDGE_CURVE ( 'NONE', #1308, #1979, #2404, .T. ) ;
#1935 = CARTESIAN_POINT ( 'NONE',  ( 2.299999999999999800, 1.700000000000000000, 22.30000000000000100 ) ) ;
#1936 = CARTESIAN_POINT ( 'NONE',  ( -0.9751513684421696500, 24.67504310857116000, -2.299999999999999800 ) ) ;
#1937 = EDGE_CURVE ( 'NONE', #823, #559, #817, .T. ) ;
#1938 = CYLINDRICAL_SURFACE ( 'NONE', #924, 0.5000000000000000000 ) ;
#1939 = AXIS2_PLACEMENT_3D ( 'NONE', #405, #803, #2204 ) ;
#1940 = CARTESIAN_POINT ( 'NONE',  ( -0.9998917401289674200, 8.899891740128961000, 15.99999999999999600 ) ) ;
#1941 = DIRECTION ( 'NONE',  ( -1.000000000000000000, 0.0000000000000000000, 0.0000000000000000000 ) ) ;
#1942 = FACE_OUTER_BOUND ( 'NONE', #245, .T. ) ;
#1943 = DIRECTION ( 'NONE',  ( 0.0000000000000000000, 0.0000000000000000000, 1.000000000000000000 ) ) ;
#1944 = LINE ( 'NONE', #10, #1813 ) ;
#1945 = CIRCLE ( 'NONE', #1611, 0.5500000000000018200 ) ;
#1946 = AXIS2_PLACEMENT_3D ( 'NONE', #1752, #564, #1953 ) ;
#1947 = DIRECTION ( 'NONE',  ( -1.000000000000000000, 0.0000000000000000000, 0.0000000000000000000 ) ) ;
#1948 = CIRCLE ( 'NONE', #1152, 0.5500000000000001600 ) ;
#1949 = EDGE_CURVE ( 'NONE', #188, #2039, #306, .T. ) ;
#1950 = ORIENTED_EDGE ( 'NONE', *, *, #899, .T. ) ;
#1951 = DIRECTION ( 'NONE',  ( 0.01744974916068259300, -0.01744974916068269300, 0.9996954598818875700 ) ) ;
#1952 = VERTEX_POINT ( 'NONE', #1389 ) ;
#1953 = DIRECTION ( 'NONE',  ( -1.000000000000000000, 0.0000000000000000000, 0.0000000000000000000 ) ) ;
#1954 = OPEN_SHELL ( 'NONE', ( #890, #1902, #1315 ) ) ;
#1955 = ORIENTED_EDGE ( 'NONE', *, *, #2396, .F. ) ;
#1956 = ORIENTED_EDGE ( 'NONE', *, *, #1753, .T. ) ;
#1957 = CARTESIAN_POINT ( 'NONE',  ( 15.79999999999999200, -0.8999999999999973600, 15.99999999999999600 ) ) ;
#1958 = ORIENTED_EDGE ( 'NONE', *, *, #2239, .T. ) ;
#1959 = EDGE_LOOP ( 'NONE', ( #2307, #1310, #1526, #282 ) ) ;
#1960 = DIRECTION ( 'NONE',  ( 0.0000000000000000000, 0.0000000000000000000, 1.000000000000000000 ) ) ;
#1961 = ORIENTED_EDGE ( 'NONE', *, *, #844, .T. ) ;
#1962 = VERTEX_POINT ( 'NONE', #206 ) ;
#1963 = CARTESIAN_POINT ( 'NONE',  ( 2.799999999999999800, 1.700000000000000000, 22.30000000000000100 ) ) ;
#1964 = EDGE_CURVE ( 'NONE', #1739, #2120, #1295, .T. ) ;
#1965 = ORIENTED_EDGE ( 'NONE', *, *, #975, .F. ) ;
#1966 = FACE_OUTER_BOUND ( 'NONE', #1030, .T. ) ;
#1967 = CYLINDRICAL_SURFACE ( 'NONE', #2518, 0.5000000000000000000 ) ;
#1968 = CARTESIAN_POINT ( 'NONE',  ( 38.99296057128283600, 24.99313332389593300, 15.90291360274735100 ) ) ;
#1969 = AXIS2_PLACEMENT_3D ( 'NONE', #1202, #9, #1404 ) ;
#1970 = FACE_OUTER_BOUND ( 'NONE', #1896, .T. ) ;
#1971 = CARTESIAN_POINT ( 'NONE',  ( 39.39989174012895000, -1.200076152421802200, 16.30000000000000100 ) ) ;
#1972 = LINE ( 'NONE', #1425, #1448 ) ;
#1973 = FACE_OUTER_BOUND ( 'NONE', #314, .T. ) ;
#1974 = ORIENTED_EDGE ( 'NONE', *, *, #694, .F. ) ;
#1975 = LINE ( 'NONE', #2038, #1453 ) ;
#1976 = DIRECTION ( 'NONE',  ( 0.0000000000000000000, 0.0000000000000000000, 1.000000000000000000 ) ) ;
#1977 = AXIS2_PLACEMENT_3D ( 'NONE', #839, #58, #1450 ) ;
#1978 = VECTOR ( 'NONE', #61, 1000.000000000000000 ) ;
#1979 = VERTEX_POINT ( 'NONE', #2394 ) ;
#1980 = ORIENTED_EDGE ( 'NONE', *, *, #1594, .T. ) ;
#1981 = ORIENTED_EDGE ( 'NONE', *, *, #813, .T. ) ;
#1982 = DIRECTION ( 'NONE',  ( -0.01745240643724454600, 0.0000000000000000000, -0.9998476951563918200 ) ) ;
#1983 = DIRECTION ( 'NONE',  ( -2.337311630789800200E-016, -1.000000000000000000, 0.0000000000000000000 ) ) ;
#1984 = VERTEX_POINT ( 'NONE', #997 ) ;
#1985 = ORIENTED_EDGE ( 'NONE', *, *, #1535, .F. ) ;
#1986 = AXIS2_PLACEMENT_3D ( 'NONE', #604, #211, #1006 ) ;
#1987 = ORIENTED_EDGE ( 'NONE', *, *, #1809, .F. ) ;
#1988 = DIRECTION ( 'NONE',  ( -2.337311630789800200E-016, -1.000000000000000000, 0.0000000000000000000 ) ) ;
#1989 = DIRECTION ( 'NONE',  ( -0.9994445177940372000, -0.0005816276883812528600, 0.03332142795074197200 ) ) ;
#1990 = PLANE ( 'NONE',  #1939 ) ;
#1991 = LINE ( 'NONE', #1804, #301 ) ;
#1992 = EDGE_CURVE ( 'NONE', #896, #987, #1944, .T. ) ;
#1993 = CARTESIAN_POINT ( 'NONE',  ( 15.30000000000000100, -0.7000000000000047300, 15.90000000000000000 ) ) ;
#1994 = CARTESIAN_POINT ( 'NONE',  ( 39.39989174012894300, 25.16639174012896200, 16.30000000000000100 ) ) ;
#1995 = CARTESIAN_POINT ( 'NONE',  ( -0.9751513684421621000, -0.8752596283131953700, -2.299999999999999800 ) ) ;
#1996 = FACE_OUTER_BOUND ( 'NONE', #2497, .T. ) ;
#1997 = CARTESIAN_POINT ( 'NONE',  ( 0.0000000000000000000, 0.0000000000000000000, 15.90000000000000000 ) ) ;
#1998 = FACE_BOUND ( 'NONE', #466, .T. ) ;
#1999 = ORIENTED_EDGE ( 'NONE', *, *, #1610, .T. ) ;
#2000 = DIRECTION ( 'NONE',  ( 1.000000000000000000, -2.337311630789800200E-016, 0.0000000000000000000 ) ) ;
#2001 = CIRCLE ( 'NONE', #510, 0.5000000000000004400 ) ;
#2002 = CARTESIAN_POINT ( 'NONE',  ( 37.29999999999999000, 0.3998917401289599500, -2.799999999999999800 ) ) ;
#2003 = CARTESIAN_POINT ( 'NONE',  ( 38.57515136844219200, 25.17496695614933700, -2.308726203218642000 ) ) ;
#2004 = CARTESIAN_POINT ( 'NONE',  ( 38.90445295251433300, -1.279680850576028700, 16.29999999999999700 ) ) ;
#2005 = VERTEX_POINT ( 'NONE', #1405 ) ;
#2006 = CARTESIAN_POINT ( 'NONE',  ( 38.57515136844215700, 24.67504310857112400, -2.299999999999998500 ) ) ;
#2007 = DIRECTION ( 'NONE',  ( -1.000000000000000000, 0.0000000000000000000, 0.0000000000000000000 ) ) ;
#2008 = ORIENTED_EDGE ( 'NONE', *, *, #1115, .F. ) ;
#2009 = EDGE_CURVE ( 'NONE', #2024, #151, #231, .T. ) ;
#2010 = ORIENTED_EDGE ( 'NONE', *, *, #593, .T. ) ;
#2011 = EDGE_LOOP ( 'NONE', ( #1622, #2525, #2205, #214 ) ) ;
#2012 = ORIENTED_EDGE ( 'NONE', *, *, #1904, .T. ) ;
#2013 = EDGE_CURVE ( 'NONE', #1928, #1050, #2295, .T. ) ;
#2014 = EDGE_LOOP ( 'NONE', ( #1309, #982, #2028, #1871 ) ) ;
#2015 = DIRECTION ( 'NONE',  ( -0.0003577139804433562900, -0.9997899238183110000, 0.02049342021440261900 ) ) ;
#2016 = EDGE_CURVE ( 'NONE', #1017, #562, #2356, .T. ) ;
#2017 = DIRECTION ( 'NONE',  ( -1.000000000000000000, -0.0000000000000000000, 0.0000000000000000000 ) ) ;
#2018 = AXIS2_PLACEMENT_3D ( 'NONE', #2126, #2328, #2523 ) ;
#2019 = CARTESIAN_POINT ( 'NONE',  ( -0.9751513684421593300, -1.375243091029252600, -2.304066572323177000 ) ) ;
#2020 = AXIS2_PLACEMENT_3D ( 'NONE', #710, #2107, #906 ) ;
#2021 = DIRECTION ( 'NONE',  ( -1.000000000000000000, 0.0000000000000000000, -0.0000000000000000000 ) ) ;
#2022 = DIRECTION ( 'NONE',  ( -1.735599326613629900E-016, 1.000000000000000000, -3.029499893541161600E-018 ) ) ;
#2023 = PLANE ( 'NONE',  #378 ) ;
#2024 = VERTEX_POINT ( 'NONE', #1598 ) ;
#2025 = AXIS2_PLACEMENT_3D ( 'NONE', #1158, #1352, #164 ) ;
#2026 = CARTESIAN_POINT ( 'NONE',  ( 15.30000000000000800, 25.09999999999999400, 16.30000000000000100 ) ) ;
#2027 = CARTESIAN_POINT ( 'NONE',  ( 39.06649999999999100, -1.699999999999995700, 16.30000000000000100 ) ) ;
#2028 = ORIENTED_EDGE ( 'NONE', *, *, #1201, .T. ) ;
#2029 = VECTOR ( 'NONE', #972, 1000.000000000000000 ) ;
#2030 = CARTESIAN_POINT ( 'NONE',  ( -1.266147014617525500, -0.8665804155741985100, -2.799924665591000400 ) ) ;
#2031 = CARTESIAN_POINT ( 'NONE',  ( 38.57515136844219200, -0.8752596283131998100, -2.299999999999999800 ) ) ;
#2032 = VECTOR ( 'NONE', #2170, 1000.000000000000000 ) ;
#2033 = CYLINDRICAL_SURFACE ( 'NONE', #1713, 0.5000000000000004400 ) ;
#2034 = VECTOR ( 'NONE', #875, 1000.000000000000000 ) ;
#2035 = FACE_OUTER_BOUND ( 'NONE', #1178, .T. ) ;
#2036 = FACE_OUTER_BOUND ( 'NONE', #2090, .T. ) ;
#2037 = CARTESIAN_POINT ( 'NONE',  ( 35.85000000000000900, 14.39999999999999000, 16.30000000000000100 ) ) ;
#2038 = CARTESIAN_POINT ( 'NONE',  ( 18.80000000000000800, 25.06500453458960800, 15.90000000000000000 ) ) ;
#2039 = VERTEX_POINT ( 'NONE', #1209 ) ;
#2040 = CARTESIAN_POINT ( 'NONE',  ( 38.85611738087629200, 25.09910978443339900, 16.29999999999999700 ) ) ;
#2041 = EDGE_CURVE ( 'NONE', #2120, #1240, #72, .T. ) ;
#2042 = ORIENTED_EDGE ( 'NONE', *, *, #402, .F. ) ;
#2043 = CARTESIAN_POINT ( 'NONE',  ( -1.466500000000014300, 25.49978348025791400, 16.30000000000000400 ) ) ;
#2044 = DIRECTION ( 'NONE',  ( -0.01744974916068267900, -0.01744974916068272100, 0.9996954598818874600 ) ) ;
#2045 = VERTEX_POINT ( 'NONE', #1015 ) ;
#2046 = CARTESIAN_POINT ( 'NONE',  ( -1.393037951168342800, -1.217639179713764200, 15.90734669342069600 ) ) ;
#2047 = ORIENTED_EDGE ( 'NONE', *, *, #614, .T. ) ;
#2048 = PLANE ( 'NONE',  #162 ) ;
#2049 = ORIENTED_EDGE ( 'NONE', *, *, #140, .T. ) ;
#2050 = CARTESIAN_POINT ( 'NONE',  ( 38.99989174012898700, 8.899891740128961000, 16.30000000000000100 ) ) ;
#2051 = EDGE_LOOP ( 'NONE', ( #1331, #2322 ) ) ;
#2052 = CARTESIAN_POINT ( 'NONE',  ( 39.00000000000000700, 15.39999999999999000, 15.90000000000000000 ) ) ;
#2053 = AXIS2_PLACEMENT_3D ( 'NONE', #1498, #1692, #2490 ) ;
#2054 = DIRECTION ( 'NONE',  ( 0.0003509127005099195900, 0.9997978371076209300, 0.02010377514795726900 ) ) ;
#2055 = DIRECTION ( 'NONE',  ( -0.0000000000000000000, -0.0000000000000000000, -1.000000000000000000 ) ) ;
#2056 = CARTESIAN_POINT ( 'NONE',  ( 38.57515136844514100, 24.67504310857018600, -2.799999999999995400 ) ) ;
#2057 = CARTESIAN_POINT ( 'NONE',  ( 38.57515136844368400, -1.375243091029248800, -2.304066572323175700 ) ) ;
#2058 = DIRECTION ( 'NONE',  ( -1.000000000000000000, 3.892437792519730000E-031, -0.0000000000000000000 ) ) ;
#2059 = CARTESIAN_POINT ( 'NONE',  ( 18.80000000000000400, 25.09999999999999400, 16.30000000000000100 ) ) ;
#2060 = LINE ( 'NONE', #2443, #999 ) ;
#2061 = CARTESIAN_POINT ( 'NONE',  ( 0.2999999999999901600, 23.39989174012896100, -2.600000000000000500 ) ) ;
#2062 = DIRECTION ( 'NONE',  ( -2.337311630789800200E-016, -1.000000000000000000, 0.0000000000000000000 ) ) ;
#2063 = LINE ( 'NONE', #1093, #1000 ) ;
#2064 = DIRECTION ( 'NONE',  ( -1.736128127787049900E-016, 1.000000000000000000, -0.0000000000000000000 ) ) ;
#2065 = EDGE_CURVE ( 'NONE', #686, #1091, #1693, .T. ) ;
#2066 = CARTESIAN_POINT ( 'NONE',  ( 39.07513483115829400, 24.67504310857109600, -2.304066572319222400 ) ) ;
#2067 = EDGE_CURVE ( 'NONE', #203, #470, #701, .T. ) ;
#2068 = CARTESIAN_POINT ( 'NONE',  ( 38.57515136828060800, -1.161576294688340100, -2.805046101214645900 ) ) ;
#2069 = LINE ( 'NONE', #1994, #1542 ) ;
#2070 = CYLINDRICAL_SURFACE ( 'NONE', #2432, 0.4999999999999997200 ) ;
#2071 = VERTEX_POINT ( 'NONE', #228 ) ;
#2072 = CARTESIAN_POINT ( 'NONE',  ( 2.300000000000003400, 20.69999999999999600, 15.90000000000000000 ) ) ;
#2073 = VECTOR ( 'NONE', #2314, 1000.000000000000000 ) ;
#2074 = CARTESIAN_POINT ( 'NONE',  ( 35.30000000000000400, 14.39999999999999000, 16.30000000000000100 ) ) ;
#2075 = EDGE_CURVE ( 'NONE', #2276, #2457, #2174, .T. ) ;
#2076 = VECTOR ( 'NONE', #327, 1000.000000000000000 ) ;
#2077 = DIRECTION ( 'NONE',  ( 1.000000000000000000, 0.0000000000000000000, 0.0000000000000000000 ) ) ;
#2078 = DIRECTION ( 'NONE',  ( -1.000000000000000000, 2.337311630789800200E-016, 0.0000000000000000000 ) ) ;
#2079 = AXIS2_PLACEMENT_3D ( 'NONE', #2434, #1241, #52 ) ;
#2080 = DIRECTION ( 'NONE',  ( -1.736128127787049900E-016, 1.000000000000000000, -0.0000000000000000000 ) ) ;
#2081 = PLANE ( 'NONE',  #1892 ) ;
#2082 = CARTESIAN_POINT ( 'NONE',  ( 37.29999999999999000, 23.39989174012896100, -2.799999999999999800 ) ) ;
#2083 = ORIENTED_EDGE ( 'NONE', *, *, #704, .T. ) ;
#2084 = ORIENTED_EDGE ( 'NONE', *, *, #552, .T. ) ;
#2085 = DIRECTION ( 'NONE',  ( -1.000000000000000000, -0.0000000000000000000, 0.0000000000000000000 ) ) ;
#2086 = ORIENTED_EDGE ( 'NONE', *, *, #170, .T. ) ;
#2087 = ADVANCED_FACE ( 'NONE', ( #1107 ), #822, .F. ) ;
#2088 = ORIENTED_EDGE ( 'NONE', *, *, #2202, .F. ) ;
#2089 = DIRECTION ( 'NONE',  ( 0.0000000000000000000, 0.0000000000000000000, -1.000000000000000000 ) ) ;
#2090 = EDGE_LOOP ( 'NONE', ( #209, #285, #67, #1823 ) ) ;
#2091 = ORIENTED_EDGE ( 'NONE', *, *, #1011, .T. ) ;
#2092 = ADVANCED_FACE ( 'NONE', ( #112 ), #240, .F. ) ;
#2093 = CARTESIAN_POINT ( 'NONE',  ( 2.299999999999996300, 1.699999999999998600, 16.30000000000000100 ) ) ;
#2094 = EDGE_CURVE ( 'NONE', #798, #840, #47, .T. ) ;
#2095 = PLANE ( 'NONE',  #1531 ) ;
#2096 = DIRECTION ( 'NONE',  ( 1.000000000000000000, 0.0000000000000000000, 0.0000000000000000000 ) ) ;
#2097 = ORIENTED_EDGE ( 'NONE', *, *, #757, .T. ) ;
#2098 = CARTESIAN_POINT ( 'NONE',  ( -0.7999999999999882800, 15.40000000000000000, 16.30000000000000100 ) ) ;
#2099 = ORIENTED_EDGE ( 'NONE', *, *, #1248, .F. ) ;
#2100 = ADVANCED_FACE ( 'NONE', ( #1166 ), #513, .F. ) ;
#2101 = LINE ( 'NONE', #848, #1101 ) ;
#2102 = ADVANCED_FACE ( 'NONE', ( #574 ), #2033, .F. ) ;
#2103 = CARTESIAN_POINT ( 'NONE',  ( -1.399891740128971900, 25.09978348025796200, 16.30000000000000100 ) ) ;
#2104 = CIRCLE ( 'NONE', #1842, 0.4999999999999999400 ) ;
#2105 = LINE ( 'NONE', #1835, #1567 ) ;
#2106 = VECTOR ( 'NONE', #1147, 1000.000000000000000 ) ;
#2107 = DIRECTION ( 'NONE',  ( 0.0000000000000000000, 0.0000000000000000000, 1.000000000000000000 ) ) ;
#2108 = EDGE_CURVE ( 'NONE', #1593, #258, #2105, .T. ) ;
#2109 = CARTESIAN_POINT ( 'NONE',  ( 39.39989174012895000, -1.200076152421802200, 16.30000000000000100 ) ) ;
#2110 = LINE ( 'NONE', #968, #1040 ) ;
#2111 = LINE ( 'NONE', #1830, #1636 ) ;
#2112 = VERTEX_POINT ( 'NONE', #251 ) ;
#2113 = ADVANCED_FACE ( 'NONE', ( #1037 ), #2507, .F. ) ;
#2114 = ADVANCED_FACE ( 'NONE', ( #976 ), #2441, .T. ) ;
#2115 = VERTEX_POINT ( 'NONE', #2245 ) ;
#2116 =( BOUNDED_CURVE ( )  B_SPLINE_CURVE ( 3, ( #152, #380, #771, #1461 ),
 .UNSPECIFIED., .F., .F. ) 
 B_SPLINE_CURVE_WITH_KNOTS ( ( 4, 4 ),
 ( 5.497939437029729400, 7.068431177329443000 ),
 .UNSPECIFIED. ) 
 CURVE ( )  GEOMETRIC_REPRESENTATION_ITEM ( )  RATIONAL_B_SPLINE_CURVE ( ( 1.000000000000000000, 0.8048096403827905700, 0.8048096403827905700, 1.000000000000000000 ) ) 
 REPRESENTATION_ITEM ( '' )  );
#2117 = DIRECTION ( 'NONE',  ( 1.000000000000000000, 0.0000000000000000000, -0.0000000000000000000 ) ) ;
#2118 = DIRECTION ( 'NONE',  ( -1.000000000000000000, 2.337311630789800200E-016, 0.0000000000000000000 ) ) ;
#2119 = ORIENTED_EDGE ( 'NONE', *, *, #2294, .F. ) ;
#2120 = VERTEX_POINT ( 'NONE', #458 ) ;
#2121 = AXIS2_PLACEMENT_3D ( 'NONE', #158, #1545, #356 ) ;
#2122 = ORIENTED_EDGE ( 'NONE', *, *, #1086, .F. ) ;
#2123 = AXIS2_PLACEMENT_3D ( 'NONE', #2061, #871, #2275 ) ;
#2124 = CARTESIAN_POINT ( 'NONE',  ( -1.475134831158227500, 24.67504310857116000, -2.304066572323181500 ) ) ;
#2125 = ORIENTED_EDGE ( 'NONE', *, *, #1937, .T. ) ;
#2126 = CARTESIAN_POINT ( 'NONE',  ( 2.300000000000003400, 20.69999999999999600, 16.30000000000000100 ) ) ;
#2127 = CARTESIAN_POINT ( 'NONE',  ( 21.79999999999999700, -0.8999999999999971400, 16.30000000000000100 ) ) ;
#2128 = CARTESIAN_POINT ( 'NONE',  ( 34.75000000000000000, 14.39999999999999000, 16.30000000000000100 ) ) ;
#2129 = PRODUCT_CONTEXT ( 'NONE', #1127, 'mechanical' ) ;
#2130 = ADVANCED_FACE ( 'NONE', ( #1970 ), #912, .T. ) ;
#2131 = AXIS2_PLACEMENT_3D ( 'NONE', #1430, #239, #1626 ) ;
#2132 = ORIENTED_EDGE ( 'NONE', *, *, #1778, .F. ) ;
#2133 = DIRECTION ( 'NONE',  ( -1.000000000000000000, 0.0000000000000000000, 0.0000000000000000000 ) ) ;
#2134 = VECTOR ( 'NONE', #638, 1000.000000000000000 ) ;
#2135 = DIRECTION ( 'NONE',  ( -2.084102870787569900E-015, -1.000000000000000000, 0.0000000000000000000 ) ) ;
#2136 = VECTOR ( 'NONE', #1681, 1000.000000000000000 ) ;
#2137 = VECTOR ( 'NONE', #2397, 1000.000000000000000 ) ;
#2138 = LINE ( 'NONE', #2173, #546 ) ;
#2139 = ORIENTED_EDGE ( 'NONE', *, *, #2455, .T. ) ;
#2140 = CYLINDRICAL_SURFACE ( 'NONE', #2053, 0.5000000000000004400 ) ;
#2141 = DIRECTION ( 'NONE',  ( 1.000000000000000000, 0.0000000000000000000, 0.0000000000000000000 ) ) ;
#2142 = DIRECTION ( 'NONE',  ( 0.0000000000000000000, 0.0000000000000000000, 1.000000000000000000 ) ) ;
#2143 = CIRCLE ( 'NONE', #2020, 0.5000000000000000000 ) ;
#2144 = DIRECTION ( 'NONE',  ( 2.168404344971006900E-016, -1.000000000000000000, -8.673617379884027600E-016 ) ) ;
#2145 = EDGE_CURVE ( 'NONE', #2024, #1984, #451, .T. ) ;
#2146 = VERTEX_POINT ( 'NONE', #1055 ) ;
#2147 = DIRECTION ( 'NONE',  ( 1.000000000000000000, -1.899065700016720100E-016, 0.0000000000000000000 ) ) ;
#2148 = ORIENTED_EDGE ( 'NONE', *, *, #170, .F. ) ;
#2149 = CARTESIAN_POINT ( 'NONE',  ( 21.79999999999999700, -0.8999999999999972500, 15.99999999999999600 ) ) ;
#2150 = ORIENTED_EDGE ( 'NONE', *, *, #1486, .T. ) ;
#2151 = CARTESIAN_POINT ( 'NONE',  ( 2.300000000000003400, 20.69999999999999600, 16.30000000000000100 ) ) ;
#2152 = ORIENTED_EDGE ( 'NONE', *, *, #2, .T. ) ;
#2153 = EDGE_LOOP ( 'NONE', ( #1557, #1676, #2212, #429, #246 ) ) ;
#2154 = CARTESIAN_POINT ( 'NONE',  ( 2.799999999999999800, 1.700000000000000000, 1.000000000000000000 ) ) ;
#2155 = ORIENTED_EDGE ( 'NONE', *, *, #2075, .T. ) ;
#2156 = DIRECTION ( 'NONE',  ( 0.9999999822901568500, 0.0001882011848178803300, 0.0000000000000000000 ) ) ;
#2157 = PRODUCT ( 'tmf05', 'tmf05', '', ( #2129 ) ) ;
#2158 = ORIENTED_EDGE ( 'NONE', *, *, #105, .F. ) ;
#2159 = CARTESIAN_POINT ( 'NONE',  ( -0.9751513684421701000, 24.67504310857113100, -2.299999999999998500 ) ) ;
#2160 = EDGE_CURVE ( 'NONE', #463, #125, #1447, .T. ) ;
#2161 = EDGE_CURVE ( 'NONE', #648, #1661, #389, .T. ) ;
#2162 = DIRECTION ( 'NONE',  ( 1.000000000000000000, 0.0000000000000000000, 0.0000000000000000000 ) ) ;
#2163 = CARTESIAN_POINT ( 'NONE',  ( 39.07507521602038700, 18.53314174012896100, -2.308726203218641500 ) ) ;
#2164 = EDGE_CURVE ( 'NONE', #651, #1091, #1915, .T. ) ;
#2165 = ORIENTED_EDGE ( 'NONE', *, *, #94, .F. ) ;
#2166 = CARTESIAN_POINT ( 'NONE',  ( 38.74989174012898700, 13.39989174012896100, 16.14999999999999900 ) ) ;
#2167 = AXIS2_PLACEMENT_3D ( 'NONE', #1935, #748, #2141 ) ;
#2168 = CIRCLE ( 'NONE', #2263, 0.5000000000000000000 ) ;
#2169 = AXIS2_PLACEMENT_3D ( 'NONE', #2503, #1314, #123 ) ;
#2170 = DIRECTION ( 'NONE',  ( -0.0000000000000000000, -1.000000000000000000, 0.0000000000000000000 ) ) ;
#2171 = ORIENTED_EDGE ( 'NONE', *, *, #930, .F. ) ;
#2172 = VECTOR ( 'NONE', #755, 1000.000000000000000 ) ;
#2173 = CARTESIAN_POINT ( 'NONE',  ( 37.79999999999999000, 0.3998917401289610000, -2.799999999999999800 ) ) ;
#2174 = LINE ( 'NONE', #1214, #1630 ) ;
#2175 = CIRCLE ( 'NONE', #2167, 0.5000000000000000000 ) ;
#2176 = VECTOR ( 'NONE', #571, 999.9999999999998900 ) ;
#2177 = DIRECTION ( 'NONE',  ( -1.000000000000000000, 0.0000000000000000000, 0.0000000000000000000 ) ) ;
#2178 = VECTOR ( 'NONE', #34, 1000.000000000000000 ) ;
#2179 = VERTEX_POINT ( 'NONE', #1062 ) ;
#2180 = ORIENTED_EDGE ( 'NONE', *, *, #1699, .F. ) ;
#2181 = ORIENTED_EDGE ( 'NONE', *, *, #1934, .F. ) ;
#2182 = ORIENTED_EDGE ( 'NONE', *, *, #981, .F. ) ;
#2183 = ORIENTED_EDGE ( 'NONE', *, *, #1029, .T. ) ;
#2184 = ORIENTED_EDGE ( 'NONE', *, *, #1288, .T. ) ;
#2185 = EDGE_CURVE ( 'NONE', #1962, #2146, #2444, .T. ) ;
#2186 = ORIENTED_EDGE ( 'NONE', *, *, #370, .T. ) ;
#2187 = EDGE_CURVE ( 'NONE', #2288, #649, #846, .T. ) ;
#2188 = CARTESIAN_POINT ( 'NONE',  ( 38.99989174012895900, 14.89989174012895900, 16.30000000000000100 ) ) ;
#2189 = CARTESIAN_POINT ( 'NONE',  ( 39.00000000000000700, 11.89999999999999500, 16.30000000000000100 ) ) ;
#2190 = LINE ( 'NONE', #1229, #594 ) ;
#2191 = UNCERTAINTY_MEASURE_WITH_UNIT (LENGTH_MEASURE( 1.000000000000000100E-005 ), #124, 'distance_accuracy_value', 'NONE');
#2192 = AXIS2_PLACEMENT_3D ( 'NONE', #2098, #1307, #115 ) ;
#2193 = CIRCLE ( 'NONE', #2379, 0.5500000000000018200 ) ;
#2194 = CARTESIAN_POINT ( 'NONE',  ( 1.800000000000000000, 20.69999999999999900, 1.000000000000000000 ) ) ;
#2195 = LINE ( 'NONE', #799, #2137 ) ;
#2196 = VECTOR ( 'NONE', #2361, 1000.000000000000000 ) ;
#2197 = ORIENTED_EDGE ( 'NONE', *, *, #2396, .T. ) ;
#2198 = SHAPE_DEFINITION_REPRESENTATION ( #2203, #1727 ) ;
#2199 = DIRECTION ( 'NONE',  ( -0.0000000000000000000, -1.000000000000000000, -0.0000000000000000000 ) ) ;
#2200 = VECTOR ( 'NONE', #1098, 1000.000000000000200 ) ;
#2201 = EDGE_CURVE ( 'NONE', #1304, #500, #2380, .T. ) ;
#2202 = EDGE_CURVE ( 'NONE', #318, #183, #1327, .T. ) ;
#2203 = PRODUCT_DEFINITION_SHAPE ( 'NONE', 'NONE',  #802 ) ;
#2204 = DIRECTION ( 'NONE',  ( -1.000000000000000000, 0.0000000000000000000, -0.0000000000000000000 ) ) ;
#2205 = ORIENTED_EDGE ( 'NONE', *, *, #218, .F. ) ;
#2206 = ORIENTED_EDGE ( 'NONE', *, *, #2336, .T. ) ;
#2207 = DIRECTION ( 'NONE',  ( 0.9998476951563912700, 0.0000000000000000000, 0.01745240643728340400 ) ) ;
#2208 = EDGE_CURVE ( 'NONE', #1952, #494, #267, .T. ) ;
#2209 = ORIENTED_EDGE ( 'NONE', *, *, #838, .F. ) ;
#2210 = ORIENTED_EDGE ( 'NONE', *, *, #1233, .F. ) ;
#2211 = DIRECTION ( 'NONE',  ( -0.01745240643728380000, 0.0000000000000000000, -0.9998476951563911600 ) ) ;
#2212 = ORIENTED_EDGE ( 'NONE', *, *, #1211, .F. ) ;
#2213 = AXIS2_PLACEMENT_3D ( 'NONE', #222, #1613, #421 ) ;
#2214 = DIRECTION ( 'NONE',  ( 1.000000000000000000, 0.0000000000000000000, 0.0000000000000000000 ) ) ;
#2215 = CARTESIAN_POINT ( 'NONE',  ( 15.30000000000000800, 24.49999999999999600, 16.30000000000000100 ) ) ;
#2216 = CARTESIAN_POINT ( 'NONE',  ( 38.84700132207422700, -1.258683611419180400, 16.30000000000000400 ) ) ;
#2217 = DIRECTION ( 'NONE',  ( 0.9998476951563912700, 0.0000000000000000000, -0.01745240643728344200 ) ) ;
#2218 = CARTESIAN_POINT ( 'NONE',  ( 35.29999999999999700, 1.700000000000000000, 1.000000000000000000 ) ) ;
#2219 = EDGE_CURVE ( 'NONE', #1711, #463, #1299, .T. ) ;
#2220 = DIRECTION ( 'NONE',  ( 0.0000000000000000000, 1.000000000000000000, 0.0000000000000000000 ) ) ;
#2221 = ORIENTED_EDGE ( 'NONE', *, *, #134, .F. ) ;
#2222 = VECTOR ( 'NONE', #821, 1000.000000000000000 ) ;
#2223 = DIRECTION ( 'NONE',  ( -0.0000000000000000000, 1.000000000000000000, 0.0000000000000000000 ) ) ;
#2224 = LINE ( 'NONE', #761, #572 ) ;
#2225 = CARTESIAN_POINT ( 'NONE',  ( -1.399999999999998600, 8.400000000000000400, 15.90000000000000000 ) ) ;
#2226 = CARTESIAN_POINT ( 'NONE',  ( -0.9751513684421596600, -1.375243091029252600, -2.304066572323177500 ) ) ;
#2227 = VECTOR ( 'NONE', #832, 1000.000000000000000 ) ;
#2228 = CIRCLE ( 'NONE', #1756, 0.5000000000000000000 ) ;
#2229 = PLANE ( 'NONE',  #860 ) ;
#2230 = LINE ( 'NONE', #2163, #117 ) ;
#2231 = DIRECTION ( 'NONE',  ( 0.0000000000000000000, 0.0000000000000000000, 1.000000000000000000 ) ) ;
#2232 = CIRCLE ( 'NONE', #2521, 0.5500000000000018200 ) ;
#2233 = DIRECTION ( 'NONE',  ( 0.0000000000000000000, -0.08715574274770041000, -0.9961946980917417700 ) ) ;
#2234 = ORIENTED_EDGE ( 'NONE', *, *, #489, .F. ) ;
#2235 = CARTESIAN_POINT ( 'NONE',  ( -1.299967892550768500, -1.699999999999995700, 16.30000000000000100 ) ) ;
#2236 = DIRECTION ( 'NONE',  ( 1.000000000000000000, 0.0000000000000000000, 0.0000000000000000000 ) ) ;
#2237 = ORIENTED_EDGE ( 'NONE', *, *, #937, .F. ) ;
#2238 = DIRECTION ( 'NONE',  ( 0.0000000000000000000, 0.0000000000000000000, 1.000000000000000000 ) ) ;
#2239 = EDGE_CURVE ( 'NONE', #372, #2005, #238, .T. ) ;
#2240 = VERTEX_POINT ( 'NONE', #1474 ) ;
#2241 = ORIENTED_EDGE ( 'NONE', *, *, #2185, .F. ) ;
#2242 = CARTESIAN_POINT ( 'NONE',  ( -0.2000000000000098400, 23.89989174012896100, -2.799999999999999800 ) ) ;
#2243 = ORIENTED_EDGE ( 'NONE', *, *, #2323, .T. ) ;
#2244 = CARTESIAN_POINT ( 'NONE',  ( 2.299999999999999800, 20.69999999999999900, 1.000000000000000000 ) ) ;
#2245 = CARTESIAN_POINT ( 'NONE',  ( 22.30000000000000800, 24.49999999999999300, 15.90000000000000000 ) ) ;
#2246 = EDGE_LOOP ( 'NONE', ( #2544, #1701, #696 ) ) ;
#2247 = CARTESIAN_POINT ( 'NONE',  ( 38.96500453458963200, 11.89999999999999000, 15.90000000000000000 ) ) ;
#2248 = DIRECTION ( 'NONE',  ( 1.000000000000000000, -0.0000000000000000000, 0.0000000000000000000 ) ) ;
#2249 = CARTESIAN_POINT ( 'NONE',  ( 38.80076106038166000, 25.09999999999999800, 16.30000000000000100 ) ) ;
#2250 = EDGE_LOOP ( 'NONE', ( #129, #1865, #399, #2318 ) ) ;
#2251 = AXIS2_PLACEMENT_3D ( 'NONE', #1359, #1369, #179 ) ;
#2252 = AXIS2_PLACEMENT_3D ( 'NONE', #654, #257, #1846 ) ;
#2253 = CARTESIAN_POINT ( 'NONE',  ( -1.379018555624520500, 25.00379065756272500, 16.30000000000000400 ) ) ;
#2254 = DIRECTION ( 'NONE',  ( -1.000000000000000000, 5.551115123125780300E-015, 0.0000000000000000000 ) ) ;
#2255 = EDGE_LOOP ( 'NONE', ( #1961, #2180, #2243, #2550 ) ) ;
#2256 = DIRECTION ( 'NONE',  ( 0.0000000000000000000, 0.0000000000000000000, 1.000000000000000000 ) ) ;
#2257 = DIRECTION ( 'NONE',  ( 0.0000000000000000000, 0.0000000000000000000, -1.000000000000000000 ) ) ;
#2258 = VECTOR ( 'NONE', #2423, 1000.000000000000000 ) ;
#2259 = DIRECTION ( 'NONE',  ( -0.0000000000000000000, -0.0000000000000000000, 1.000000000000000000 ) ) ;
#2260 = VECTOR ( 'NONE', #1394, 1000.000000000000000 ) ;
#2261 = CARTESIAN_POINT ( 'NONE',  ( -0.7999999999999920500, 8.400000000000000400, 15.90000000000000000 ) ) ;
#2262 = LINE ( 'NONE', #1597, #1657 ) ;
#2263 = AXIS2_PLACEMENT_3D ( 'NONE', #2244, #1045, #2440 ) ;
#2264 = LINE ( 'NONE', #2154, #1659 ) ;
#2265 = CARTESIAN_POINT ( 'NONE',  ( 38.40000000000000600, 15.39999999999999000, 15.90000000000000000 ) ) ;
#2266 = EDGE_LOOP ( 'NONE', ( #682, #160, #1492 ) ) ;
#2267 = VECTOR ( 'NONE', #1895, 1000.000000000000000 ) ;
#2268 = CARTESIAN_POINT ( 'NONE',  ( 38.57515136844195100, 24.96605100565543000, -2.800000000000575400 ) ) ;
#2269 = DIRECTION ( 'NONE',  ( 0.0000000000000000000, 0.0000000000000000000, -1.000000000000000000 ) ) ;
#2270 = DIRECTION ( 'NONE',  ( -0.0000000000000000000, -1.000000000000000000, 0.0000000000000000000 ) ) ;
#2271 = LINE ( 'NONE', #1497, #673 ) ;
#2272 = CARTESIAN_POINT ( 'NONE',  ( 34.75000000000000000, 14.39999999999999000, 16.30000000000000100 ) ) ;
#2273 = DIRECTION ( 'NONE',  ( 0.0000000000000000000, 0.0000000000000000000, 1.000000000000000000 ) ) ;
#2274 = ORIENTED_EDGE ( 'NONE', *, *, #952, .T. ) ;
#2275 = DIRECTION ( 'NONE',  ( 1.000000000000000000, 0.0000000000000000000, 0.0000000000000000000 ) ) ;
#2276 = VERTEX_POINT ( 'NONE', #290 ) ;
#2277 = CARTESIAN_POINT ( 'NONE',  ( 39.07545606154347700, -1.163252066230804800, -2.599010651042660500 ) ) ;
#2278 = ORIENTED_EDGE ( 'NONE', *, *, #946, .F. ) ;
#2279 = CARTESIAN_POINT ( 'NONE',  ( 15.30000000000000100, -0.7000000000000050600, 16.30000000000000100 ) ) ;
#2280 = EDGE_LOOP ( 'NONE', ( #1965, #1798 ) ) ;
#2281 = VERTEX_POINT ( 'NONE', #1082 ) ;
#2282 = EDGE_CURVE ( 'NONE', #2520, #1772, #1228, .T. ) ;
#2283 = DIRECTION ( 'NONE',  ( -1.000000000000000000, 0.0000000000000000000, 0.0000000000000000000 ) ) ;
#2284 = DIRECTION ( 'NONE',  ( 0.0000000000000000000, 0.0000000000000000000, 1.000000000000000000 ) ) ;
#2285 = DIRECTION ( 'NONE',  ( 1.000000000000000000, 0.0000000000000000000, 0.0000000000000000000 ) ) ;
#2286 = ADVANCED_FACE ( 'NONE', ( #706, #2329 ), #1682, .F. ) ;
#2287 = CARTESIAN_POINT ( 'NONE',  ( 15.79999999999999200, -1.199999999999996200, 16.30000000000000100 ) ) ;
#2288 = VERTEX_POINT ( 'NONE', #1286 ) ;
#2289 = CARTESIAN_POINT ( 'NONE',  ( 2.299999999999996300, 1.699999999999998600, 16.30000000000000100 ) ) ;
#2290 = VECTOR ( 'NONE', #426, 1000.000000000000000 ) ;
#2291 = EDGE_CURVE ( 'NONE', #908, #2343, #2232, .T. ) ;
#2292 = DIRECTION ( 'NONE',  ( -1.000000000000000000, 0.0000000000000000000, 0.0000000000000000000 ) ) ;
#2293 = VECTOR ( 'NONE', #2055, 1000.000000000000000 ) ;
#2294 = EDGE_CURVE ( 'NONE', #2071, #908, #2301, .T. ) ;
#2295 = LINE ( 'NONE', #213, #1223 ) ;
#2296 = LINE ( 'NONE', #1673, #764 ) ;
#2297 = CARTESIAN_POINT ( 'NONE',  ( 0.2999999999999901600, 0.3998917401289700500, -2.600000000000000500 ) ) ;
#2298 = EDGE_CURVE ( 'NONE', #1769, #1304, #1697, .T. ) ;
#2299 = ADVANCED_FACE ( 'NONE', ( #1112 ), #51, .T. ) ;
#2300 = LINE ( 'NONE', #759, #1227 ) ;
#2301 = LINE ( 'NONE', #819, #637 ) ;
#2302 = AXIS2_PLACEMENT_3D ( 'NONE', #2218, #1022, #2413 ) ;
#2303 = AXIS2_PLACEMENT_3D ( 'NONE', #1124, #486, #224 ) ;
#2304 = ADVANCED_FACE ( 'NONE', ( #118 ), #433, .T. ) ;
#2305 = ORIENTED_EDGE ( 'NONE', *, *, #161, .F. ) ;
#2306 = AXIS2_PLACEMENT_3D ( 'NONE', #2340, #744, #149 ) ;
#2307 = ORIENTED_EDGE ( 'NONE', *, *, #2201, .F. ) ;
#2308 = AXIS2_PLACEMENT_3D ( 'NONE', #1554, #1943, #2539 ) ;
#2309 = CARTESIAN_POINT ( 'NONE',  ( -0.7999999999999936100, 15.40000000000000000, 16.30000000000000100 ) ) ;
#2310 = EDGE_LOOP ( 'NONE', ( #459, #775 ) ) ;
#2311 = ORIENTED_EDGE ( 'NONE', *, *, #1103, .F. ) ;
#2312 = VERTEX_POINT ( 'NONE', #1821 ) ;
#2313 = ORIENTED_EDGE ( 'NONE', *, *, #535, .T. ) ;
#2314 = DIRECTION ( 'NONE',  ( -0.08715574274766611800, 0.0000000000000000000, -0.9961946980917448800 ) ) ;
#2315 = ADVANCED_FACE ( 'NONE', ( #1171 ), #2229, .F. ) ;
#2316 = ADVANCED_FACE ( 'NONE', ( #578 ), #519, .T. ) ;
#2317 = DIRECTION ( 'NONE',  ( 0.0000000000000000000, 1.000000000000000000, 0.0000000000000000000 ) ) ;
#2318 = ORIENTED_EDGE ( 'NONE', *, *, #2535, .F. ) ;
#2319 = CARTESIAN_POINT ( 'NONE',  ( 2.850000000000003600, 20.69999999999999600, 16.30000000000000100 ) ) ;
#2320 = CARTESIAN_POINT ( 'NONE',  ( -5.737472196620765500E-014, 1.254288839301398400E-029, 15.89999999999986900 ) ) ;
#2321 = CARTESIAN_POINT ( 'NONE',  ( 39.00000000000000700, 8.399999999999991500, 16.30000000000000100 ) ) ;
#2322 = ORIENTED_EDGE ( 'NONE', *, *, #140, .F. ) ;
#2323 = EDGE_CURVE ( 'NONE', #1465, #1521, #2111, .T. ) ;
#2324 = LINE ( 'NONE', #1819, #1722 ) ;
#2325 = CARTESIAN_POINT ( 'NONE',  ( -1.268034899938973400, 25.17502657128721900, -2.304066572323189000 ) ) ;
#2326 = LINE ( 'NONE', #793, #2260 ) ;
#2327 = ADVANCED_FACE ( 'NONE', ( #2036 ), #980, .T. ) ;
#2328 = DIRECTION ( 'NONE',  ( 0.0000000000000000000, 0.0000000000000000000, -1.000000000000000000 ) ) ;
#2329 = FACE_OUTER_BOUND ( 'NONE', #2524, .T. ) ;
#2330 = VECTOR ( 'NONE', #1129, 1000.000000000000000 ) ;
#2331 = PLANE ( 'NONE',  #1838 ) ;
#2332 = DIRECTION ( 'NONE',  ( 0.0002150627623008533200, -0.9999240712422036200, -0.01232093740040304800 ) ) ;
#2333 = APPLICATION_PROTOCOL_DEFINITION ( 'draft international standard', 'automotive_design', 1998, #927 ) ;
#2334 = LINE ( 'NONE', #349, #1786 ) ;
#2335 = EDGE_LOOP ( 'NONE', ( #2368, #462, #1866, #1003 ) ) ;
#2336 = EDGE_CURVE ( 'NONE', #1787, #1249, #1517, .T. ) ;
#2337 = LINE ( 'NONE', #480, #1788 ) ;
#2338 = VECTOR ( 'NONE', #878, 1000.000000000000000 ) ;
#2339 = EDGE_LOOP ( 'NONE', ( #1868, #1836, #825, #2426 ) ) ;
#2340 = CARTESIAN_POINT ( 'NONE',  ( 2.299999999999999800, 20.69999999999999900, 22.30000000000000100 ) ) ;
#2341 = ORIENTED_EDGE ( 'NONE', *, *, #1355, .T. ) ;
#2342 = ORIENTED_EDGE ( 'NONE', *, *, #1406, .F. ) ;
#2343 = VERTEX_POINT ( 'NONE', #2435 ) ;
#2344 = EDGE_CURVE ( 'NONE', #1092, #271, #456, .T. ) ;
#2345 = EDGE_CURVE ( 'NONE', #1639, #1772, #1042, .T. ) ;
#2346 = CARTESIAN_POINT ( 'NONE',  ( -1.299891740128966000, 14.89989174012896100, 16.30000000000000100 ) ) ;
#2347 = CARTESIAN_POINT ( 'NONE',  ( 15.79999999999999200, -0.8999999999999973600, 15.90000000000000000 ) ) ;
#2348 = EDGE_CURVE ( 'NONE', #1308, #443, #1975, .T. ) ;
#2349 = AXIS2_PLACEMENT_3D ( 'NONE', #1408, #2395, #16 ) ;
#2350 = CARTESIAN_POINT ( 'NONE',  ( 1.800000000000000000, 20.69999999999999900, 22.30000000000000100 ) ) ;
#2351 = DIRECTION ( 'NONE',  ( 0.0000000000000000000, 0.0000000000000000000, 1.000000000000000000 ) ) ;
#2352 = LINE ( 'NONE', #2417, #2222 ) ;
#2353 = AXIS2_PLACEMENT_3D ( 'NONE', #608, #807, #2211 ) ;
#2354 = VECTOR ( 'NONE', #2256, 1000.000000000000000 ) ;
#2355 = DIRECTION ( 'NONE',  ( -0.0000000000000000000, -0.0000000000000000000, -1.000000000000000000 ) ) ;
#2356 = LINE ( 'NONE', #2398, #173 ) ;
#2357 = DIRECTION ( 'NONE',  ( 0.9998476951563912700, 0.0000000000000000000, 0.01745240643728340400 ) ) ;
#2358 = FACE_OUTER_BOUND ( 'NONE', #1081, .T. ) ;
#2359 = EDGE_CURVE ( 'NONE', #2071, #95, #2563, .T. ) ;
#2360 = LINE ( 'NONE', #74, #765 ) ;
#2361 = DIRECTION ( 'NONE',  ( -0.0000000000000000000, -0.0000000000000000000, -1.000000000000000000 ) ) ;
#2362 = DIRECTION ( 'NONE',  ( -0.0000000000000000000, -1.000000000000000000, -0.0000000000000000000 ) ) ;
#2363 = ORIENTED_EDGE ( 'NONE', *, *, #1136, .F. ) ;
#2364 = PLANE ( 'NONE',  #512 ) ;
#2365 = ORIENTED_EDGE ( 'NONE', *, *, #1137, .T. ) ;
#2366 = ORIENTED_EDGE ( 'NONE', *, *, #1832, .T. ) ;
#2367 = ORIENTED_EDGE ( 'NONE', *, *, #1738, .T. ) ;
#2368 = ORIENTED_EDGE ( 'NONE', *, *, #2344, .T. ) ;
#2369 = VERTEX_POINT ( 'NONE', #1853 ) ;
#2370 = DIRECTION ( 'NONE',  ( 0.0000000000000000000, 0.0000000000000000000, -1.000000000000000000 ) ) ;
#2371 = EDGE_CURVE ( 'NONE', #1012, #669, #2449, .T. ) ;
#2372 = ORIENTED_EDGE ( 'NONE', *, *, #2108, .T. ) ;
#2373 = DIRECTION ( 'NONE',  ( 0.0000000000000000000, 0.0000000000000000000, -1.000000000000000000 ) ) ;
#2374 = ORIENTED_EDGE ( 'NONE', *, *, #2016, .T. ) ;
#2375 = DIRECTION ( 'NONE',  ( 0.0000000000000000000, 0.0000000000000000000, 1.000000000000000000 ) ) ;
#2376 = FACE_OUTER_BOUND ( 'NONE', #1721, .T. ) ;
#2377 = PLANE ( 'NONE',  #476 ) ;
#2378 = LINE ( 'NONE', #2188, #1782 ) ;
#2379 = AXIS2_PLACEMENT_3D ( 'NONE', #2074, #874, #2283 ) ;
#2380 = CIRCLE ( 'NONE', #2123, 0.5000000000000000000 ) ;
#2381 = VECTOR ( 'NONE', #1323, 1000.000000000000200 ) ;
#2382 =( BOUNDED_SURFACE ( )  B_SPLINE_SURFACE ( 3, 3, ( 
 ( #80, #2463, #2057, #284 ),
 ( #1666, #478, #1874, #679 ),
 ( #2068, #873, #2277, #1078 ),
 ( #2470, #1282, #91, #1479 ) ),
 .UNSPECIFIED., .F., .F., .F. ) 
 B_SPLINE_SURFACE_WITH_KNOTS ( ( 4, 4 ),
 ( 4, 4 ),
 ( 0.0000000000000000000, 1.000000000000000000 ),
 ( 0.0000000000000000000, 1.000000000000000000 ),
 .UNSPECIFIED. ) 
 GEOMETRIC_REPRESENTATION_ITEM ( )  RATIONAL_B_SPLINE_SURFACE ( (
 ( 1.000000000000000000, 0.8066508362927304900, 0.8066508362927304900, 1.000000000000000000),
 ( 0.8025582421830155200, 0.6473842772305532500, 0.6473842772305532500, 0.8025582421830155200),
 ( 0.8025582421830155200, 0.6473842772305532500, 0.6473842772305532500, 0.8025582421830155200),
 ( 1.000000000000000000, 0.8066508362927304900, 0.8066508362927304900, 1.000000000000000000) ) ) 
 REPRESENTATION_ITEM ( '' )  SURFACE ( )  );
#2383 = LINE ( 'NONE', #1130, #790 ) ;
#2384 = ORIENTED_EDGE ( 'NONE', *, *, #1885, .T. ) ;
#2385 = CIRCLE ( 'NONE', #1533, 0.5500000000000018200 ) ;
#2386 = CARTESIAN_POINT ( 'NONE',  ( 18.79999999999999000, 11.89989174012896100, -2.799999999999999800 ) ) ;
#2387 = FACE_OUTER_BOUND ( 'NONE', #1365, .T. ) ;
#2388 = CARTESIAN_POINT ( 'NONE',  ( 22.30000000000000800, 24.80000000000000400, 15.90000000000000000 ) ) ;
#2389 = VERTEX_POINT ( 'NONE', #2050 ) ;
#2390 = AXIS2_PLACEMENT_3D ( 'NONE', #457, #1845, #653 ) ;
#2391 = VERTEX_POINT ( 'NONE', #71 ) ;
#2392 = EDGE_LOOP ( 'NONE', ( #39, #932, #1149, #1740, #2132, #2237, #1771, #1060 ) ) ;
#2393 = VERTEX_POINT ( 'NONE', #274 ) ;
#2394 = CARTESIAN_POINT ( 'NONE',  ( 15.30000000000000800, 24.49999999999999300, 15.90000000000000000 ) ) ;
#2395 = DIRECTION ( 'NONE',  ( 0.0000000000000000000, 0.0000000000000000000, -1.000000000000000000 ) ) ;
#2396 = EDGE_CURVE ( 'NONE', #2281, #1905, #853, .T. ) ;
#2397 = DIRECTION ( 'NONE',  ( -0.0000000000000000000, 1.000000000000000000, 0.0000000000000000000 ) ) ;
#2398 = CARTESIAN_POINT ( 'NONE',  ( 21.79999999999999700, -1.289526268318032400, 15.69996031380938300 ) ) ;
#2399 = ORIENTED_EDGE ( 'NONE', *, *, #1335, .T. ) ;
#2400 = FACE_OUTER_BOUND ( 'NONE', #2246, .T. ) ;
#2401 = CARTESIAN_POINT ( 'NONE',  ( 18.80000000000000400, -0.7000000000000061700, 16.30000000000000100 ) ) ;
#2402 = DIRECTION ( 'NONE',  ( -0.0000000000000000000, -0.0000000000000000000, -1.000000000000000000 ) ) ;
#2403 = CYLINDRICAL_SURFACE ( 'NONE', #1043, 0.5500000000000018200 ) ;
#2404 = LINE ( 'NONE', #1783, #1353 ) ;
#2405 = VECTOR ( 'NONE', #2054, 1000.000000000000100 ) ;
#2406 = PRESENTATION_STYLE_ASSIGNMENT (( #133 ) ) ;
#2407 = DIRECTION ( 'NONE',  ( 0.0000000000000000000, -1.000000000000000000, -0.0000000000000000000 ) ) ;
#2408 = CARTESIAN_POINT ( 'NONE',  ( -0.2000000000000095300, 23.39989174012896100, -2.600000000000000500 ) ) ;
#2409 = CARTESIAN_POINT ( 'NONE',  ( 38.59989174012898900, 14.89989174012895900, 16.30000000000000100 ) ) ;
#2410 = FACE_OUTER_BOUND ( 'NONE', #2339, .T. ) ;
#2411 = DIRECTION ( 'NONE',  ( 0.0000000000000000000, 0.0000000000000000000, -1.000000000000000000 ) ) ;
#2412 = CARTESIAN_POINT ( 'NONE',  ( 18.79999999999999000, 23.89989174012896500, -2.600000000000000500 ) ) ;
#2413 = DIRECTION ( 'NONE',  ( 1.000000000000000000, 0.0000000000000000000, 0.0000000000000000000 ) ) ;
#2414 = ORIENTED_EDGE ( 'NONE', *, *, #2359, .F. ) ;
#2415 = PLANE ( 'NONE',  #640 ) ;
#2416 = EDGE_LOOP ( 'NONE', ( #1247, #369, #1429, #2181 ) ) ;
#2417 = CARTESIAN_POINT ( 'NONE',  ( 35.79999999999999700, 1.700000000000000000, 1.000000000000000000 ) ) ;
#2418 = DIRECTION ( 'NONE',  ( 0.0000000000000000000, 0.01745240643728350100, -0.9998476951563911600 ) ) ;
#2419 = EDGE_CURVE ( 'NONE', #2391, #1528, #920, .T. ) ;
#2420 = ORIENTED_EDGE ( 'NONE', *, *, #1274, .T. ) ;
#2421 = ORIENTED_EDGE ( 'NONE', *, *, #2219, .T. ) ;
#2422 = ORIENTED_EDGE ( 'NONE', *, *, #552, .F. ) ;
#2423 = DIRECTION ( 'NONE',  ( 1.000000000000000000, -2.084102870787569900E-015, 0.0000000000000000000 ) ) ;
#2424 = AXIS2_PLACEMENT_3D ( 'NONE', #234, #1621, #435 ) ;
#2425 = CARTESIAN_POINT ( 'NONE',  ( -1.268785434630338900, -1.373827013205532800, -2.478172782052593600 ) ) ;
#2426 = ORIENTED_EDGE ( 'NONE', *, *, #2298, .F. ) ;
#2427 = DIRECTION ( 'NONE',  ( 0.0000000000000000000, 0.0000000000000000000, -1.000000000000000000 ) ) ;
#2428 = VERTEX_POINT ( 'NONE', #471 ) ;
#2429 = CARTESIAN_POINT ( 'NONE',  ( 38.89989174012899300, 8.899891740128961000, 16.30000000000000100 ) ) ;
#2430 = CARTESIAN_POINT ( 'NONE',  ( -1.100000000000003600, 11.89999999999999900, 15.90000000000000000 ) ) ;
#2431 = AXIS2_PLACEMENT_3D ( 'NONE', #407, #1800, #605 ) ;
#2432 = AXIS2_PLACEMENT_3D ( 'NONE', #1750, #1951, #2548 ) ;
#2433 = EDGE_LOOP ( 'NONE', ( #1151, #1680, #1956 ) ) ;
#2434 = CARTESIAN_POINT ( 'NONE',  ( 2.299999999999999800, 1.700000000000000000, 22.30000000000000100 ) ) ;
#2435 = CARTESIAN_POINT ( 'NONE',  ( 34.74999999999999300, 1.699999999999990900, 15.90000000000000000 ) ) ;
#2436 = DIRECTION ( 'NONE',  ( -1.000000000000000000, 0.0000000000000000000, -0.0000000000000000000 ) ) ;
#2437 = EDGE_LOOP ( 'NONE', ( #2042, #1582 ) ) ;
#2438 = CARTESIAN_POINT ( 'NONE',  ( 35.29999999999999700, 14.40000000000000600, 22.30000000000000100 ) ) ;
#2439 = VECTOR ( 'NONE', #595, 1000.000000000000000 ) ;
#2440 = DIRECTION ( 'NONE',  ( 1.000000000000000000, 0.0000000000000000000, 0.0000000000000000000 ) ) ;
#2441 = PLANE ( 'NONE',  #1977 ) ;
#2442 = CYLINDRICAL_SURFACE ( 'NONE', #66, 0.5000000000000004400 ) ;
#2443 = CARTESIAN_POINT ( 'NONE',  ( 18.79999999999999000, 14.89989174012896100, 16.30000000000000100 ) ) ;
#2444 = LINE ( 'NONE', #69, #1851 ) ;
#2445 = FACE_OUTER_BOUND ( 'NONE', #62, .T. ) ;
#2446 = CIRCLE ( 'NONE', #962, 0.5000000000000000000 ) ;
#2447 = ORIENTED_EDGE ( 'NONE', *, *, #1504, .T. ) ;
#2448 = CARTESIAN_POINT ( 'NONE',  ( 38.97968085057603800, 25.00445295251382700, 16.29999999999999700 ) ) ;
#2449 = LINE ( 'NONE', #1048, #1921 ) ;
#2450 = EDGE_CURVE ( 'NONE', #607, #2369, #2385, .T. ) ;
#2451 = CARTESIAN_POINT ( 'NONE',  ( -1.257461387951649200, 25.09910226588621300, 16.30000000000000100 ) ) ;
#2452 = CARTESIAN_POINT ( 'NONE',  ( 38.89996789255076200, 25.49978348025792100, 16.30000000000000100 ) ) ;
#2453 = DIRECTION ( 'NONE',  ( 1.000000000000000000, -1.110223024625160000E-014, 0.0000000000000000000 ) ) ;
#2454 = ORIENTED_EDGE ( 'NONE', *, *, #1767, .T. ) ;
#2455 = EDGE_CURVE ( 'NONE', #1275, #151, #393, .T. ) ;
#2456 = ORIENTED_EDGE ( 'NONE', *, *, #487, .T. ) ;
#2457 = VERTEX_POINT ( 'NONE', #680 ) ;
#2458 = VERTEX_POINT ( 'NONE', #1875 ) ;
#2459 = STYLED_ITEM ( 'NONE', ( #2406 ), #1727 ) ;
#2460 = CARTESIAN_POINT ( 'NONE',  ( 0.2999999999999877800, -0.1001082598710329500, -2.799999999999999800 ) ) ;
#2461 = CARTESIAN_POINT ( 'NONE',  ( 38.40000000000000600, 15.39999999999999000, 16.30000000000000100 ) ) ;
#2462 = CARTESIAN_POINT ( 'NONE',  ( 38.86615926553042000, 24.84551158792651600, -2.799999999998614700 ) ) ;
#2463 = CARTESIAN_POINT ( 'NONE',  ( 38.57515136844367700, -1.375243091029249000, -2.304066572323181900 ) ) ;
#2464 = CARTESIAN_POINT ( 'NONE',  ( -1.799891740128970000, 25.29272671283799000, 16.30000000000000100 ) ) ;
#2465 = DIRECTION ( 'NONE',  ( -2.337311630789800200E-016, -1.000000000000000000, 0.0000000000000000000 ) ) ;
#2466 = CARTESIAN_POINT ( 'NONE',  ( -0.9751513684421644300, -0.8752596283131943700, -2.799999999999999800 ) ) ;
#2467 = EDGE_CURVE ( 'NONE', #1850, #1012, #2337, .T. ) ;
#2468 = CARTESIAN_POINT ( 'NONE',  ( 0.2999999999999904400, 23.89989174012896500, -2.600000000000000500 ) ) ;
#2469 = EDGE_CURVE ( 'NONE', #1422, #925, #272, .T. ) ;
#2470 = CARTESIAN_POINT ( 'NONE',  ( 38.57515136828061500, -0.8665804155756897700, -2.799924665590981300 ) ) ;
#2471 = PLANE ( 'NONE',  #1254 ) ;
#2472 = VECTOR ( 'NONE', #219, 1000.000000000000000 ) ;
#2473 = CARTESIAN_POINT ( 'NONE',  ( 1.750000000000003300, 20.69999999999999600, 16.30000000000000100 ) ) ;
#2474 = EDGE_CURVE ( 'NONE', #1555, #383, #1387, .T. ) ;
#2475 = FACE_OUTER_BOUND ( 'NONE', #2014, .T. ) ;
#2476 = CARTESIAN_POINT ( 'NONE',  ( 34.79999999999999700, 1.700000000000000000, 1.000000000000000000 ) ) ;
#2477 = DIRECTION ( 'NONE',  ( 0.0000000000000000000, -1.000000000000000000, 0.0000000000000000000 ) ) ;
#2478 = LINE ( 'NONE', #1577, #943 ) ;
#2479 = LINE ( 'NONE', #1860, #2405 ) ;
#2480 = CARTESIAN_POINT ( 'NONE',  ( 18.80000000000000400, -1.300000000000009600, 16.30000000000000100 ) ) ;
#2481 = CARTESIAN_POINT ( 'NONE',  ( 37.79999999999999000, -0.1001082598710400600, -2.799999999999999800 ) ) ;
#2482 = FACE_OUTER_BOUND ( 'NONE', #1018, .T. ) ;
#2483 = AXIS2_PLACEMENT_3D ( 'NONE', #2006, #816, #2217 ) ;
#2484 = DIRECTION ( 'NONE',  ( -0.01744974916068066000, -0.01744974916068252300, -0.9996954598818874600 ) ) ;
#2485 = EDGE_LOOP ( 'NONE', ( #2542, #779 ) ) ;
#2486 = ORIENTED_EDGE ( 'NONE', *, *, #539, .F. ) ;
#2487 = DIRECTION ( 'NONE',  ( -1.000000000000000000, 0.0000000000000000000, -0.0000000000000000000 ) ) ;
#2488 = EDGE_LOOP ( 'NONE', ( #863, #13, #98, #959 ) ) ;
#2489 = EDGE_CURVE ( 'NONE', #957, #2179, #1263, .T. ) ;
#2490 = DIRECTION ( 'NONE',  ( 1.000000000000000000, 0.0000000000000000000, 0.0000000000000000000 ) ) ;
#2491 = ADVANCED_FACE ( 'NONE', ( #1857 ), #672, .T. ) ;
#2492 = ORIENTED_EDGE ( 'NONE', *, *, #2450, .T. ) ;
#2493 = VERTEX_POINT ( 'NONE', #1289 ) ;
#2494 = ORIENTED_EDGE ( 'NONE', *, *, #1518, .T. ) ;
#2495 = ADVANCED_FACE ( 'NONE', ( #1199 ), #2471, .T. ) ;
#2496 = DIRECTION ( 'NONE',  ( 1.000000000000000000, 0.0000000000000000000, 0.0000000000000000000 ) ) ;
#2497 = EDGE_LOOP ( 'NONE', ( #1495, #185, #2047, #1731 ) ) ;
#2498 = ORIENTED_EDGE ( 'NONE', *, *, #489, .T. ) ;
#2499 = ORIENTED_EDGE ( 'NONE', *, *, #2164, .F. ) ;
#2500 = ADVANCED_FACE ( 'NONE', ( #204 ), #2095, .T. ) ;
#2501 = FACE_OUTER_BOUND ( 'NONE', #2280, .T. ) ;
#2502 = ADVANCED_FACE ( 'NONE', ( #145 ), #102, .T. ) ;
#2503 = CARTESIAN_POINT ( 'NONE',  ( 35.29999999999999700, 1.700000000000000000, 1.000000000000000000 ) ) ;
#2504 = EDGE_CURVE ( 'NONE', #2389, #1240, #1663, .T. ) ;
#2505 = FACE_OUTER_BOUND ( 'NONE', #1392, .T. ) ;
#2506 = CARTESIAN_POINT ( 'NONE',  ( 39.00000000000000700, 15.39999999999999000, 16.30000000000000100 ) ) ;
#2507 = CYLINDRICAL_SURFACE ( 'NONE', #1844, 0.4999999999999999400 ) ;
#2508 = CIRCLE ( 'NONE', #2551, 0.4999999999999999400 ) ;
#2509 = CARTESIAN_POINT ( 'NONE',  ( -0.9751513684421662100, 24.67504310857115300, -2.800000000000000700 ) ) ;
#2510 = FACE_OUTER_BOUND ( 'NONE', #1640, .T. ) ;
#2511 = VECTOR ( 'NONE', #843, 1000.000000000000100 ) ;
#2512 = LINE ( 'NONE', #260, #1978 ) ;
#2513 = DIRECTION ( 'NONE',  ( 1.000000000000000000, 0.0000000000000000000, 3.608473079635731100E-015 ) ) ;
#2514 = CARTESIAN_POINT ( 'NONE',  ( 1.800000000000000000, 20.69999999999999900, 1.000000000000000000 ) ) ;
#2515 = FILL_AREA_STYLE ('',( #524 ) ) ;
#2516 = VERTEX_POINT ( 'NONE', #313 ) ;
#2517 = ADVANCED_FACE ( 'NONE', ( #602 ), #2140, .T. ) ;
#2518 = AXIS2_PLACEMENT_3D ( 'NONE', #1563, #1960, #1167 ) ;
#2519 = ADVANCED_FACE ( 'NONE', ( #1732 ), #1105, .T. ) ;
#2520 = VERTEX_POINT ( 'NONE', #900 ) ;
#2521 = AXIS2_PLACEMENT_3D ( 'NONE', #1807, #619, #2007 ) ;
#2522 = EDGE_LOOP ( 'NONE', ( #1606, #1958, #1637, #2165 ) ) ;
#2523 = DIRECTION ( 'NONE',  ( -1.000000000000000000, 0.0000000000000000000, 0.0000000000000000000 ) ) ;
#2524 = EDGE_LOOP ( 'NONE', ( #401, #93, #1205, #963, #1704, #1242, #537, #747 ) ) ;
#2525 = ORIENTED_EDGE ( 'NONE', *, *, #2469, .F. ) ;
#2526 = CARTESIAN_POINT ( 'NONE',  ( 37.29999999999999000, 23.89989174012896500, -2.600000000000000500 ) ) ;
#2527 = DIRECTION ( 'NONE',  ( -0.0000000000000000000, -0.0000000000000000000, -1.000000000000000000 ) ) ;
#2528 = PLANE ( 'NONE',  #2306 ) ;
#2529 = CARTESIAN_POINT ( 'NONE',  ( 21.79999999999999400, -1.299999999999994700, 16.30000000000000100 ) ) ;
#2530 = FACE_OUTER_BOUND ( 'NONE', #157, .T. ) ;
#2531 = DIRECTION ( 'NONE',  ( 0.0006861828701230809300, -0.9992267729327848300, 0.03931139030105249000 ) ) ;
#2532 = VECTOR ( 'NONE', #2355, 1000.000000000000000 ) ;
#2533 = FACE_OUTER_BOUND ( 'NONE', #1360, .T. ) ;
#2534 = VERTEX_POINT ( 'NONE', #1700 ) ;
#2535 = EDGE_CURVE ( 'NONE', #193, #153, #1143, .T. ) ;
#2536 = LINE ( 'NONE', #2319, #1484 ) ;
#2537 = CARTESIAN_POINT ( 'NONE',  ( 1.750000000000003300, 20.69999999999999600, 15.90000000000000000 ) ) ;
#2538 = ORIENTED_EDGE ( 'NONE', *, *, #396, .F. ) ;
#2539 = DIRECTION ( 'NONE',  ( 1.000000000000000000, 0.0000000000000000000, 0.0000000000000000000 ) ) ;
#2540 = ORIENTED_EDGE ( 'NONE', *, *, #154, .T. ) ;
#2541 = DIRECTION ( 'NONE',  ( 1.000000000000000000, -0.0000000000000000000, 0.0000000000000000000 ) ) ;
#2542 = ORIENTED_EDGE ( 'NONE', *, *, #2345, .F. ) ;
#2543 = ORIENTED_EDGE ( 'NONE', *, *, #2455, .F. ) ;
#2544 = ORIENTED_EDGE ( 'NONE', *, *, #884, .T. ) ;
#2545 = EDGE_LOOP ( 'NONE', ( #584, #928, #2139, #73 ) ) ;
#2546 = DIRECTION ( 'NONE',  ( 0.0000000000000000000, 0.0000000000000000000, -1.000000000000000000 ) ) ;
#2547 = EDGE_CURVE ( 'NONE', #961, #648, #1595, .T. ) ;
#2548 = DIRECTION ( 'NONE',  ( 0.0000000000000000000, -0.9998476951563912700, -0.01745240643728341100 ) ) ;
#2549 = CARTESIAN_POINT ( 'NONE',  ( -1.399999999999991500, 11.89999999999999500, 16.30000000000000100 ) ) ;
#2550 = ORIENTED_EDGE ( 'NONE', *, *, #21, .T. ) ;
#2551 = AXIS2_PLACEMENT_3D ( 'NONE', #1232, #44, #1435 ) ;
#2552 = PLANE ( 'NONE',  #2251 ) ;
#2553 = ORIENTED_EDGE ( 'NONE', *, *, #298, .T. ) ;
#2554 = CARTESIAN_POINT ( 'NONE',  ( 18.79999999999999000, 14.89989174012896100, 16.30000000000000100 ) ) ;
#2555 = LINE ( 'NONE', #2043, #2029 ) ;
#2556 = AXIS2_PLACEMENT_3D ( 'NONE', #1361, #1558, #2162 ) ;
#2557 = CARTESIAN_POINT ( 'NONE',  ( 22.30000000000000100, -1.300000000000007800, 16.30000000000000100 ) ) ;
#2558 = VECTOR ( 'NONE', #1538, 1000.000000000000000 ) ;
#2559 = VECTOR ( 'NONE', #2044, 1000.000000000000200 ) ;
#2560 = DIRECTION ( 'NONE',  ( 0.8895552475922521300, 3.961561765371683000E-015, 0.4568276058658091200 ) ) ;
#2561 = CIRCLE ( 'NONE', #111, 0.5000000000000000000 ) ;
#2562 = VECTOR ( 'NONE', #184, 999.9999999999998900 ) ;
#2563 = CIRCLE ( 'NONE', #1398, 0.5500000000000018200 ) ;
#2564 = CARTESIAN_POINT ( 'NONE',  ( 2.299999999999999800, 20.69999999999999900, 1.000000000000000000 ) ) ;
#2565 = EDGE_LOOP ( 'NONE', ( #347, #1463, #256, #2486 ) ) ;
#2566 = DIRECTION ( 'NONE',  ( 1.804236539817866400E-015, 3.944304526105059000E-031, 1.000000000000000000 ) ) ;
#2567 = ORIENTED_EDGE ( 'NONE', *, *, #155, .F. ) ;
#2568 = ORIENTED_EDGE ( 'NONE', *, *, #1069, .F. ) ;
#2569 = VERTEX_POINT ( 'NONE', #2109 ) ;
#2570 = CARTESIAN_POINT ( 'NONE',  ( 38.99924885398476000, 15.39961397402565500, 16.29074224910911200 ) ) ;
#2571 = EDGE_CURVE ( 'NONE', #1930, #2288, #548, .T. ) ;
#2572 = ORIENTED_EDGE ( 'NONE', *, *, #809, .T. ) ;
#2573 = ORIENTED_EDGE ( 'NONE', *, *, #417, .F. ) ;
ENDSEC;
END-ISO-10303-21;
